  0
SECTION
  2
HEADER
  9
$ACADVER
  1
AC1032
  9
$ACADMAINTVER
 90
4
  9
$DWGCODEPAGE
  3
ANSI_1252
  9
$LASTSAVEDBY
  1
ezdxf
  9
$REQUIREDVERSIONS
160
0
  9
$INSBASE
 10
0.0
 20
0.0
 30
0.0
  9
$EXTMIN
 10
1e+20
 20
1e+20
 30
1e+20
  9
$EXTMAX
 10
-1e+20
 20
-1e+20
 30
-1e+20
  9
$LIMMIN
 10
0.0
 20
0.0
  9
$LIMMAX
 10
420.0
 20
297.0
  9
$ORTHOMODE
 70
0
  9
$REGENMODE
 70
1
  9
$FILLMODE
 70
1
  9
$QTEXTMODE
 70
0
  9
$MIRRTEXT
 70
1
  9
$LTSCALE
 40
1.0
  9
$ATTMODE
 70
1
  9
$TEXTSIZE
 40
2.5
  9
$TRACEWID
 40
1.0
  9
$TEXTSTYLE
  7
Standard
  9
$CLAYER
  8
0
  9
$CELTYPE
  6
ByLayer
  9
$CECOLOR
 62
256
  9
$CELTSCALE
 40
1.0
  9
$DISPSILH
 70
0
  9
$DIMSCALE
 40
1.0
  9
$DIMASZ
 40
2.5
  9
$DIMEXO
 40
0.625
  9
$DIMDLI
 40
3.75
  9
$DIMRND
 40
0.0
  9
$DIMDLE
 40
0.0
  9
$DIMEXE
 40
1.25
  9
$DIMTP
 40
0.0
  9
$DIMTM
 40
0.0
  9
$DIMTXT
 40
2.5
  9
$DIMCEN
 40
2.5
  9
$DIMTSZ
 40
0.0
  9
$DIMTOL
 70
0
  9
$DIMLIM
 70
0
  9
$DIMTIH
 70
0
  9
$DIMTOH
 70
0
  9
$DIMSE1
 70
0
  9
$DIMSE2
 70
0
  9
$DIMTAD
 70
1
  9
$DIMZIN
 70
8
  9
$DIMBLK
  1

  9
$DIMASO
 70
1
  9
$DIMSHO
 70
1
  9
$DIMPOST
  1

  9
$DIMAPOST
  1

  9
$DIMALT
 70
0
  9
$DIMALTD
 70
3
  9
$DIMALTF
 40
0.03937007874
  9
$DIMLFAC
 40
1.0
  9
$DIMTOFL
 70
1
  9
$DIMTVP
 40
0.0
  9
$DIMTIX
 70
0
  9
$DIMSOXD
 70
0
  9
$DIMSAH
 70
0
  9
$DIMBLK1
  1

  9
$DIMBLK2
  1

  9
$DIMSTYLE
  2
ISO-25
  9
$DIMCLRD
 70
0
  9
$DIMCLRE
 70
0
  9
$DIMCLRT
 70
0
  9
$DIMTFAC
 40
1.0
  9
$DIMGAP
 40
0.625
  9
$DIMJUST
 70
0
  9
$DIMSD1
 70
0
  9
$DIMSD2
 70
0
  9
$DIMTOLJ
 70
0
  9
$DIMTZIN
 70
8
  9
$DIMALTZ
 70
0
  9
$DIMALTTZ
 70
0
  9
$DIMUPT
 70
0
  9
$DIMDEC
 70
2
  9
$DIMTDEC
 70
2
  9
$DIMALTU
 70
2
  9
$DIMALTTD
 70
3
  9
$DIMTXSTY
  7
Standard
  9
$DIMAUNIT
 70
0
  9
$DIMADEC
 70
0
  9
$DIMALTRND
 40
0.0
  9
$DIMAZIN
 70
0
  9
$DIMDSEP
 70
44
  9
$DIMATFIT
 70
3
  9
$DIMFRAC
 70
0
  9
$DIMLDRBLK
  1

  9
$DIMLUNIT
 70
2
  9
$DIMLWD
 70
-2
  9
$DIMLWE
 70
-2
  9
$DIMTMOVE
 70
0
  9
$DIMFXL
 40
1.0
  9
$DIMFXLON
 70
0
  9
$DIMJOGANG
 40
0.785398163397
  9
$DIMTFILL
 70
0
  9
$DIMTFILLCLR
 70
0
  9
$DIMARCSYM
 70
0
  9
$DIMLTYPE
  6

  9
$DIMLTEX1
  6

  9
$DIMLTEX2
  6

  9
$DIMTXTDIRECTION
 70
0
  9
$LUNITS
 70
2
  9
$LUPREC
 70
4
  9
$SKETCHINC
 40
1.0
  9
$FILLETRAD
 40
10.0
  9
$AUNITS
 70
0
  9
$AUPREC
 70
2
  9
$MENU
  1
.
  9
$ELEVATION
 40
0.0
  9
$PELEVATION
 40
0.0
  9
$THICKNESS
 40
0.0
  9
$LIMCHECK
 70
0
  9
$CHAMFERA
 40
0.0
  9
$CHAMFERB
 40
0.0
  9
$CHAMFERC
 40
0.0
  9
$CHAMFERD
 40
0.0
  9
$SKPOLY
 70
0
  9
$TDCREATE
 40
2461302.336550926
  9
$TDUCREATE
 40
2458532.153996898
  9
$TDUPDATE
 40
2461302.336550926
  9
$TDUUPDATE
 40
2458532.1544311
  9
$TDINDWG
 40
0.0
  9
$TDUSRTIMER
 40
0.0
  9
$USRTIMER
 70
1
  9
$ANGBASE
 50
0.0
  9
$ANGDIR
 70
0
  9
$PDMODE
 70
0
  9
$PDSIZE
 40
0.0
  9
$PLINEWID
 40
0.0
  9
$SPLFRAME
 70
0
  9
$SPLINETYPE
 70
6
  9
$SPLINESEGS
 70
8
  9
$HANDSEED
  5
131
  9
$SURFTAB1
 70
6
  9
$SURFTAB2
 70
6
  9
$SURFTYPE
 70
6
  9
$SURFU
 70
6
  9
$SURFV
 70
6
  9
$UCSBASE
  2

  9
$UCSNAME
  2

  9
$UCSORG
 10
0.0
 20
0.0
 30
0.0
  9
$UCSXDIR
 10
1.0
 20
0.0
 30
0.0
  9
$UCSYDIR
 10
0.0
 20
1.0
 30
0.0
  9
$UCSORTHOREF
  2

  9
$UCSORTHOVIEW
 70
0
  9
$UCSORGTOP
 10
0.0
 20
0.0
 30
0.0
  9
$UCSORGBOTTOM
 10
0.0
 20
0.0
 30
0.0
  9
$UCSORGLEFT
 10
0.0
 20
0.0
 30
0.0
  9
$UCSORGRIGHT
 10
0.0
 20
0.0
 30
0.0
  9
$UCSORGFRONT
 10
0.0
 20
0.0
 30
0.0
  9
$UCSORGBACK
 10
0.0
 20
0.0
 30
0.0
  9
$PUCSBASE
  2

  9
$PUCSNAME
  2

  9
$PUCSORG
 10
0.0
 20
0.0
 30
0.0
  9
$PUCSXDIR
 10
1.0
 20
0.0
 30
0.0
  9
$PUCSYDIR
 10
0.0
 20
1.0
 30
0.0
  9
$PUCSORTHOREF
  2

  9
$PUCSORTHOVIEW
 70
0
  9
$PUCSORGTOP
 10
0.0
 20
0.0
 30
0.0
  9
$PUCSORGBOTTOM
 10
0.0
 20
0.0
 30
0.0
  9
$PUCSORGLEFT
 10
0.0
 20
0.0
 30
0.0
  9
$PUCSORGRIGHT
 10
0.0
 20
0.0
 30
0.0
  9
$PUCSORGFRONT
 10
0.0
 20
0.0
 30
0.0
  9
$PUCSORGBACK
 10
0.0
 20
0.0
 30
0.0
  9
$USERI1
 70
0
  9
$USERI2
 70
0
  9
$USERI3
 70
0
  9
$USERI4
 70
0
  9
$USERI5
 70
0
  9
$USERR1
 40
0.0
  9
$USERR2
 40
0.0
  9
$USERR3
 40
0.0
  9
$USERR4
 40
0.0
  9
$USERR5
 40
0.0
  9
$WORLDVIEW
 70
1
  9
$SHADEDGE
 70
3
  9
$SHADEDIF
 70
70
  9
$TILEMODE
 70
1
  9
$MAXACTVP
 70
64
  9
$PINSBASE
 10
0.0
 20
0.0
 30
0.0
  9
$PLIMCHECK
 70
0
  9
$PEXTMIN
 10
1e+20
 20
1e+20
 30
1e+20
  9
$PEXTMAX
 10
-1e+20
 20
-1e+20
 30
-1e+20
  9
$PLIMMIN
 10
0.0
 20
0.0
  9
$PLIMMAX
 10
420.0
 20
297.0
  9
$UNITMODE
 70
0
  9
$VISRETAIN
 70
1
  9
$PLINEGEN
 70
0
  9
$PSLTSCALE
 70
1
  9
$TREEDEPTH
 70
3020
  9
$CMLSTYLE
  2
Standard
  9
$CMLJUST
 70
0
  9
$CMLSCALE
 40
20.0
  9
$PROXYGRAPHICS
 70
1
  9
$MEASUREMENT
 70
1
  9
$CELWEIGHT
370
-1
  9
$ENDCAPS
280
0
  9
$JOINSTYLE
280
0
  9
$LWDISPLAY
290
0
  9
$INSUNITS
 70
6
  9
$HYPERLINKBASE
  1

  9
$STYLESHEET
  1

  9
$XEDIT
290
1
  9
$CEPSNTYPE
380
0
  9
$PSTYLEMODE
290
1
  9
$FINGERPRINTGUID
  2
{6593F440-4DC0-41DF-95E8-E4AA208A687A}
  9
$VERSIONGUID
  2
{6F795C8B-348F-4102-B4B4-646DA8670251}
  9
$EXTNAMES
290
1
  9
$PSVPSCALE
 40
0.0
  9
$OLESTARTUP
290
0
  9
$SORTENTS
280
127
  9
$INDEXCTL
280
0
  9
$HIDETEXT
280
1
  9
$XCLIPFRAME
280
1
  9
$HALOGAP
280
0
  9
$OBSCOLOR
 70
257
  9
$OBSLTYPE
280
0
  9
$INTERSECTIONDISPLAY
280
0
  9
$INTERSECTIONCOLOR
 70
257
  9
$DIMASSOC
280
2
  9
$PROJECTNAME
  1

  9
$CAMERADISPLAY
290
0
  9
$LENSLENGTH
 40
50.0
  9
$CAMERAHEIGHT
 40
0.0
  9
$STEPSPERSEC
 40
24.0
  9
$STEPSIZE
 40
100.0
  9
$3DDWFPREC
 40
2.0
  9
$PSOLWIDTH
 40
0.005
  9
$PSOLHEIGHT
 40
0.08
  9
$LOFTANG1
 40
1.570796326795
  9
$LOFTANG2
 40
1.570796326795
  9
$LOFTMAG1
 40
0.0
  9
$LOFTMAG2
 40
0.0
  9
$LOFTPARAM
 70
7
  9
$LOFTNORMALS
280
1
  9
$LATITUDE
 40
37.795
  9
$LONGITUDE
 40
-122.394
  9
$NORTHDIRECTION
 40
0.0
  9
$TIMEZONE
 70
-8000
  9
$LIGHTGLYPHDISPLAY
280
1
  9
$TILEMODELIGHTSYNCH
280
1
  9
$CMATERIAL
347
20
  9
$SOLIDHIST
280
0
  9
$SHOWHIST
280
1
  9
$DWFFRAME
280
2
  9
$DGNFRAME
280
2
  9
$REALWORLDSCALE
290
1
  9
$INTERFERECOLOR
 62
256
  9
$CSHADOW
280
0
  9
$SHADOWPLANELOCATION
 40
0.0
  0
ENDSEC
  0
SECTION
  2
CLASSES
  0
CLASS
  1
ACDBDICTIONARYWDFLT
  2
AcDbDictionaryWithDefault
  3
ObjectDBX Classes
 90
0
 91
0
280
0
281
0
  0
CLASS
  1
SUN
  2
AcDbSun
  3
SCENEOE
 90
1153
 91
0
280
0
281
0
  0
CLASS
  1
VISUALSTYLE
  2
AcDbVisualStyle
  3
ObjectDBX Classes
 90
4095
 91
0
280
0
281
0
  0
CLASS
  1
MATERIAL
  2
AcDbMaterial
  3
ObjectDBX Classes
 90
1153
 91
0
280
0
281
0
  0
CLASS
  1
SCALE
  2
AcDbScale
  3
ObjectDBX Classes
 90
1153
 91
0
280
0
281
0
  0
CLASS
  1
TABLESTYLE
  2
AcDbTableStyle
  3
ObjectDBX Classes
 90
4095
 91
0
280
0
281
0
  0
CLASS
  1
MLEADERSTYLE
  2
AcDbMLeaderStyle
  3
ACDB_MLEADERSTYLE_CLASS
 90
4095
 91
0
280
0
281
0
  0
CLASS
  1
DICTIONARYVAR
  2
AcDbDictionaryVar
  3
ObjectDBX Classes
 90
0
 91
0
280
0
281
0
  0
CLASS
  1
CELLSTYLEMAP
  2
AcDbCellStyleMap
  3
ObjectDBX Classes
 90
1152
 91
0
280
0
281
0
  0
CLASS
  1
MENTALRAYRENDERSETTINGS
  2
AcDbMentalRayRenderSettings
  3
SCENEOE
 90
1024
 91
0
280
0
281
0
  0
CLASS
  1
ACDBDETAILVIEWSTYLE
  2
AcDbDetailViewStyle
  3
ObjectDBX Classes
 90
1025
 91
0
280
0
281
0
  0
CLASS
  1
ACDBSECTIONVIEWSTYLE
  2
AcDbSectionViewStyle
  3
ObjectDBX Classes
 90
1025
 91
0
280
0
281
0
  0
CLASS
  1
RASTERVARIABLES
  2
AcDbRasterVariables
  3
ISM
 90
0
 91
0
280
0
281
0
  0
CLASS
  1
LAYOUT
  2
AcDbLayout
  3
ObjectDBX Classes
 90
0
 91
0
280
0
281
0
  0
CLASS
  1
ACDBPLACEHOLDER
  2
AcDbPlaceHolder
  3
ObjectDBX Classes
 90
0
 91
0
280
0
281
0
  0
ENDSEC
  0
SECTION
  2
TABLES
  0
TABLE
  2
VPORT
  5
8
330
0
100
AcDbSymbolTable
 70
1
  0
VPORT
  5
23
330
8
100
AcDbSymbolTableRecord
100
AcDbViewportTableRecord
  2
*Active
 70
0
 10
0.0
 20
0.0
 11
1.0
 21
1.0
 12
0.0
 22
0.0
 13
0.0
 23
0.0
 14
0.5
 24
0.5
 15
0.5
 25
0.5
 16
0.0
 26
0.0
 36
1.0
 17
0.0
 27
0.0
 37
0.0
 40
1000.0
 41
1.34
 42
50.0
 43
0.0
 44
0.0
 50
0.0
 51
0.0
 71
0
 72
1000
 73
1
 74
3
 75
0
 76
0
 77
0
 78
0
281
0
 65
0
146
0.0
  0
ENDTAB
  0
TABLE
  2
LTYPE
  5
2
330
0
100
AcDbSymbolTable
 70
3
  0
LTYPE
  5
24
330
2
100
AcDbSymbolTableRecord
100
AcDbLinetypeTableRecord
  2
ByBlock
 70
0
  3

 72
65
 73
0
 40
0.0
  0
LTYPE
  5
25
330
2
100
AcDbSymbolTableRecord
100
AcDbLinetypeTableRecord
  2
ByLayer
 70
0
  3

 72
65
 73
0
 40
0.0
  0
LTYPE
  5
26
330
2
100
AcDbSymbolTableRecord
100
AcDbLinetypeTableRecord
  2
Continuous
 70
0
  3

 72
65
 73
0
 40
0.0
  0
ENDTAB
  0
TABLE
  2
LAYER
  5
1
330
0
100
AcDbSymbolTable
 70
20
  0
LAYER
  5
27
330
1
100
AcDbSymbolTableRecord
100
AcDbLayerTableRecord
  2
0
 70
0
 62
7
  6
Continuous
370
-3
390
13
347
21
  0
LAYER
  5
28
330
1
100
AcDbSymbolTableRecord
100
AcDbLayerTableRecord
  2
Defpoints
 70
0
 62
7
  6
Continuous
290
0
370
-3
390
13
347
21
  0
LAYER
  5
2F
330
1
100
AcDbSymbolTableRecord
100
AcDbLayerTableRecord
  2
CHASSIS
 70
0
 62
4
  6
Continuous
370
-3
390
13
347
21
  0
LAYER
  5
30
330
1
100
AcDbSymbolTableRecord
100
AcDbLayerTableRecord
  2
WHEELS
 70
0
 62
8
  6
Continuous
370
-3
390
13
347
21
  0
LAYER
  5
31
330
1
100
AcDbSymbolTableRecord
100
AcDbLayerTableRecord
  2
MOTORS
 70
0
 62
6
  6
Continuous
370
-3
390
13
347
21
  0
LAYER
  5
32
330
1
100
AcDbSymbolTableRecord
100
AcDbLayerTableRecord
  2
CAMERA
 70
0
 62
4
  6
Continuous
370
-3
390
13
347
21
  0
LAYER
  5
33
330
1
100
AcDbSymbolTableRecord
100
AcDbLayerTableRecord
  2
SOIL_PROBE
 70
0
 62
2
  6
Continuous
370
-3
390
13
347
21
  0
LAYER
  5
34
330
1
100
AcDbSymbolTableRecord
100
AcDbLayerTableRecord
  2
SENSORS
 70
0
 62
3
  6
Continuous
370
-3
390
13
347
21
  0
LAYER
  5
35
330
1
100
AcDbSymbolTableRecord
100
AcDbLayerTableRecord
  2
ELECTRONICS
 70
0
 62
5
  6
Continuous
370
-3
390
13
347
21
  0
LAYER
  5
36
330
1
100
AcDbSymbolTableRecord
100
AcDbLayerTableRecord
  2
BATTERY
 70
0
 62
30
  6
Continuous
370
-3
390
13
347
21
  0
LAYER
  5
37
330
1
100
AcDbSymbolTableRecord
100
AcDbLayerTableRecord
  2
NAVIGATION
 70
0
 62
7
  6
Continuous
370
-3
390
13
347
21
  0
LAYER
  5
38
330
1
100
AcDbSymbolTableRecord
100
AcDbLayerTableRecord
  2
DRONE_DOCK
 70
0
 62
140
  6
Continuous
370
-3
390
13
347
21
  0
LAYER
  5
39
330
1
100
AcDbSymbolTableRecord
100
AcDbLayerTableRecord
  2
DRONE
 70
0
 62
1
  6
Continuous
370
-3
390
13
347
21
  0
LAYER
  5
3A
330
1
100
AcDbSymbolTableRecord
100
AcDbLayerTableRecord
  2
FASTENERS
 70
0
 62
9
  6
Continuous
370
-3
390
13
347
21
  0
LAYER
  5
3B
330
1
100
AcDbSymbolTableRecord
100
AcDbLayerTableRecord
  2
CABLES
 70
0
 62
40
  6
Continuous
370
-3
390
13
347
21
  0
LAYER
  5
3C
330
1
100
AcDbSymbolTableRecord
100
AcDbLayerTableRecord
  2
DIMENSIONS
 70
0
 62
1
  6
Continuous
370
-3
390
13
347
21
  0
LAYER
  5
3D
330
1
100
AcDbSymbolTableRecord
100
AcDbLayerTableRecord
  2
CENTERLINES
 70
0
 62
1
  6
Continuous
370
-3
390
13
347
21
  0
LAYER
  5
3E
330
1
100
AcDbSymbolTableRecord
100
AcDbLayerTableRecord
  2
HIDDEN_LINES
 70
0
 62
8
  6
Continuous
370
-3
390
13
347
21
  0
LAYER
  5
3F
330
1
100
AcDbSymbolTableRecord
100
AcDbLayerTableRecord
  2
SAFETY
 70
0
 62
1
  6
Continuous
370
-3
390
13
347
21
  0
LAYER
  5
40
330
1
100
AcDbSymbolTableRecord
100
AcDbLayerTableRecord
  2
NOTES
 70
0
 62
7
  6
Continuous
370
-3
390
13
347
21
  0
ENDTAB
  0
TABLE
  2
STYLE
  5
5
330
0
100
AcDbSymbolTable
 70
1
  0
STYLE
  5
29
330
5
100
AcDbSymbolTableRecord
100
AcDbTextStyleTableRecord
  2
Standard
 70
0
 40
0.0
 41
1.0
 50
0.0
 71
0
 42
2.5
  3
txt
  4

  0
ENDTAB
  0
TABLE
  2
VIEW
  5
7
330
0
100
AcDbSymbolTable
 70
0
  0
ENDTAB
  0
TABLE
  2
UCS
  5
6
330
0
100
AcDbSymbolTable
 70
0
  0
ENDTAB
  0
TABLE
  2
APPID
  5
3
330
0
100
AcDbSymbolTable
 70
3
  0
APPID
  5
2A
330
3
100
AcDbSymbolTableRecord
100
AcDbRegAppTableRecord
  2
ACAD
 70
0
  0
APPID
  5
12E
330
3
100
AcDbSymbolTableRecord
100
AcDbRegAppTableRecord
  2
HATCHBACKGROUNDCOLOR
 70
0
  0
APPID
  5
12F
330
3
100
AcDbSymbolTableRecord
100
AcDbRegAppTableRecord
  2
EZDXF
 70
0
  0
ENDTAB
  0
TABLE
  2
DIMSTYLE
  5
4
330
0
100
AcDbSymbolTable
 70
1
100
AcDbDimStyleTable
  0
DIMSTYLE
105
2B
330
4
100
AcDbSymbolTableRecord
100
AcDbDimStyleTableRecord
  2
Standard
 70
0
 40
1.0
 41
2.5
 42
0.625
 43
3.75
 44
1.25
 45
0.0
 46
0.0
 47
0.0
 48
0.0
 49
2.5
140
2.5
141
2.5
142
0.0
143
0.03937007874
144
1.0
145
0.0
146
1.0
147
0.625
148
0.0
 69
0
 70
0
 71
0
 72
0
 73
0
 74
0
 75
0
 76
0
 77
1
 78
8
 79
3
170
0
171
3
172
1
173
0
174
0
175
0
176
0
177
0
178
0
179
2
271
2
272
2
273
2
274
3
275
0
276
0
277
2
278
44
279
0
280
0
281
0
282
0
283
0
284
8
285
0
286
0
288
0
289
3
290
0
371
-2
372
-2
  0
ENDTAB
  0
TABLE
  2
BLOCK_RECORD
  5
9
330
0
100
AcDbSymbolTable
 70
2
  0
BLOCK_RECORD
  5
17
330
9
100
AcDbSymbolTableRecord
100
AcDbBlockTableRecord
  2
*Model_Space
340
1A
 70
0
280
1
281
0
  0
BLOCK_RECORD
  5
1B
330
9
100
AcDbSymbolTableRecord
100
AcDbBlockTableRecord
  2
*Paper_Space
340
1E
 70
0
280
1
281
0
  0
ENDTAB
  0
ENDSEC
  0
SECTION
  2
BLOCKS
  0
BLOCK
  5
18
330
17
100
AcDbEntity
  8
0
100
AcDbBlockBegin
  2
*Model_Space
 70
0
 10
0.0
 20
0.0
 30
0.0
  3
*Model_Space
  1

  0
ENDBLK
  5
19
330
17
100
AcDbEntity
  8
0
100
AcDbBlockEnd
  0
BLOCK
  5
1C
330
1B
100
AcDbEntity
  8
0
100
AcDbBlockBegin
  2
*Paper_Space
 70
0
 10
0.0
 20
0.0
 30
0.0
  3
*Paper_Space
  1

  0
ENDBLK
  5
1D
330
1B
100
AcDbEntity
  8
0
100
AcDbBlockEnd
  0
ENDSEC
  0
SECTION
  2
ENTITIES
  0
MESH
  5
41
330
17
100
AcDbEntity
  8
CHASSIS
100
AcDbSubDMesh
 71
2
 72
0
 91
0
 92
8
 10
-310.0
 20
-170.0
 30
420.0
 10
310.0
 20
-170.0
 30
420.0
 10
310.0
 20
170.0
 30
420.0
 10
-310.0
 20
170.0
 30
420.0
 10
-310.0
 20
-170.0
 30
490.0
 10
310.0
 20
-170.0
 30
490.0
 10
310.0
 20
170.0
 30
490.0
 10
-310.0
 20
170.0
 30
490.0
 93
30
 90
4
 90
0
 90
3
 90
2
 90
1
 90
4
 90
4
 90
5
 90
6
 90
7
 90
4
 90
0
 90
1
 90
5
 90
4
 90
4
 90
1
 90
2
 90
6
 90
5
 90
4
 90
2
 90
3
 90
7
 90
6
 90
4
 90
3
 90
0
 90
4
 90
7
 94
0
 95
0
 90
0
  0
MESH
  5
42
330
17
100
AcDbEntity
  8
CHASSIS
100
AcDbSubDMesh
 71
2
 72
0
 91
0
 92
8
 10
-315.0
 20
-175.0
 30
415.0
 10
315.0
 20
-175.0
 30
415.0
 10
315.0
 20
175.0
 30
415.0
 10
-315.0
 20
175.0
 30
415.0
 10
-315.0
 20
-175.0
 30
420.0
 10
315.0
 20
-175.0
 30
420.0
 10
315.0
 20
175.0
 30
420.0
 10
-315.0
 20
175.0
 30
420.0
 93
30
 90
4
 90
0
 90
3
 90
2
 90
1
 90
4
 90
4
 90
5
 90
6
 90
7
 90
4
 90
0
 90
1
 90
5
 90
4
 90
4
 90
1
 90
2
 90
6
 90
5
 90
4
 90
2
 90
3
 90
7
 90
6
 90
4
 90
3
 90
0
 90
4
 90
7
 94
0
 95
0
 90
0
  0
MESH
  5
43
330
17
100
AcDbEntity
  8
CHASSIS
100
AcDbSubDMesh
 71
2
 72
0
 91
0
 92
8
 10
-330.0
 20
-195.0
 30
490.0
 10
330.0
 20
-195.0
 30
490.0
 10
330.0
 20
195.0
 30
490.0
 10
-330.0
 20
195.0
 30
490.0
 10
-330.0
 20
-195.0
 30
570.0
 10
330.0
 20
-195.0
 30
570.0
 10
330.0
 20
195.0
 30
570.0
 10
-330.0
 20
195.0
 30
570.0
 93
30
 90
4
 90
0
 90
3
 90
2
 90
1
 90
4
 90
4
 90
5
 90
6
 90
7
 90
4
 90
0
 90
1
 90
5
 90
4
 90
4
 90
1
 90
2
 90
6
 90
5
 90
4
 90
2
 90
3
 90
7
 90
6
 90
4
 90
3
 90
0
 90
4
 90
7
 94
0
 95
0
 90
0
  0
MESH
  5
44
330
17
100
AcDbEntity
  8
CHASSIS
100
AcDbSubDMesh
 71
2
 72
0
 91
0
 92
8
 10
-290.0
 20
-140.0
 30
570.0
 10
290.0
 20
-140.0
 30
570.0
 10
290.0
 20
140.0
 30
570.0
 10
-290.0
 20
140.0
 30
570.0
 10
-290.0
 20
-140.0
 30
670.0
 10
290.0
 20
-140.0
 30
670.0
 10
290.0
 20
140.0
 30
670.0
 10
-290.0
 20
140.0
 30
670.0
 93
30
 90
4
 90
0
 90
3
 90
2
 90
1
 90
4
 90
4
 90
5
 90
6
 90
7
 90
4
 90
0
 90
1
 90
5
 90
4
 90
4
 90
1
 90
2
 90
6
 90
5
 90
4
 90
2
 90
3
 90
7
 90
6
 90
4
 90
3
 90
0
 90
4
 90
7
 94
0
 95
0
 90
0
  0
MESH
  5
45
330
17
100
AcDbEntity
  8
CHASSIS
100
AcDbSubDMesh
 71
2
 72
0
 91
0
 92
8
 10
-280.0
 20
135.0
 30
570.0
 10
280.0
 20
135.0
 30
570.0
 10
280.0
 20
185.0
 30
570.0
 10
-280.0
 20
185.0
 30
570.0
 10
-280.0
 20
135.0
 30
640.0
 10
280.0
 20
135.0
 30
640.0
 10
280.0
 20
185.0
 30
640.0
 10
-280.0
 20
185.0
 30
640.0
 93
30
 90
4
 90
0
 90
3
 90
2
 90
1
 90
4
 90
4
 90
5
 90
6
 90
7
 90
4
 90
0
 90
1
 90
5
 90
4
 90
4
 90
1
 90
2
 90
6
 90
5
 90
4
 90
2
 90
3
 90
7
 90
6
 90
4
 90
3
 90
0
 90
4
 90
7
 94
0
 95
0
 90
0
  0
MESH
  5
46
330
17
100
AcDbEntity
  8
CHASSIS
100
AcDbSubDMesh
 71
2
 72
0
 91
0
 92
8
 10
-280.0
 20
-185.0
 30
570.0
 10
280.0
 20
-185.0
 30
570.0
 10
280.0
 20
-135.0
 30
570.0
 10
-280.0
 20
-135.0
 30
570.0
 10
-280.0
 20
-185.0
 30
640.0
 10
280.0
 20
-185.0
 30
640.0
 10
280.0
 20
-135.0
 30
640.0
 10
-280.0
 20
-135.0
 30
640.0
 93
30
 90
4
 90
0
 90
3
 90
2
 90
1
 90
4
 90
4
 90
5
 90
6
 90
7
 90
4
 90
0
 90
1
 90
5
 90
4
 90
4
 90
1
 90
2
 90
6
 90
5
 90
4
 90
2
 90
3
 90
7
 90
6
 90
4
 90
3
 90
0
 90
4
 90
7
 94
0
 95
0
 90
0
  0
MESH
  5
47
330
17
100
AcDbEntity
  8
SAFETY
100
AcDbSubDMesh
 71
2
 72
0
 91
0
 92
8
 10
330.0
 20
-185.0
 30
552.0
 10
338.0
 20
-185.0
 30
552.0
 10
338.0
 20
185.0
 30
552.0
 10
330.0
 20
185.0
 30
552.0
 10
330.0
 20
-185.0
 30
568.0
 10
338.0
 20
-185.0
 30
568.0
 10
338.0
 20
185.0
 30
568.0
 10
330.0
 20
185.0
 30
568.0
 93
30
 90
4
 90
0
 90
3
 90
2
 90
1
 90
4
 90
4
 90
5
 90
6
 90
7
 90
4
 90
0
 90
1
 90
5
 90
4
 90
4
 90
1
 90
2
 90
6
 90
5
 90
4
 90
2
 90
3
 90
7
 90
6
 90
4
 90
3
 90
0
 90
4
 90
7
 94
0
 95
0
 90
0
  0
MESH
  5
48
330
17
100
AcDbEntity
  8
SAFETY
100
AcDbSubDMesh
 71
2
 72
0
 91
0
 92
8
 10
328.0
 20
-118.0
 30
460.0
 10
336.0
 20
-118.0
 30
460.0
 10
336.0
 20
-102.0
 30
460.0
 10
328.0
 20
-102.0
 30
460.0
 10
328.0
 20
-118.0
 30
520.0
 10
336.0
 20
-118.0
 30
520.0
 10
336.0
 20
-102.0
 30
520.0
 10
328.0
 20
-102.0
 30
520.0
 93
30
 90
4
 90
0
 90
3
 90
2
 90
1
 90
4
 90
4
 90
5
 90
6
 90
7
 90
4
 90
0
 90
1
 90
5
 90
4
 90
4
 90
1
 90
2
 90
6
 90
5
 90
4
 90
2
 90
3
 90
7
 90
6
 90
4
 90
3
 90
0
 90
4
 90
7
 94
0
 95
0
 90
0
  0
MESH
  5
49
330
17
100
AcDbEntity
  8
SAFETY
100
AcDbSubDMesh
 71
2
 72
0
 91
0
 92
8
 10
328.0
 20
102.0
 30
460.0
 10
336.0
 20
102.0
 30
460.0
 10
336.0
 20
118.0
 30
460.0
 10
328.0
 20
118.0
 30
460.0
 10
328.0
 20
102.0
 30
520.0
 10
336.0
 20
102.0
 30
520.0
 10
336.0
 20
118.0
 30
520.0
 10
328.0
 20
118.0
 30
520.0
 93
30
 90
4
 90
0
 90
3
 90
2
 90
1
 90
4
 90
4
 90
5
 90
6
 90
7
 90
4
 90
0
 90
1
 90
5
 90
4
 90
4
 90
1
 90
2
 90
6
 90
5
 90
4
 90
2
 90
3
 90
7
 90
6
 90
4
 90
3
 90
0
 90
4
 90
7
 94
0
 95
0
 90
0
  0
MESH
  5
4A
330
17
100
AcDbEntity
  8
CHASSIS
100
AcDbSubDMesh
 71
2
 72
0
 91
0
 92
34
 10
355.0
 20
-160.0
 30
445.0
 10
355.0
 20
160.0
 30
445.0
 10
369.0
 20
-160.0
 30
445.0
 10
367.934313455158
 20
-160.0
 30
450.35756805311127
 10
364.8994949366117
 20
-160.0
 30
454.8994949366117
 10
360.35756805311127
 20
-160.0
 30
457.934313455158
 10
355.0
 20
-160.0
 30
459.0
 10
349.64243194688873
 20
-160.0
 30
457.934313455158
 10
345.1005050633883
 20
-160.0
 30
454.8994949366117
 10
342.065686544842
 20
-160.0
 30
450.35756805311127
 10
341.0
 20
-160.0
 30
445.0
 10
342.065686544842
 20
-160.0
 30
439.64243194688873
 10
345.1005050633883
 20
-160.0
 30
435.1005050633883
 10
349.64243194688873
 20
-160.0
 30
432.065686544842
 10
355.0
 20
-160.0
 30
431.0
 10
360.35756805311127
 20
-160.0
 30
432.065686544842
 10
364.8994949366117
 20
-160.0
 30
435.1005050633883
 10
367.934313455158
 20
-160.0
 30
439.64243194688873
 10
369.0
 20
160.0
 30
445.0
 10
367.934313455158
 20
160.0
 30
450.35756805311127
 10
364.8994949366117
 20
160.0
 30
454.8994949366117
 10
360.35756805311127
 20
160.0
 30
457.934313455158
 10
355.0
 20
160.0
 30
459.0
 10
349.64243194688873
 20
160.0
 30
457.934313455158
 10
345.1005050633883
 20
160.0
 30
454.8994949366117
 10
342.065686544842
 20
160.0
 30
450.35756805311127
 10
341.0
 20
160.0
 30
445.0
 10
342.065686544842
 20
160.0
 30
439.64243194688873
 10
345.1005050633883
 20
160.0
 30
435.1005050633883
 10
349.64243194688873
 20
160.0
 30
432.065686544842
 10
355.0
 20
160.0
 30
431.0
 10
360.35756805311127
 20
160.0
 30
432.065686544842
 10
364.8994949366117
 20
160.0
 30
435.1005050633883
 10
367.934313455158
 20
160.0
 30
439.64243194688873
 93
208
 90
3
 90
0
 90
3
 90
2
 90
3
 90
1
 90
18
 90
19
 90
4
 90
2
 90
3
 90
19
 90
18
 90
3
 90
0
 90
4
 90
3
 90
3
 90
1
 90
19
 90
20
 90
4
 90
3
 90
4
 90
20
 90
19
 90
3
 90
0
 90
5
 90
4
 90
3
 90
1
 90
20
 90
21
 90
4
 90
4
 90
5
 90
21
 90
20
 90
3
 90
0
 90
6
 90
5
 90
3
 90
1
 90
21
 90
22
 90
4
 90
5
 90
6
 90
22
 90
21
 90
3
 90
0
 90
7
 90
6
 90
3
 90
1
 90
22
 90
23
 90
4
 90
6
 90
7
 90
23
 90
22
 90
3
 90
0
 90
8
 90
7
 90
3
 90
1
 90
23
 90
24
 90
4
 90
7
 90
8
 90
24
 90
23
 90
3
 90
0
 90
9
 90
8
 90
3
 90
1
 90
24
 90
25
 90
4
 90
8
 90
9
 90
25
 90
24
 90
3
 90
0
 90
10
 90
9
 90
3
 90
1
 90
25
 90
26
 90
4
 90
9
 90
10
 90
26
 90
25
 90
3
 90
0
 90
11
 90
10
 90
3
 90
1
 90
26
 90
27
 90
4
 90
10
 90
11
 90
27
 90
26
 90
3
 90
0
 90
12
 90
11
 90
3
 90
1
 90
27
 90
28
 90
4
 90
11
 90
12
 90
28
 90
27
 90
3
 90
0
 90
13
 90
12
 90
3
 90
1
 90
28
 90
29
 90
4
 90
12
 90
13
 90
29
 90
28
 90
3
 90
0
 90
14
 90
13
 90
3
 90
1
 90
29
 90
30
 90
4
 90
13
 90
14
 90
30
 90
29
 90
3
 90
0
 90
15
 90
14
 90
3
 90
1
 90
30
 90
31
 90
4
 90
14
 90
15
 90
31
 90
30
 90
3
 90
0
 90
16
 90
15
 90
3
 90
1
 90
31
 90
32
 90
4
 90
15
 90
16
 90
32
 90
31
 90
3
 90
0
 90
17
 90
16
 90
3
 90
1
 90
32
 90
33
 90
4
 90
16
 90
17
 90
33
 90
32
 90
3
 90
0
 90
2
 90
17
 90
3
 90
1
 90
33
 90
18
 90
4
 90
17
 90
2
 90
18
 90
33
 94
0
 95
0
 90
0
  0
MESH
  5
4B
330
17
100
AcDbEntity
  8
CHASSIS
100
AcDbSubDMesh
 71
2
 72
0
 91
0
 92
8
 10
325.0
 20
-122.0
 30
435.0
 10
355.0
 20
-122.0
 30
435.0
 10
355.0
 20
-98.0
 30
435.0
 10
325.0
 20
-98.0
 30
435.0
 10
325.0
 20
-122.0
 30
465.0
 10
355.0
 20
-122.0
 30
465.0
 10
355.0
 20
-98.0
 30
465.0
 10
325.0
 20
-98.0
 30
465.0
 93
30
 90
4
 90
0
 90
3
 90
2
 90
1
 90
4
 90
4
 90
5
 90
6
 90
7
 90
4
 90
0
 90
1
 90
5
 90
4
 90
4
 90
1
 90
2
 90
6
 90
5
 90
4
 90
2
 90
3
 90
7
 90
6
 90
4
 90
3
 90
0
 90
4
 90
7
 94
0
 95
0
 90
0
  0
MESH
  5
4C
330
17
100
AcDbEntity
  8
CHASSIS
100
AcDbSubDMesh
 71
2
 72
0
 91
0
 92
8
 10
325.0
 20
98.0
 30
435.0
 10
355.0
 20
98.0
 30
435.0
 10
355.0
 20
122.0
 30
435.0
 10
325.0
 20
122.0
 30
435.0
 10
325.0
 20
98.0
 30
465.0
 10
355.0
 20
98.0
 30
465.0
 10
355.0
 20
122.0
 30
465.0
 10
325.0
 20
122.0
 30
465.0
 93
30
 90
4
 90
0
 90
3
 90
2
 90
1
 90
4
 90
4
 90
5
 90
6
 90
7
 90
4
 90
0
 90
1
 90
5
 90
4
 90
4
 90
1
 90
2
 90
6
 90
5
 90
4
 90
2
 90
3
 90
7
 90
6
 90
4
 90
3
 90
0
 90
4
 90
7
 94
0
 95
0
 90
0
  0
MESH
  5
4D
330
17
100
AcDbEntity
  8
CHASSIS
100
AcDbSubDMesh
 71
2
 72
0
 91
0
 92
8
 10
182.0
 20
175.0
 30
485.0
 10
238.0
 20
175.0
 30
485.0
 10
238.0
 20
245.0
 30
485.0
 10
182.0
 20
245.0
 30
485.0
 10
182.0
 20
175.0
 30
525.0
 10
238.0
 20
175.0
 30
525.0
 10
238.0
 20
245.0
 30
525.0
 10
182.0
 20
245.0
 30
525.0
 93
30
 90
4
 90
0
 90
3
 90
2
 90
1
 90
4
 90
4
 90
5
 90
6
 90
7
 90
4
 90
0
 90
1
 90
5
 90
4
 90
4
 90
1
 90
2
 90
6
 90
5
 90
4
 90
2
 90
3
 90
7
 90
6
 90
4
 90
3
 90
0
 90
4
 90
7
 94
0
 95
0
 90
0
  0
MESH
  5
4E
330
17
100
AcDbEntity
  8
CHASSIS
100
AcDbSubDMesh
 71
2
 72
0
 91
0
 92
8
 10
188.0
 20
175.0
 30
370.0
 10
232.0
 20
175.0
 30
370.0
 10
232.0
 20
245.0
 30
370.0
 10
188.0
 20
245.0
 30
370.0
 10
188.0
 20
175.0
 30
400.0
 10
232.0
 20
175.0
 30
400.0
 10
232.0
 20
245.0
 30
400.0
 10
188.0
 20
245.0
 30
400.0
 93
30
 90
4
 90
0
 90
3
 90
2
 90
1
 90
4
 90
4
 90
5
 90
6
 90
7
 90
4
 90
0
 90
1
 90
5
 90
4
 90
4
 90
1
 90
2
 90
6
 90
5
 90
4
 90
2
 90
3
 90
7
 90
6
 90
4
 90
3
 90
0
 90
4
 90
7
 94
0
 95
0
 90
0
  0
MESH
  5
4F
330
17
100
AcDbEntity
  8
CHASSIS
100
AcDbSubDMesh
 71
2
 72
0
 91
0
 92
8
 10
172.0
 20
240.0
 30
140.0
 10
248.0
 20
240.0
 30
140.0
 10
248.0
 20
260.0
 30
140.0
 10
172.0
 20
260.0
 30
140.0
 10
172.0
 20
240.0
 30
270.0
 10
248.0
 20
240.0
 30
270.0
 10
248.0
 20
260.0
 30
270.0
 10
172.0
 20
260.0
 30
270.0
 93
30
 90
4
 90
0
 90
3
 90
2
 90
1
 90
4
 90
4
 90
5
 90
6
 90
7
 90
4
 90
0
 90
1
 90
5
 90
4
 90
4
 90
1
 90
2
 90
6
 90
5
 90
4
 90
2
 90
3
 90
7
 90
6
 90
4
 90
3
 90
0
 90
4
 90
7
 94
0
 95
0
 90
0
  0
MESH
  5
50
330
17
100
AcDbEntity
  8
FASTENERS
100
AcDbSubDMesh
 71
2
 72
0
 91
0
 92
30
 10
220.0
 20
235.0
 30
240.0
 10
220.0
 20
235.0
 30
520.0
 10
229.0
 20
235.0
 30
240.0
 10
228.10871981112177
 20
238.90495365205803
 30
240.0
 10
225.6114082167286
 20
242.03648334221228
 30
240.0
 10
222.00268840560682
 20
243.77435120963642
 30
240.0
 10
217.99731159439318
 20
243.77435120963642
 30
240.0
 10
214.3885917832714
 20
242.03648334221228
 30
240.0
 10
211.89128018887823
 20
238.90495365205803
 30
240.0
 10
211.0
 20
235.0
 30
240.0
 10
211.89128018887823
 20
231.09504634794197
 30
240.0
 10
214.3885917832714
 20
227.96351665778772
 30
240.0
 10
217.99731159439318
 20
226.22564879036358
 30
240.0
 10
222.00268840560682
 20
226.22564879036358
 30
240.0
 10
225.6114082167286
 20
227.96351665778772
 30
240.0
 10
228.10871981112177
 20
231.09504634794197
 30
240.0
 10
229.0
 20
235.0
 30
520.0
 10
228.10871981112177
 20
238.90495365205803
 30
520.0
 10
225.6114082167286
 20
242.03648334221228
 30
520.0
 10
222.00268840560682
 20
243.77435120963642
 30
520.0
 10
217.99731159439318
 20
243.77435120963642
 30
520.0
 10
214.3885917832714
 20
242.03648334221228
 30
520.0
 10
211.89128018887823
 20
238.90495365205803
 30
520.0
 10
211.0
 20
235.0
 30
520.0
 10
211.89128018887823
 20
231.09504634794197
 30
520.0
 10
214.3885917832714
 20
227.96351665778772
 30
520.0
 10
217.99731159439318
 20
226.22564879036358
 30
520.0
 10
222.00268840560682
 20
226.22564879036358
 30
520.0
 10
225.6114082167286
 20
227.96351665778772
 30
520.0
 10
228.10871981112177
 20
231.09504634794197
 30
520.0
 93
182
 90
3
 90
0
 90
3
 90
2
 90
3
 90
1
 90
16
 90
17
 90
4
 90
2
 90
3
 90
17
 90
16
 90
3
 90
0
 90
4
 90
3
 90
3
 90
1
 90
17
 90
18
 90
4
 90
3
 90
4
 90
18
 90
17
 90
3
 90
0
 90
5
 90
4
 90
3
 90
1
 90
18
 90
19
 90
4
 90
4
 90
5
 90
19
 90
18
 90
3
 90
0
 90
6
 90
5
 90
3
 90
1
 90
19
 90
20
 90
4
 90
5
 90
6
 90
20
 90
19
 90
3
 90
0
 90
7
 90
6
 90
3
 90
1
 90
20
 90
21
 90
4
 90
6
 90
7
 90
21
 90
20
 90
3
 90
0
 90
8
 90
7
 90
3
 90
1
 90
21
 90
22
 90
4
 90
7
 90
8
 90
22
 90
21
 90
3
 90
0
 90
9
 90
8
 90
3
 90
1
 90
22
 90
23
 90
4
 90
8
 90
9
 90
23
 90
22
 90
3
 90
0
 90
10
 90
9
 90
3
 90
1
 90
23
 90
24
 90
4
 90
9
 90
10
 90
24
 90
23
 90
3
 90
0
 90
11
 90
10
 90
3
 90
1
 90
24
 90
25
 90
4
 90
10
 90
11
 90
25
 90
24
 90
3
 90
0
 90
12
 90
11
 90
3
 90
1
 90
25
 90
26
 90
4
 90
11
 90
12
 90
26
 90
25
 90
3
 90
0
 90
13
 90
12
 90
3
 90
1
 90
26
 90
27
 90
4
 90
12
 90
13
 90
27
 90
26
 90
3
 90
0
 90
14
 90
13
 90
3
 90
1
 90
27
 90
28
 90
4
 90
13
 90
14
 90
28
 90
27
 90
3
 90
0
 90
15
 90
14
 90
3
 90
1
 90
28
 90
29
 90
4
 90
14
 90
15
 90
29
 90
28
 90
3
 90
0
 90
2
 90
15
 90
3
 90
1
 90
29
 90
16
 90
4
 90
15
 90
2
 90
16
 90
29
 94
0
 95
0
 90
0
  0
MESH
  5
51
330
17
100
AcDbEntity
  8
CHASSIS
100
AcDbSubDMesh
 71
2
 72
0
 91
0
 92
34
 10
220.0
 20
235.0
 30
485.0
 10
220.0
 20
235.0
 30
515.0
 10
246.0
 20
235.0
 30
485.0
 10
244.02086784529345
 20
244.94976924149233
 30
485.0
 10
238.38477631085024
 20
253.38477631085024
 30
485.0
 10
229.94976924149233
 20
259.0208678452935
 30
485.0
 10
220.0
 20
261.0
 30
485.0
 10
210.05023075850767
 20
259.0208678452935
 30
485.0
 10
201.61522368914976
 20
253.38477631085024
 30
485.0
 10
195.97913215470655
 20
244.94976924149233
 30
485.0
 10
194.0
 20
235.0
 30
485.0
 10
195.97913215470655
 20
225.05023075850767
 30
485.0
 10
201.61522368914976
 20
216.61522368914976
 30
485.0
 10
210.05023075850764
 20
210.97913215470655
 30
485.0
 10
220.0
 20
209.0
 30
485.0
 10
229.94976924149233
 20
210.97913215470655
 30
485.0
 10
238.38477631085024
 20
216.61522368914976
 30
485.0
 10
244.02086784529345
 20
225.05023075850764
 30
485.0
 10
246.0
 20
235.0
 30
515.0
 10
244.02086784529345
 20
244.94976924149233
 30
515.0
 10
238.38477631085024
 20
253.38477631085024
 30
515.0
 10
229.94976924149233
 20
259.0208678452935
 30
515.0
 10
220.0
 20
261.0
 30
515.0
 10
210.05023075850767
 20
259.0208678452935
 30
515.0
 10
201.61522368914976
 20
253.38477631085024
 30
515.0
 10
195.97913215470655
 20
244.94976924149233
 30
515.0
 10
194.0
 20
235.0
 30
515.0
 10
195.97913215470655
 20
225.05023075850767
 30
515.0
 10
201.61522368914976
 20
216.61522368914976
 30
515.0
 10
210.05023075850764
 20
210.97913215470655
 30
515.0
 10
220.0
 20
209.0
 30
515.0
 10
229.94976924149233
 20
210.97913215470655
 30
515.0
 10
238.38477631085024
 20
216.61522368914976
 30
515.0
 10
244.02086784529345
 20
225.05023075850764
 30
515.0
 93
208
 90
3
 90
0
 90
3
 90
2
 90
3
 90
1
 90
18
 90
19
 90
4
 90
2
 90
3
 90
19
 90
18
 90
3
 90
0
 90
4
 90
3
 90
3
 90
1
 90
19
 90
20
 90
4
 90
3
 90
4
 90
20
 90
19
 90
3
 90
0
 90
5
 90
4
 90
3
 90
1
 90
20
 90
21
 90
4
 90
4
 90
5
 90
21
 90
20
 90
3
 90
0
 90
6
 90
5
 90
3
 90
1
 90
21
 90
22
 90
4
 90
5
 90
6
 90
22
 90
21
 90
3
 90
0
 90
7
 90
6
 90
3
 90
1
 90
22
 90
23
 90
4
 90
6
 90
7
 90
23
 90
22
 90
3
 90
0
 90
8
 90
7
 90
3
 90
1
 90
23
 90
24
 90
4
 90
7
 90
8
 90
24
 90
23
 90
3
 90
0
 90
9
 90
8
 90
3
 90
1
 90
24
 90
25
 90
4
 90
8
 90
9
 90
25
 90
24
 90
3
 90
0
 90
10
 90
9
 90
3
 90
1
 90
25
 90
26
 90
4
 90
9
 90
10
 90
26
 90
25
 90
3
 90
0
 90
11
 90
10
 90
3
 90
1
 90
26
 90
27
 90
4
 90
10
 90
11
 90
27
 90
26
 90
3
 90
0
 90
12
 90
11
 90
3
 90
1
 90
27
 90
28
 90
4
 90
11
 90
12
 90
28
 90
27
 90
3
 90
0
 90
13
 90
12
 90
3
 90
1
 90
28
 90
29
 90
4
 90
12
 90
13
 90
29
 90
28
 90
3
 90
0
 90
14
 90
13
 90
3
 90
1
 90
29
 90
30
 90
4
 90
13
 90
14
 90
30
 90
29
 90
3
 90
0
 90
15
 90
14
 90
3
 90
1
 90
30
 90
31
 90
4
 90
14
 90
15
 90
31
 90
30
 90
3
 90
0
 90
16
 90
15
 90
3
 90
1
 90
31
 90
32
 90
4
 90
15
 90
16
 90
32
 90
31
 90
3
 90
0
 90
17
 90
16
 90
3
 90
1
 90
32
 90
33
 90
4
 90
16
 90
17
 90
33
 90
32
 90
3
 90
0
 90
2
 90
17
 90
3
 90
1
 90
33
 90
18
 90
4
 90
17
 90
2
 90
18
 90
33
 94
0
 95
0
 90
0
  0
MESH
  5
52
330
17
100
AcDbEntity
  8
CHASSIS
100
AcDbSubDMesh
 71
2
 72
0
 91
0
 92
34
 10
220.0
 20
235.0
 30
245.0
 10
220.0
 20
235.0
 30
275.0
 10
246.0
 20
235.0
 30
245.0
 10
244.02086784529345
 20
244.94976924149233
 30
245.0
 10
238.38477631085024
 20
253.38477631085024
 30
245.0
 10
229.94976924149233
 20
259.0208678452935
 30
245.0
 10
220.0
 20
261.0
 30
245.0
 10
210.05023075850767
 20
259.0208678452935
 30
245.0
 10
201.61522368914976
 20
253.38477631085024
 30
245.0
 10
195.97913215470655
 20
244.94976924149233
 30
245.0
 10
194.0
 20
235.0
 30
245.0
 10
195.97913215470655
 20
225.05023075850767
 30
245.0
 10
201.61522368914976
 20
216.61522368914976
 30
245.0
 10
210.05023075850764
 20
210.97913215470655
 30
245.0
 10
220.0
 20
209.0
 30
245.0
 10
229.94976924149233
 20
210.97913215470655
 30
245.0
 10
238.38477631085024
 20
216.61522368914976
 30
245.0
 10
244.02086784529345
 20
225.05023075850764
 30
245.0
 10
246.0
 20
235.0
 30
275.0
 10
244.02086784529345
 20
244.94976924149233
 30
275.0
 10
238.38477631085024
 20
253.38477631085024
 30
275.0
 10
229.94976924149233
 20
259.0208678452935
 30
275.0
 10
220.0
 20
261.0
 30
275.0
 10
210.05023075850767
 20
259.0208678452935
 30
275.0
 10
201.61522368914976
 20
253.38477631085024
 30
275.0
 10
195.97913215470655
 20
244.94976924149233
 30
275.0
 10
194.0
 20
235.0
 30
275.0
 10
195.97913215470655
 20
225.05023075850767
 30
275.0
 10
201.61522368914976
 20
216.61522368914976
 30
275.0
 10
210.05023075850764
 20
210.97913215470655
 30
275.0
 10
220.0
 20
209.0
 30
275.0
 10
229.94976924149233
 20
210.97913215470655
 30
275.0
 10
238.38477631085024
 20
216.61522368914976
 30
275.0
 10
244.02086784529345
 20
225.05023075850764
 30
275.0
 93
208
 90
3
 90
0
 90
3
 90
2
 90
3
 90
1
 90
18
 90
19
 90
4
 90
2
 90
3
 90
19
 90
18
 90
3
 90
0
 90
4
 90
3
 90
3
 90
1
 90
19
 90
20
 90
4
 90
3
 90
4
 90
20
 90
19
 90
3
 90
0
 90
5
 90
4
 90
3
 90
1
 90
20
 90
21
 90
4
 90
4
 90
5
 90
21
 90
20
 90
3
 90
0
 90
6
 90
5
 90
3
 90
1
 90
21
 90
22
 90
4
 90
5
 90
6
 90
22
 90
21
 90
3
 90
0
 90
7
 90
6
 90
3
 90
1
 90
22
 90
23
 90
4
 90
6
 90
7
 90
23
 90
22
 90
3
 90
0
 90
8
 90
7
 90
3
 90
1
 90
23
 90
24
 90
4
 90
7
 90
8
 90
24
 90
23
 90
3
 90
0
 90
9
 90
8
 90
3
 90
1
 90
24
 90
25
 90
4
 90
8
 90
9
 90
25
 90
24
 90
3
 90
0
 90
10
 90
9
 90
3
 90
1
 90
25
 90
26
 90
4
 90
9
 90
10
 90
26
 90
25
 90
3
 90
0
 90
11
 90
10
 90
3
 90
1
 90
26
 90
27
 90
4
 90
10
 90
11
 90
27
 90
26
 90
3
 90
0
 90
12
 90
11
 90
3
 90
1
 90
27
 90
28
 90
4
 90
11
 90
12
 90
28
 90
27
 90
3
 90
0
 90
13
 90
12
 90
3
 90
1
 90
28
 90
29
 90
4
 90
12
 90
13
 90
29
 90
28
 90
3
 90
0
 90
14
 90
13
 90
3
 90
1
 90
29
 90
30
 90
4
 90
13
 90
14
 90
30
 90
29
 90
3
 90
0
 90
15
 90
14
 90
3
 90
1
 90
30
 90
31
 90
4
 90
14
 90
15
 90
31
 90
30
 90
3
 90
0
 90
16
 90
15
 90
3
 90
1
 90
31
 90
32
 90
4
 90
15
 90
16
 90
32
 90
31
 90
3
 90
0
 90
17
 90
16
 90
3
 90
1
 90
32
 90
33
 90
4
 90
16
 90
17
 90
33
 90
32
 90
3
 90
0
 90
2
 90
17
 90
3
 90
1
 90
33
 90
18
 90
4
 90
17
 90
2
 90
18
 90
33
 94
0
 95
0
 90
0
  0
MESH
  5
53
330
17
100
AcDbEntity
  8
SAFETY
100
AcDbSubDMesh
 71
2
 72
0
 91
0
 92
678
 10
246.5
 20
235.0
 30
270.0
 10
244.25
 20
235.0
 30
273.89711431702995
 10
239.75
 20
235.0
 30
273.89711431702995
 10
237.5
 20
235.0
 30
270.0
 10
239.75
 20
235.0
 30
266.10288568297005
 10
244.25
 20
235.0
 30
266.10288568297005
 10
244.4828076115491
 20
245.14111095767487
 30
271.9642857142857
 10
242.4040786633987
 20
244.28007323485343
 30
275.86140003131567
 10
238.2466207670979
 20
242.5579977892105
 30
275.8614000313157
 10
236.1678918189475
 20
241.69696006638907
 30
271.9642857142857
 10
238.2466207670979
 20
242.5579977892105
 30
268.0671713972558
 10
242.4040786633987
 20
244.28007323485343
 30
268.0671713972558
 10
238.73832970144352
 20
253.73832970144352
 30
273.92857142857144
 10
237.1473394437738
 20
252.1473394437738
 30
277.8256857456014
 10
233.9653589284343
 20
248.9653589284343
 30
277.8256857456014
 10
232.3743686707646
 20
247.3743686707646
 30
273.92857142857144
 10
233.9653589284343
 20
248.9653589284343
 30
270.0314571115415
 10
237.1473394437738
 20
252.1473394437738
 30
270.0314571115415
 10
230.14111095767487
 20
259.4828076115491
 30
275.89285714285717
 10
229.28007323485343
 20
257.4040786633987
 30
279.7899714598871
 10
227.5579977892105
 20
253.2466207670979
 30
279.78997145988717
 10
226.69696006638907
 20
251.1678918189475
 30
275.89285714285717
 10
227.5579977892105
 20
253.2466207670979
 30
271.9957428258272
 10
229.28007323485343
 20
257.4040786633987
 30
271.9957428258272
 10
220.0
 20
261.5
 30
277.85714285714283
 10
220.0
 20
259.25
 30
281.7542571741728
 10
220.0
 20
254.75
 30
281.75425717417284
 10
220.0
 20
252.5
 30
277.85714285714283
 10
220.0
 20
254.75
 30
273.9600285401129
 10
220.0
 20
259.25
 30
273.9600285401129
 10
209.85888904232513
 20
259.4828076115491
 30
279.82142857142856
 10
210.71992676514657
 20
257.4040786633987
 30
283.7185428884585
 10
212.4420022107895
 20
253.2466207670979
 30
283.7185428884585
 10
213.30303993361093
 20
251.1678918189475
 30
279.82142857142856
 10
212.4420022107895
 20
253.2466207670979
 30
275.9243142543986
 10
210.71992676514657
 20
257.4040786633987
 30
275.9243142543986
 10
201.26167029855648
 20
253.73832970144352
 30
281.7857142857143
 10
202.8526605562262
 20
252.1473394437738
 30
285.6828286027442
 10
206.0346410715657
 20
248.9653589284343
 30
285.6828286027443
 10
207.6256313292354
 20
247.3743686707646
 30
281.7857142857143
 10
206.0346410715657
 20
248.9653589284343
 30
277.88859996868433
 10
202.8526605562262
 20
252.1473394437738
 30
277.88859996868433
 10
195.5171923884509
 20
245.14111095767487
 30
283.75
 10
197.5959213366013
 20
244.28007323485343
 30
287.64711431702995
 10
201.7533792329021
 20
242.5579977892105
 30
287.64711431702995
 10
203.8321081810525
 20
241.69696006638907
 30
283.75
 10
201.7533792329021
 20
242.5579977892105
 30
279.85288568297005
 10
197.5959213366013
 20
244.28007323485343
 30
279.85288568297005
 10
193.5
 20
235.0
 30
285.7142857142857
 10
195.75
 20
235.0
 30
289.61140003131567
 10
200.25
 20
235.0
 30
289.6114000313157
 10
202.5
 20
235.0
 30
285.7142857142857
 10
200.25
 20
235.0
 30
281.8171713972558
 10
195.75
 20
235.0
 30
281.8171713972558
 10
195.5171923884509
 20
224.85888904232513
 30
287.67857142857144
 10
197.5959213366013
 20
225.71992676514657
 30
291.5756857456014
 10
201.7533792329021
 20
227.4420022107895
 30
291.5756857456014
 10
203.8321081810525
 20
228.30303993361093
 30
287.67857142857144
 10
201.7533792329021
 20
227.4420022107895
 30
283.7814571115415
 10
197.5959213366013
 20
225.71992676514657
 30
283.7814571115415
 10
201.26167029855648
 20
216.26167029855648
 30
289.64285714285717
 10
202.8526605562262
 20
217.8526605562262
 30
293.5399714598871
 10
206.0346410715657
 20
221.0346410715657
 30
293.53997145988717
 10
207.6256313292354
 20
222.6256313292354
 30
289.64285714285717
 10
206.0346410715657
 20
221.0346410715657
 30
285.7457428258272
 10
202.8526605562262
 20
217.8526605562262
 30
285.7457428258272
 10
209.8588890423251
 20
210.5171923884509
 30
291.60714285714283
 10
210.71992676514654
 20
212.5959213366013
 30
295.5042571741728
 10
212.44200221078947
 20
216.7533792329021
 30
295.50425717417284
 10
213.3030399336109
 20
218.8321081810525
 30
291.60714285714283
 10
212.44200221078947
 20
216.7533792329021
 30
287.7100285401129
 10
210.71992676514654
 20
212.5959213366013
 30
287.7100285401129
 10
220.0
 20
208.5
 30
293.57142857142856
 10
220.0
 20
210.75
 30
297.4685428884585
 10
220.0
 20
215.25
 30
297.4685428884585
 10
220.0
 20
217.5
 30
293.57142857142856
 10
220.0
 20
215.25
 30
289.6743142543986
 10
220.0
 20
210.75
 30
289.6743142543986
 10
230.14111095767487
 20
210.5171923884509
 30
295.5357142857143
 10
229.28007323485343
 20
212.5959213366013
 30
299.4328286027442
 10
227.5579977892105
 20
216.7533792329021
 30
299.4328286027443
 10
226.69696006638907
 20
218.8321081810525
 30
295.5357142857143
 10
227.5579977892105
 20
216.7533792329021
 30
291.63859996868433
 10
229.28007323485343
 20
212.5959213366013
 30
291.63859996868433
 10
238.7383297014435
 20
216.26167029855648
 30
297.5
 10
237.14733944377377
 20
217.8526605562262
 30
301.39711431702995
 10
233.96535892843428
 20
221.0346410715657
 30
301.39711431702995
 10
232.37436867076457
 20
222.6256313292354
 30
297.5
 10
233.96535892843428
 20
221.0346410715657
 30
293.60288568297005
 10
237.14733944377377
 20
217.8526605562262
 30
293.60288568297005
 10
244.4828076115491
 20
224.8588890423251
 30
299.4642857142857
 10
242.4040786633987
 20
225.71992676514654
 30
303.36140003131567
 10
238.2466207670979
 20
227.44200221078947
 30
303.3614000313157
 10
236.1678918189475
 20
228.3030399336109
 30
299.4642857142857
 10
238.2466207670979
 20
227.44200221078947
 30
295.5671713972558
 10
242.4040786633987
 20
225.71992676514654
 30
295.5671713972558
 10
246.5
 20
235.0
 30
301.42857142857144
 10
244.25
 20
235.0
 30
305.3256857456014
 10
239.75
 20
235.0
 30
305.3256857456014
 10
237.5
 20
235.0
 30
301.42857142857144
 10
239.75
 20
235.0
 30
297.5314571115415
 10
244.25
 20
235.0
 30
297.5314571115415
 10
244.4828076115491
 20
245.14111095767487
 30
303.3928571428571
 10
242.4040786633987
 20
244.28007323485343
 30
307.28997145988706
 10
238.2466207670979
 20
242.55799778921053
 30
307.28997145988706
 10
236.1678918189475
 20
241.69696006638907
 30
303.3928571428571
 10
238.2466207670979
 20
242.5579977892105
 30
299.49574282582716
 10
242.4040786633987
 20
244.28007323485343
 30
299.49574282582716
 10
238.73832970144352
 20
253.7383297014435
 30
305.3571428571429
 10
237.1473394437738
 20
252.14733944377377
 30
309.25425717417284
 10
233.9653589284343
 20
248.96535892843428
 30
309.25425717417284
 10
232.3743686707646
 20
247.37436867076457
 30
305.3571428571429
 10
233.9653589284343
 20
248.96535892843428
 30
301.46002854011294
 10
237.1473394437738
 20
252.14733944377377
 30
301.46002854011294
 10
230.1411109576749
 20
259.4828076115491
 30
307.32142857142856
 10
229.28007323485346
 20
257.4040786633987
 30
311.2185428884585
 10
227.55799778921053
 20
253.2466207670979
 30
311.2185428884585
 10
226.6969600663891
 20
251.1678918189475
 30
307.32142857142856
 10
227.55799778921053
 20
253.2466207670979
 30
303.4243142543986
 10
229.28007323485346
 20
257.4040786633987
 30
303.4243142543986
 10
220.0
 20
261.5
 30
309.2857142857143
 10
220.0
 20
259.25
 30
313.1828286027442
 10
220.0
 20
254.75
 30
313.1828286027443
 10
220.0
 20
252.5
 30
309.2857142857143
 10
220.0
 20
254.75
 30
305.38859996868433
 10
220.0
 20
259.25
 30
305.38859996868433
 10
209.85888904232513
 20
259.4828076115491
 30
311.25
 10
210.71992676514657
 20
257.4040786633987
 30
315.14711431702995
 10
212.4420022107895
 20
253.2466207670979
 30
315.14711431702995
 10
213.30303993361093
 20
251.1678918189475
 30
311.25
 10
212.4420022107895
 20
253.2466207670979
 30
307.35288568297005
 10
210.71992676514657
 20
257.4040786633987
 30
307.35288568297005
 10
201.2616702985565
 20
253.73832970144352
 30
313.2142857142857
 10
202.85266055622625
 20
252.1473394437738
 30
317.11140003131567
 10
206.0346410715657
 20
248.9653589284343
 30
317.1114000313157
 10
207.62563132923543
 20
247.3743686707646
 30
313.2142857142857
 10
206.03464107156572
 20
248.9653589284343
 30
309.3171713972558
 10
202.85266055622625
 20
252.1473394437738
 30
309.3171713972558
 10
195.5171923884509
 20
245.1411109576749
 30
315.17857142857144
 10
197.5959213366013
 20
244.28007323485346
 30
319.0756857456014
 10
201.7533792329021
 20
242.55799778921053
 30
319.0756857456014
 10
203.8321081810525
 20
241.6969600663891
 30
315.17857142857144
 10
201.7533792329021
 20
242.55799778921053
 30
311.2814571115415
 10
197.5959213366013
 20
244.28007323485346
 30
311.2814571115415
 10
193.5
 20
235.0
 30
317.1428571428571
 10
195.75
 20
235.0
 30
321.03997145988706
 10
200.25
 20
235.0
 30
321.03997145988706
 10
202.5
 20
235.0
 30
317.1428571428571
 10
200.25
 20
235.0
 30
313.24574282582716
 10
195.75
 20
235.0
 30
313.24574282582716
 10
195.5171923884509
 20
224.85888904232513
 30
319.1071428571429
 10
197.5959213366013
 20
225.71992676514657
 30
323.00425717417284
 10
201.7533792329021
 20
227.4420022107895
 30
323.00425717417284
 10
203.8321081810525
 20
228.30303993361093
 30
319.1071428571429
 10
201.7533792329021
 20
227.4420022107895
 30
315.21002854011294
 10
197.5959213366013
 20
225.71992676514657
 30
315.21002854011294
 10
201.2616702985565
 20
216.26167029855648
 30
321.07142857142856
 10
202.85266055622623
 20
217.8526605562262
 30
324.9685428884585
 10
206.0346410715657
 20
221.0346410715657
 30
324.9685428884585
 10
207.62563132923543
 20
222.6256313292354
 30
321.07142857142856
 10
206.03464107156572
 20
221.0346410715657
 30
317.1743142543986
 10
202.85266055622623
 20
217.8526605562262
 30
317.1743142543986
 10
209.8588890423251
 20
210.5171923884509
 30
323.0357142857143
 10
210.71992676514654
 20
212.5959213366013
 30
326.9328286027442
 10
212.44200221078947
 20
216.7533792329021
 30
326.9328286027443
 10
213.3030399336109
 20
218.8321081810525
 30
323.0357142857143
 10
212.44200221078947
 20
216.7533792329021
 30
319.13859996868433
 10
210.71992676514654
 20
212.5959213366013
 30
319.13859996868433
 10
220.0
 20
208.5
 30
325.0
 10
220.0
 20
210.75
 30
328.89711431702995
 10
220.0
 20
215.25
 30
328.89711431702995
 10
220.0
 20
217.5
 30
325.0
 10
220.0
 20
215.25
 30
321.10288568297005
 10
220.0
 20
210.75
 30
321.10288568297005
 10
230.1411109576749
 20
210.5171923884509
 30
326.9642857142857
 10
229.28007323485346
 20
212.5959213366013
 30
330.86140003131567
 10
227.55799778921053
 20
216.7533792329021
 30
330.8614000313157
 10
226.6969600663891
 20
218.8321081810525
 30
326.9642857142857
 10
227.55799778921053
 20
216.7533792329021
 30
323.0671713972558
 10
229.28007323485346
 20
212.5959213366013
 30
323.0671713972558
 10
238.7383297014435
 20
216.26167029855648
 30
328.92857142857144
 10
237.14733944377375
 20
217.8526605562262
 30
332.8256857456014
 10
233.9653589284343
 20
221.0346410715657
 30
332.8256857456014
 10
232.37436867076457
 20
222.6256313292354
 30
328.92857142857144
 10
233.96535892843428
 20
221.0346410715657
 30
325.0314571115415
 10
237.14733944377375
 20
217.8526605562262
 30
325.0314571115415
 10
244.4828076115491
 20
224.8588890423251
 30
330.89285714285717
 10
242.4040786633987
 20
225.71992676514654
 30
334.7899714598871
 10
238.2466207670979
 20
227.44200221078947
 30
334.78997145988717
 10
236.1678918189475
 20
228.3030399336109
 30
330.89285714285717
 10
238.2466207670979
 20
227.44200221078947
 30
326.9957428258272
 10
242.4040786633987
 20
225.71992676514654
 30
326.9957428258272
 10
246.5
 20
235.0
 30
332.85714285714283
 10
244.25
 20
235.0
 30
336.7542571741728
 10
239.75
 20
235.0
 30
336.75425717417284
 10
237.5
 20
235.0
 30
332.85714285714283
 10
239.75
 20
235.0
 30
328.9600285401129
 10
244.25
 20
235.0
 30
328.9600285401129
 10
244.4828076115491
 20
245.14111095767487
 30
334.82142857142856
 10
242.4040786633987
 20
244.28007323485343
 30
338.7185428884585
 10
238.2466207670979
 20
242.5579977892105
 30
338.7185428884585
 10
236.1678918189475
 20
241.69696006638907
 30
334.82142857142856
 10
238.2466207670979
 20
242.5579977892105
 30
330.9243142543986
 10
242.4040786633987
 20
244.28007323485343
 30
330.9243142543986
 10
238.73832970144352
 20
253.7383297014435
 30
336.7857142857143
 10
237.1473394437738
 20
252.14733944377375
 30
340.6828286027442
 10
233.9653589284343
 20
248.9653589284343
 30
340.6828286027443
 10
232.3743686707646
 20
247.37436867076457
 30
336.7857142857143
 10
233.9653589284343
 20
248.96535892843428
 30
332.88859996868433
 10
237.1473394437738
 20
252.14733944377375
 30
332.88859996868433
 10
230.1411109576749
 20
259.4828076115491
 30
338.75
 10
229.28007323485346
 20
257.4040786633987
 30
342.64711431702995
 10
227.55799778921053
 20
253.2466207670979
 30
342.64711431702995
 10
226.6969600663891
 20
251.1678918189475
 30
338.75
 10
227.55799778921053
 20
253.2466207670979
 30
334.85288568297005
 10
229.28007323485346
 20
257.4040786633987
 30
334.85288568297005
 10
220.0
 20
261.5
 30
340.7142857142857
 10
220.0
 20
259.25
 30
344.61140003131567
 10
220.0
 20
254.75
 30
344.6114000313157
 10
220.0
 20
252.5
 30
340.7142857142857
 10
220.0
 20
254.75
 30
336.8171713972558
 10
220.0
 20
259.25
 30
336.8171713972558
 10
209.85888904232513
 20
259.4828076115491
 30
342.67857142857144
 10
210.71992676514657
 20
257.4040786633987
 30
346.5756857456014
 10
212.4420022107895
 20
253.2466207670979
 30
346.5756857456014
 10
213.30303993361093
 20
251.1678918189475
 30
342.67857142857144
 10
212.4420022107895
 20
253.2466207670979
 30
338.7814571115415
 10
210.71992676514657
 20
257.4040786633987
 30
338.7814571115415
 10
201.2616702985565
 20
253.73832970144352
 30
344.64285714285717
 10
202.85266055622625
 20
252.1473394437738
 30
348.5399714598871
 10
206.0346410715657
 20
248.9653589284343
 30
348.53997145988717
 10
207.62563132923543
 20
247.3743686707646
 30
344.64285714285717
 10
206.03464107156572
 20
248.9653589284343
 30
340.7457428258272
 10
202.85266055622625
 20
252.1473394437738
 30
340.7457428258272
 10
195.5171923884509
 20
245.1411109576749
 30
346.60714285714283
 10
197.5959213366013
 20
244.28007323485346
 30
350.5042571741728
 10
201.7533792329021
 20
242.55799778921053
 30
350.50425717417284
 10
203.8321081810525
 20
241.6969600663891
 30
346.60714285714283
 10
201.7533792329021
 20
242.55799778921053
 30
342.7100285401129
 10
197.5959213366013
 20
244.28007323485346
 30
342.7100285401129
 10
193.5
 20
235.0
 30
348.57142857142856
 10
195.75
 20
235.0
 30
352.4685428884585
 10
200.25
 20
235.0
 30
352.4685428884585
 10
202.5
 20
235.0
 30
348.57142857142856
 10
200.25
 20
235.0
 30
344.6743142543986
 10
195.75
 20
235.0
 30
344.6743142543986
 10
195.51719238845087
 20
224.85888904232516
 30
350.5357142857143
 10
197.59592133660126
 20
225.71992676514662
 30
354.4328286027442
 10
201.75337923290206
 20
227.4420022107895
 30
354.4328286027443
 10
203.83210818105246
 20
228.30303993361096
 30
350.5357142857143
 10
201.75337923290206
 20
227.4420022107895
 30
346.63859996868433
 10
197.59592133660126
 20
225.71992676514662
 30
346.63859996868433
 10
201.2616702985565
 20
216.26167029855648
 30
352.5
 10
202.85266055622623
 20
217.8526605562262
 30
356.39711431702995
 10
206.03464107156572
 20
221.0346410715657
 30
356.39711431702995
 10
207.62563132923543
 20
222.6256313292354
 30
352.5
 10
206.03464107156572
 20
221.0346410715657
 30
348.60288568297005
 10
202.85266055622623
 20
217.8526605562262
 30
348.60288568297005
 10
209.8588890423251
 20
210.5171923884509
 30
354.4642857142857
 10
210.71992676514654
 20
212.5959213366013
 30
358.36140003131567
 10
212.44200221078947
 20
216.7533792329021
 30
358.3614000313157
 10
213.3030399336109
 20
218.8321081810525
 30
354.4642857142857
 10
212.44200221078947
 20
216.7533792329021
 30
350.5671713972558
 10
210.71992676514654
 20
212.5959213366013
 30
350.5671713972558
 10
219.99999999999994
 20
208.5
 30
356.42857142857144
 10
219.99999999999994
 20
210.75
 30
360.3256857456014
 10
219.99999999999994
 20
215.25
 30
360.3256857456014
 10
219.99999999999994
 20
217.5
 30
356.42857142857144
 10
219.99999999999994
 20
215.25
 30
352.5314571115415
 10
219.99999999999994
 20
210.75
 30
352.5314571115415
 10
230.14111095767487
 20
210.5171923884509
 30
358.39285714285717
 10
229.28007323485343
 20
212.5959213366013
 30
362.2899714598871
 10
227.5579977892105
 20
216.7533792329021
 30
362.28997145988717
 10
226.69696006638907
 20
218.8321081810525
 30
358.39285714285717
 10
227.5579977892105
 20
216.7533792329021
 30
354.4957428258272
 10
229.28007323485343
 20
212.5959213366013
 30
354.4957428258272
 10
238.7383297014435
 20
216.26167029855648
 30
360.35714285714283
 10
237.14733944377375
 20
217.8526605562262
 30
364.2542571741728
 10
233.9653589284343
 20
221.0346410715657
 30
364.25425717417284
 10
232.37436867076457
 20
222.6256313292354
 30
360.35714285714283
 10
233.96535892843428
 20
221.0346410715657
 30
356.4600285401129
 10
237.14733944377375
 20
217.8526605562262
 30
356.4600285401129
 10
244.4828076115491
 20
224.85888904232513
 30
362.32142857142856
 10
242.4040786633987
 20
225.71992676514657
 30
366.2185428884585
 10
238.2466207670979
 20
227.4420022107895
 30
366.2185428884585
 10
236.1678918189475
 20
228.30303993361093
 30
362.32142857142856
 10
238.2466207670979
 20
227.4420022107895
 30
358.4243142543986
 10
242.4040786633987
 20
225.71992676514657
 30
358.4243142543986
 10
246.5
 20
234.99999999999997
 30
364.2857142857143
 10
244.25
 20
234.99999999999997
 30
368.1828286027442
 10
239.75
 20
234.99999999999997
 30
368.1828286027443
 10
237.5
 20
234.99999999999997
 30
364.2857142857143
 10
239.75
 20
234.99999999999997
 30
360.38859996868433
 10
244.25
 20
234.99999999999997
 30
360.38859996868433
 10
244.48280761154913
 20
245.14111095767484
 30
366.25
 10
242.40407866339874
 20
244.28007323485338
 30
370.14711431702995
 10
238.24662076709794
 20
242.5579977892105
 30
370.14711431702995
 10
236.16789181894754
 20
241.69696006638904
 30
366.25
 10
238.24662076709794
 20
242.5579977892105
 30
362.35288568297005
 10
242.40407866339874
 20
244.28007323485338
 30
362.35288568297005
 10
238.73832970144352
 20
253.73832970144352
 30
368.2142857142857
 10
237.1473394437738
 20
252.1473394437738
 30
372.11140003131567
 10
233.9653589284343
 20
248.9653589284343
 30
372.1114000313157
 10
232.3743686707646
 20
247.3743686707646
 30
368.2142857142857
 10
233.9653589284343
 20
248.9653589284343
 30
364.3171713972558
 10
237.1473394437738
 20
252.1473394437738
 30
364.3171713972558
 10
230.1411109576749
 20
259.4828076115491
 30
370.17857142857144
 10
229.28007323485346
 20
257.4040786633987
 30
374.0756857456014
 10
227.55799778921053
 20
253.2466207670979
 30
374.0756857456014
 10
226.6969600663891
 20
251.1678918189475
 30
370.17857142857144
 10
227.55799778921053
 20
253.2466207670979
 30
366.2814571115415
 10
229.28007323485346
 20
257.4040786633987
 30
366.2814571115415
 10
219.99999999999997
 20
261.5
 30
372.14285714285717
 10
219.99999999999997
 20
259.25
 30
376.0399714598871
 10
219.99999999999997
 20
254.75
 30
376.03997145988717
 10
219.99999999999997
 20
252.5
 30
372.14285714285717
 10
219.99999999999997
 20
254.75
 30
368.2457428258272
 10
219.99999999999997
 20
259.25
 30
368.2457428258272
 10
209.85888904232513
 20
259.4828076115491
 30
374.10714285714283
 10
210.71992676514657
 20
257.4040786633987
 30
378.0042571741728
 10
212.4420022107895
 20
253.2466207670979
 30
378.00425717417284
 10
213.30303993361093
 20
251.1678918189475
 30
374.10714285714283
 10
212.4420022107895
 20
253.2466207670979
 30
370.2100285401129
 10
210.71992676514657
 20
257.4040786633987
 30
370.2100285401129
 10
201.2616702985565
 20
253.73832970144355
 30
376.07142857142856
 10
202.85266055622625
 20
252.14733944377383
 30
379.9685428884585
 10
206.0346410715657
 20
248.96535892843434
 30
379.9685428884585
 10
207.62563132923543
 20
247.37436867076462
 30
376.07142857142856
 10
206.03464107156572
 20
248.96535892843434
 30
372.1743142543986
 10
202.85266055622625
 20
252.14733944377383
 30
372.1743142543986
 10
195.5171923884509
 20
245.14111095767487
 30
378.0357142857143
 10
197.5959213366013
 20
244.28007323485343
 30
381.9328286027442
 10
201.7533792329021
 20
242.5579977892105
 30
381.9328286027443
 10
203.8321081810525
 20
241.69696006638907
 30
378.0357142857143
 10
201.7533792329021
 20
242.5579977892105
 30
374.13859996868433
 10
197.5959213366013
 20
244.28007323485343
 30
374.13859996868433
 10
193.5
 20
235.00000000000003
 30
380.0
 10
195.75
 20
235.00000000000003
 30
383.89711431702995
 10
200.25
 20
235.00000000000003
 30
383.89711431702995
 10
202.5
 20
235.00000000000003
 30
380.0
 10
200.25
 20
235.00000000000003
 30
376.10288568297005
 10
195.75
 20
235.00000000000003
 30
376.10288568297005
 10
195.51719238845087
 20
224.85888904232516
 30
381.9642857142857
 10
197.59592133660126
 20
225.71992676514662
 30
385.86140003131567
 10
201.75337923290206
 20
227.4420022107895
 30
385.8614000313157
 10
203.83210818105246
 20
228.30303993361096
 30
381.9642857142857
 10
201.75337923290206
 20
227.4420022107895
 30
378.0671713972558
 10
197.59592133660126
 20
225.71992676514662
 30
378.0671713972558
 10
201.26167029855654
 20
216.26167029855642
 30
383.92857142857144
 10
202.85266055622628
 20
217.85266055622614
 30
387.8256857456014
 10
206.03464107156572
 20
221.03464107156563
 30
387.8256857456014
 10
207.62563132923546
 20
222.62563132923535
 30
383.92857142857144
 10
206.03464107156572
 20
221.03464107156563
 30
380.0314571115415
 10
202.85266055622628
 20
217.85266055622614
 30
380.0314571115415
 10
209.8588890423251
 20
210.5171923884509
 30
385.89285714285717
 10
210.71992676514654
 20
212.5959213366013
 30
389.7899714598871
 10
212.44200221078947
 20
216.7533792329021
 30
389.78997145988717
 10
213.3030399336109
 20
218.8321081810525
 30
385.89285714285717
 10
212.44200221078947
 20
216.7533792329021
 30
381.9957428258272
 10
210.71992676514654
 20
212.5959213366013
 30
381.9957428258272
 10
219.99999999999994
 20
208.5
 30
387.85714285714283
 10
219.99999999999994
 20
210.75
 30
391.7542571741728
 10
219.99999999999994
 20
215.25
 30
391.75425717417284
 10
219.99999999999994
 20
217.5
 30
387.85714285714283
 10
219.99999999999994
 20
215.25
 30
383.9600285401129
 10
219.99999999999994
 20
210.75
 30
383.9600285401129
 10
230.14111095767478
 20
210.51719238845087
 30
389.82142857142856
 10
229.28007323485332
 20
212.59592133660126
 30
393.7185428884585
 10
227.55799778921045
 20
216.75337923290206
 30
393.7185428884585
 10
226.69696006638898
 20
218.83210818105246
 30
389.82142857142856
 10
227.55799778921045
 20
216.75337923290206
 30
385.9243142543986
 10
229.28007323485332
 20
212.59592133660126
 30
385.9243142543986
 10
238.7383297014435
 20
216.26167029855645
 30
391.7857142857143
 10
237.14733944377375
 20
217.85266055622617
 30
395.6828286027442
 10
233.9653589284343
 20
221.03464107156566
 30
395.6828286027443
 10
232.37436867076457
 20
222.62563132923538
 30
391.7857142857143
 10
233.96535892843428
 20
221.03464107156566
 30
387.88859996868433
 10
237.14733944377375
 20
217.85266055622617
 30
387.88859996868433
 10
244.4828076115491
 20
224.85888904232513
 30
393.75
 10
242.4040786633987
 20
225.71992676514657
 30
397.64711431702995
 10
238.2466207670979
 20
227.4420022107895
 30
397.64711431702995
 10
236.1678918189475
 20
228.30303993361093
 30
393.75
 10
238.2466207670979
 20
227.4420022107895
 30
389.85288568297005
 10
242.4040786633987
 20
225.71992676514657
 30
389.85288568297005
 10
246.5
 20
234.99999999999997
 30
395.7142857142857
 10
244.25
 20
234.99999999999997
 30
399.61140003131567
 10
239.75
 20
234.99999999999997
 30
399.6114000313157
 10
237.5
 20
234.99999999999997
 30
395.7142857142857
 10
239.75
 20
234.99999999999997
 30
391.8171713972558
 10
244.25
 20
234.99999999999997
 30
391.8171713972558
 10
244.4828076115491
 20
245.1411109576749
 30
397.67857142857144
 10
242.4040786633987
 20
244.28007323485346
 30
401.5756857456014
 10
238.2466207670979
 20
242.55799778921053
 30
401.5756857456014
 10
236.1678918189475
 20
241.6969600663891
 30
397.67857142857144
 10
238.2466207670979
 20
242.55799778921053
 30
393.7814571115415
 10
242.4040786633987
 20
244.28007323485346
 30
393.7814571115415
 10
238.73832970144352
 20
253.73832970144352
 30
399.6428571428571
 10
237.1473394437738
 20
252.1473394437738
 30
403.53997145988706
 10
233.9653589284343
 20
248.9653589284343
 30
403.53997145988706
 10
232.3743686707646
 20
247.3743686707646
 30
399.6428571428571
 10
233.9653589284343
 20
248.9653589284343
 30
395.74574282582716
 10
237.1473394437738
 20
252.1473394437738
 30
395.74574282582716
 10
230.1411109576749
 20
259.4828076115491
 30
401.6071428571429
 10
229.28007323485346
 20
257.4040786633987
 30
405.50425717417284
 10
227.55799778921053
 20
253.2466207670979
 30
405.50425717417284
 10
226.6969600663891
 20
251.1678918189475
 30
401.6071428571429
 10
227.55799778921053
 20
253.2466207670979
 30
397.71002854011294
 10
229.28007323485346
 20
257.4040786633987
 30
397.71002854011294
 10
220.00000000000006
 20
261.5
 30
403.57142857142856
 10
220.00000000000006
 20
259.25
 30
407.4685428884585
 10
220.00000000000006
 20
254.75
 30
407.4685428884585
 10
220.00000000000006
 20
252.5
 30
403.57142857142856
 10
220.00000000000006
 20
254.75
 30
399.6743142543986
 10
220.00000000000006
 20
259.25
 30
399.6743142543986
 10
209.85888904232513
 20
259.4828076115491
 30
405.53571428571433
 10
210.71992676514657
 20
257.4040786633987
 30
409.4328286027443
 10
212.4420022107895
 20
253.2466207670979
 30
409.4328286027443
 10
213.30303993361093
 20
251.1678918189475
 30
405.53571428571433
 10
212.4420022107895
 20
253.2466207670979
 30
401.6385999686844
 10
210.71992676514657
 20
257.4040786633987
 30
401.6385999686844
 10
201.26167029855654
 20
253.73832970144355
 30
407.5
 10
202.85266055622628
 20
252.14733944377383
 30
411.39711431702995
 10
206.03464107156572
 20
248.96535892843434
 30
411.39711431702995
 10
207.62563132923546
 20
247.37436867076462
 30
407.5
 10
206.03464107156572
 20
248.96535892843434
 30
403.60288568297005
 10
202.85266055622628
 20
252.14733944377383
 30
403.60288568297005
 10
195.5171923884509
 20
245.14111095767487
 30
409.46428571428567
 10
197.5959213366013
 20
244.28007323485343
 30
413.3614000313156
 10
201.7533792329021
 20
242.5579977892105
 30
413.3614000313156
 10
203.8321081810525
 20
241.69696006638907
 30
409.46428571428567
 10
201.7533792329021
 20
242.5579977892105
 30
405.5671713972557
 10
197.5959213366013
 20
244.28007323485343
 30
405.5671713972557
 10
193.5
 20
235.00000000000003
 30
411.42857142857144
 10
195.75
 20
235.00000000000003
 30
415.3256857456014
 10
200.25
 20
235.00000000000003
 30
415.3256857456014
 10
202.5
 20
235.00000000000003
 30
411.42857142857144
 10
200.25
 20
235.00000000000003
 30
407.5314571115415
 10
195.75
 20
235.00000000000003
 30
407.5314571115415
 10
195.5171923884509
 20
224.8588890423251
 30
413.3928571428571
 10
197.5959213366013
 20
225.71992676514654
 30
417.28997145988706
 10
201.7533792329021
 20
227.44200221078947
 30
417.28997145988706
 10
203.8321081810525
 20
228.3030399336109
 30
413.3928571428571
 10
201.7533792329021
 20
227.44200221078947
 30
409.49574282582716
 10
197.5959213366013
 20
225.71992676514654
 30
409.49574282582716
 10
201.26167029855648
 20
216.2616702985565
 30
415.3571428571429
 10
202.8526605562262
 20
217.85266055622623
 30
419.25425717417284
 10
206.0346410715657
 20
221.03464107156572
 30
419.25425717417284
 10
207.6256313292354
 20
222.62563132923543
 30
415.3571428571429
 10
206.0346410715657
 20
221.03464107156572
 30
411.46002854011294
 10
202.8526605562262
 20
217.85266055622623
 30
411.46002854011294
 10
209.858889042325
 20
210.51719238845098
 30
417.32142857142856
 10
210.71992676514645
 20
212.59592133660135
 30
421.2185428884585
 10
212.44200221078938
 20
216.75337923290215
 30
421.2185428884585
 10
213.30303993361085
 20
218.83210818105252
 30
417.32142857142856
 10
212.44200221078938
 20
216.75337923290215
 30
413.4243142543986
 10
210.71992676514645
 20
212.59592133660135
 30
413.4243142543986
 10
219.99999999999994
 20
208.5
 30
419.28571428571433
 10
219.99999999999994
 20
210.75
 30
423.1828286027443
 10
219.99999999999994
 20
215.25
 30
423.1828286027443
 10
219.99999999999994
 20
217.5
 30
419.28571428571433
 10
219.99999999999994
 20
215.25
 30
415.3885999686844
 10
219.99999999999994
 20
210.75
 30
415.3885999686844
 10
230.14111095767475
 20
210.51719238845087
 30
421.25
 10
229.28007323485332
 20
212.59592133660126
 30
425.14711431702995
 10
227.55799778921045
 20
216.75337923290206
 30
425.14711431702995
 10
226.696960066389
 20
218.83210818105246
 30
421.25
 10
227.55799778921045
 20
216.75337923290206
 30
417.35288568297005
 10
229.28007323485332
 20
212.59592133660126
 30
417.35288568297005
 10
238.73832970144346
 20
216.26167029855645
 30
423.21428571428567
 10
237.14733944377372
 20
217.85266055622617
 30
427.1114000313156
 10
233.96535892843428
 20
221.03464107156566
 30
427.1114000313156
 10
232.37436867076454
 20
222.62563132923538
 30
423.21428571428567
 10
233.96535892843428
 20
221.03464107156566
 30
419.3171713972557
 10
237.14733944377372
 20
217.85266055622617
 30
419.3171713972557
 10
244.4828076115491
 20
224.85888904232513
 30
425.17857142857144
 10
242.4040786633987
 20
225.71992676514657
 30
429.0756857456014
 10
238.2466207670979
 20
227.4420022107895
 30
429.0756857456014
 10
236.1678918189475
 20
228.30303993361093
 30
425.17857142857144
 10
238.2466207670979
 20
227.4420022107895
 30
421.2814571115415
 10
242.4040786633987
 20
225.71992676514657
 30
421.2814571115415
 10
246.5
 20
234.99999999999997
 30
427.1428571428571
 10
244.25
 20
234.99999999999997
 30
431.03997145988706
 10
239.75
 20
234.99999999999997
 30
431.03997145988706
 10
237.5
 20
234.99999999999997
 30
427.1428571428571
 10
239.75
 20
234.99999999999997
 30
423.24574282582716
 10
244.25
 20
234.99999999999997
 30
423.24574282582716
 10
244.48280761154913
 20
245.1411109576748
 30
429.1071428571429
 10
242.40407866339874
 20
244.28007323485335
 30
433.00425717417284
 10
238.24662076709794
 20
242.55799778921048
 30
433.00425717417284
 10
236.16789181894754
 20
241.696960066389
 30
429.1071428571429
 10
238.24662076709794
 20
242.55799778921048
 30
425.21002854011294
 10
242.40407866339874
 20
244.28007323485335
 30
425.21002854011294
 10
238.7383297014436
 20
253.73832970144346
 30
431.07142857142856
 10
237.14733944377386
 20
252.14733944377372
 30
434.9685428884585
 10
233.96535892843437
 20
248.96535892843428
 30
434.9685428884585
 10
232.37436867076462
 20
247.37436867076454
 30
431.07142857142856
 10
233.96535892843437
 20
248.96535892843428
 30
427.1743142543986
 10
237.14733944377386
 20
252.14733944377372
 30
427.1743142543986
 10
230.14111095767484
 20
259.4828076115491
 30
433.03571428571433
 10
229.28007323485338
 20
257.4040786633987
 30
436.9328286027443
 10
227.5579977892105
 20
253.24662076709794
 30
436.9328286027443
 10
226.69696006638904
 20
251.16789181894754
 30
433.03571428571433
 10
227.5579977892105
 20
253.24662076709794
 30
429.1385999686844
 10
229.28007323485338
 20
257.4040786633987
 30
429.1385999686844
 10
220.0
 20
261.5
 30
435.0
 10
220.0
 20
259.25
 30
438.89711431702995
 10
220.0
 20
254.75
 30
438.89711431702995
 10
220.0
 20
252.5
 30
435.0
 10
220.0
 20
254.75
 30
431.10288568297005
 10
220.0
 20
259.25
 30
431.10288568297005
 10
209.85888904232513
 20
259.4828076115491
 30
436.96428571428567
 10
210.71992676514657
 20
257.4040786633987
 30
440.8614000313156
 10
212.44200221078947
 20
253.2466207670979
 30
440.8614000313156
 10
213.30303993361093
 20
251.1678918189475
 30
436.96428571428567
 10
212.4420022107895
 20
253.2466207670979
 30
433.0671713972557
 10
210.71992676514657
 20
257.4040786633987
 30
433.0671713972557
 10
201.26167029855654
 20
253.73832970144355
 30
438.92857142857144
 10
202.85266055622628
 20
252.14733944377383
 30
442.8256857456014
 10
206.03464107156572
 20
248.96535892843434
 30
442.8256857456014
 10
207.62563132923546
 20
247.37436867076462
 30
438.92857142857144
 10
206.03464107156572
 20
248.96535892843434
 30
435.0314571115415
 10
202.85266055622628
 20
252.14733944377383
 30
435.0314571115415
 10
195.51719238845087
 20
245.1411109576748
 30
440.8928571428571
 10
197.59592133660126
 20
244.28007323485335
 30
444.78997145988706
 10
201.75337923290206
 20
242.55799778921048
 30
444.78997145988706
 10
203.83210818105246
 20
241.696960066389
 30
440.8928571428571
 10
201.75337923290206
 20
242.55799778921048
 30
436.99574282582716
 10
197.59592133660126
 20
244.28007323485335
 30
436.99574282582716
 10
193.5
 20
235.00000000000014
 30
442.8571428571429
 10
195.75
 20
235.0000000000001
 30
446.75425717417284
 10
200.25
 20
235.0000000000001
 30
446.75425717417284
 10
202.5
 20
235.00000000000009
 30
442.8571428571429
 10
200.25
 20
235.0000000000001
 30
438.96002854011294
 10
195.75
 20
235.0000000000001
 30
438.96002854011294
 10
195.51719238845084
 20
224.85888904232527
 30
444.82142857142856
 10
197.59592133660124
 20
225.7199267651467
 30
448.7185428884585
 10
201.75337923290203
 20
227.44200221078958
 30
448.7185428884585
 10
203.83210818105243
 20
228.30303993361102
 30
444.82142857142856
 10
201.75337923290203
 20
227.44200221078958
 30
440.9243142543986
 10
197.59592133660124
 20
225.7199267651467
 30
440.9243142543986
 10
201.26167029855648
 20
216.2616702985565
 30
446.78571428571433
 10
202.8526605562262
 20
217.85266055622623
 30
450.6828286027443
 10
206.0346410715657
 20
221.0346410715657
 30
450.6828286027443
 10
207.6256313292354
 20
222.62563132923543
 30
446.78571428571433
 10
206.0346410715657
 20
221.03464107156572
 30
442.8885999686844
 10
202.8526605562262
 20
217.85266055622623
 30
442.8885999686844
 10
209.85888904232525
 20
210.51719238845084
 30
448.75
 10
210.71992676514668
 20
212.59592133660124
 30
452.64711431702995
 10
212.44200221078955
 20
216.75337923290203
 30
452.64711431702995
 10
213.303039933611
 20
218.83210818105243
 30
448.75
 10
212.44200221078955
 20
216.75337923290203
 30
444.85288568297005
 10
210.71992676514668
 20
212.59592133660124
 30
444.85288568297005
 10
219.99999999999991
 20
208.5
 30
450.71428571428567
 10
219.99999999999994
 20
210.75
 30
454.6114000313156
 10
219.99999999999994
 20
215.25
 30
454.6114000313156
 10
219.99999999999997
 20
217.5
 30
450.71428571428567
 10
219.99999999999994
 20
215.25
 30
446.8171713972557
 10
219.99999999999994
 20
210.75
 30
446.8171713972557
 10
230.14111095767493
 20
210.51719238845092
 30
452.67857142857144
 10
229.2800732348535
 20
212.59592133660132
 30
456.5756857456014
 10
227.55799778921056
 20
216.75337923290212
 30
456.5756857456014
 10
226.69696006638912
 20
218.83210818105252
 30
452.67857142857144
 10
227.55799778921056
 20
216.75337923290212
 30
448.7814571115415
 10
229.2800732348535
 20
212.59592133660132
 30
448.7814571115415
 10
238.73832970144352
 20
216.2616702985565
 30
454.6428571428571
 10
237.1473394437738
 20
217.85266055622625
 30
458.53997145988706
 10
233.9653589284343
 20
221.0346410715657
 30
458.53997145988706
 10
232.3743686707646
 20
222.62563132923543
 30
454.6428571428571
 10
233.9653589284343
 20
221.03464107156572
 30
450.74574282582716
 10
237.1473394437738
 20
217.85266055622625
 30
450.74574282582716
 10
244.48280761154902
 20
224.85888904232496
 30
456.6071428571429
 10
242.40407866339865
 20
225.71992676514643
 30
460.50425717417284
 10
238.24662076709785
 20
227.44200221078935
 30
460.50425717417284
 10
236.16789181894748
 20
228.30303993361082
 30
456.6071428571429
 10
238.24662076709785
 20
227.44200221078935
 30
452.71002854011294
 10
242.40407866339865
 20
225.71992676514643
 30
452.71002854011294
 10
246.5
 20
234.99999999999997
 30
458.57142857142856
 10
244.25
 20
234.99999999999997
 30
462.4685428884585
 10
239.75
 20
234.99999999999997
 30
462.4685428884585
 10
237.5
 20
234.99999999999997
 30
458.57142857142856
 10
239.75
 20
234.99999999999997
 30
454.6743142543986
 10
244.25
 20
234.99999999999997
 30
454.6743142543986
 10
244.48280761154905
 20
245.14111095767498
 30
460.53571428571433
 10
242.40407866339868
 20
244.28007323485352
 30
464.4328286027443
 10
238.24662076709788
 20
242.5579977892106
 30
464.4328286027443
 10
236.1678918189475
 20
241.69696006638912
 30
460.53571428571433
 10
238.24662076709788
 20
242.5579977892106
 30
456.6385999686844
 10
242.40407866339868
 20
244.28007323485352
 30
456.6385999686844
 10
238.7383297014436
 20
253.73832970144343
 30
462.5
 10
237.14733944377386
 20
252.1473394437737
 30
466.39711431702995
 10
233.96535892843437
 20
248.96535892843426
 30
466.39711431702995
 10
232.37436867076462
 20
247.3743686707645
 30
462.5
 10
233.96535892843437
 20
248.96535892843426
 30
458.60288568297005
 10
237.14733944377386
 20
252.1473394437737
 30
458.60288568297005
 10
230.141110957675
 20
259.48280761154905
 30
464.46428571428567
 10
229.28007323485355
 20
257.40407866339865
 30
468.3614000313156
 10
227.55799778921062
 20
253.24662076709785
 30
468.3614000313156
 10
226.69696006638915
 20
251.16789181894748
 30
464.46428571428567
 10
227.55799778921062
 20
253.24662076709785
 30
460.5671713972557
 10
229.28007323485355
 20
257.40407866339865
 30
460.5671713972557
 10
220.0
 20
261.5
 30
466.42857142857144
 10
220.0
 20
259.25
 30
470.3256857456014
 10
220.0
 20
254.75
 30
470.3256857456014
 10
220.0
 20
252.5
 30
466.42857142857144
 10
220.0
 20
254.75
 30
462.5314571115415
 10
220.0
 20
259.25
 30
462.5314571115415
 10
209.85888904232516
 20
259.4828076115491
 30
468.3928571428571
 10
210.71992676514662
 20
257.4040786633987
 30
472.28997145988706
 10
212.4420022107895
 20
253.2466207670979
 30
472.28997145988706
 10
213.30303993361096
 20
251.1678918189475
 30
468.3928571428571
 10
212.44200221078952
 20
253.2466207670979
 30
464.49574282582716
 10
210.71992676514662
 20
257.4040786633987
 30
464.49574282582716
 10
201.26167029855654
 20
253.73832970144355
 30
470.3571428571429
 10
202.85266055622628
 20
252.14733944377383
 30
474.25425717417284
 10
206.03464107156572
 20
248.96535892843434
 30
474.25425717417284
 10
207.62563132923546
 20
247.37436867076462
 30
470.3571428571429
 10
206.03464107156572
 20
248.96535892843434
 30
466.46002854011294
 10
202.85266055622628
 20
252.14733944377383
 30
466.46002854011294
 10
195.51719238845095
 20
245.14111095767498
 30
472.32142857142856
 10
197.59592133660132
 20
244.28007323485352
 30
476.2185428884585
 10
201.75337923290212
 20
242.5579977892106
 30
476.2185428884585
 10
203.8321081810525
 20
241.69696006638912
 30
472.32142857142856
 10
201.75337923290212
 20
242.5579977892106
 30
468.4243142543986
 10
197.59592133660132
 20
244.28007323485352
 30
468.4243142543986
 10
193.5
 20
234.99999999999994
 30
474.28571428571433
 10
195.75
 20
234.99999999999994
 30
478.1828286027443
 10
200.25
 20
234.99999999999994
 30
478.1828286027443
 10
202.5
 20
234.99999999999994
 30
474.28571428571433
 10
200.25
 20
234.99999999999994
 30
470.3885999686844
 10
195.75
 20
234.99999999999994
 30
470.3885999686844
 10
195.51719238845084
 20
224.85888904232527
 30
476.25
 10
197.59592133660124
 20
225.7199267651467
 30
480.14711431702995
 10
201.75337923290203
 20
227.44200221078958
 30
480.14711431702995
 10
203.83210818105243
 20
228.30303993361102
 30
476.25
 10
201.75337923290203
 20
227.44200221078958
 30
472.35288568297005
 10
197.59592133660124
 20
225.7199267651467
 30
472.35288568297005
 10
201.26167029855648
 20
216.2616702985565
 30
478.21428571428567
 10
202.8526605562262
 20
217.85266055622623
 30
482.1114000313156
 10
206.0346410715657
 20
221.0346410715657
 30
482.1114000313156
 10
207.6256313292354
 20
222.62563132923543
 30
478.21428571428567
 10
206.0346410715657
 20
221.03464107156572
 30
474.3171713972557
 10
202.8526605562262
 20
217.85266055622623
 30
474.3171713972557
 10
209.85888904232507
 20
210.51719238845092
 30
480.17857142857144
 10
210.7199267651465
 20
212.59592133660132
 30
484.0756857456014
 10
212.44200221078944
 20
216.75337923290212
 30
484.0756857456014
 10
213.30303993361088
 20
218.83210818105252
 30
480.17857142857144
 10
212.44200221078944
 20
216.75337923290212
 30
476.2814571115415
 10
210.7199267651465
 20
212.59592133660132
 30
476.2814571115415
 10
219.9999999999999
 20
208.5
 30
482.1428571428571
 10
219.99999999999991
 20
210.75
 30
486.03997145988706
 10
219.99999999999991
 20
215.25
 30
486.03997145988706
 10
219.99999999999994
 20
217.5
 30
482.1428571428571
 10
219.99999999999991
 20
215.25
 30
478.24574282582716
 10
219.99999999999991
 20
210.75
 30
478.24574282582716
 10
230.14111095767475
 20
210.51719238845084
 30
484.1071428571429
 10
229.28007323485332
 20
212.59592133660124
 30
488.00425717417284
 10
227.55799778921045
 20
216.75337923290203
 30
488.00425717417284
 10
226.696960066389
 20
218.83210818105243
 30
484.1071428571429
 10
227.55799778921045
 20
216.75337923290203
 30
480.21002854011294
 10
229.28007323485332
 20
212.59592133660124
 30
480.21002854011294
 10
238.73832970144352
 20
216.2616702985565
 30
486.07142857142856
 10
237.1473394437738
 20
217.85266055622623
 30
489.9685428884585
 10
233.9653589284343
 20
221.0346410715657
 30
489.9685428884585
 10
232.3743686707646
 20
222.62563132923543
 30
486.07142857142856
 10
233.9653589284343
 20
221.03464107156572
 30
482.1743142543986
 10
237.1473394437738
 20
217.85266055622623
 30
482.1743142543986
 10
244.4828076115491
 20
224.8588890423251
 30
488.03571428571433
 10
242.4040786633987
 20
225.71992676514654
 30
491.9328286027443
 10
238.2466207670979
 20
227.44200221078947
 30
491.9328286027443
 10
236.1678918189475
 20
228.3030399336109
 30
488.03571428571433
 10
238.2466207670979
 20
227.44200221078947
 30
484.1385999686844
 10
242.4040786633987
 20
225.71992676514654
 30
484.1385999686844
 10
246.5
 20
234.99999999999997
 30
490.0
 10
244.25
 20
234.99999999999997
 30
493.89711431702995
 10
239.75
 20
234.99999999999997
 30
493.89711431702995
 10
237.5
 20
234.99999999999997
 30
490.0
 10
239.75
 20
234.99999999999997
 30
486.10288568297005
 10
244.25
 20
234.99999999999997
 30
486.10288568297005
 93
3360
 90
4
 90
0
 90
1
 90
7
 90
6
 90
4
 90
1
 90
2
 90
8
 90
7
 90
4
 90
2
 90
3
 90
9
 90
8
 90
4
 90
3
 90
4
 90
10
 90
9
 90
4
 90
4
 90
5
 90
11
 90
10
 90
4
 90
5
 90
0
 90
6
 90
11
 90
4
 90
6
 90
7
 90
13
 90
12
 90
4
 90
7
 90
8
 90
14
 90
13
 90
4
 90
8
 90
9
 90
15
 90
14
 90
4
 90
9
 90
10
 90
16
 90
15
 90
4
 90
10
 90
11
 90
17
 90
16
 90
4
 90
11
 90
6
 90
12
 90
17
 90
4
 90
12
 90
13
 90
19
 90
18
 90
4
 90
13
 90
14
 90
20
 90
19
 90
4
 90
14
 90
15
 90
21
 90
20
 90
4
 90
15
 90
16
 90
22
 90
21
 90
4
 90
16
 90
17
 90
23
 90
22
 90
4
 90
17
 90
12
 90
18
 90
23
 90
4
 90
18
 90
19
 90
25
 90
24
 90
4
 90
19
 90
20
 90
26
 90
25
 90
4
 90
20
 90
21
 90
27
 90
26
 90
4
 90
21
 90
22
 90
28
 90
27
 90
4
 90
22
 90
23
 90
29
 90
28
 90
4
 90
23
 90
18
 90
24
 90
29
 90
4
 90
24
 90
25
 90
31
 90
30
 90
4
 90
25
 90
26
 90
32
 90
31
 90
4
 90
26
 90
27
 90
33
 90
32
 90
4
 90
27
 90
28
 90
34
 90
33
 90
4
 90
28
 90
29
 90
35
 90
34
 90
4
 90
29
 90
24
 90
30
 90
35
 90
4
 90
30
 90
31
 90
37
 90
36
 90
4
 90
31
 90
32
 90
38
 90
37
 90
4
 90
32
 90
33
 90
39
 90
38
 90
4
 90
33
 90
34
 90
40
 90
39
 90
4
 90
34
 90
35
 90
41
 90
40
 90
4
 90
35
 90
30
 90
36
 90
41
 90
4
 90
36
 90
37
 90
43
 90
42
 90
4
 90
37
 90
38
 90
44
 90
43
 90
4
 90
38
 90
39
 90
45
 90
44
 90
4
 90
39
 90
40
 90
46
 90
45
 90
4
 90
40
 90
41
 90
47
 90
46
 90
4
 90
41
 90
36
 90
42
 90
47
 90
4
 90
42
 90
43
 90
49
 90
48
 90
4
 90
43
 90
44
 90
50
 90
49
 90
4
 90
44
 90
45
 90
51
 90
50
 90
4
 90
45
 90
46
 90
52
 90
51
 90
4
 90
46
 90
47
 90
53
 90
52
 90
4
 90
47
 90
42
 90
48
 90
53
 90
4
 90
48
 90
49
 90
55
 90
54
 90
4
 90
49
 90
50
 90
56
 90
55
 90
4
 90
50
 90
51
 90
57
 90
56
 90
4
 90
51
 90
52
 90
58
 90
57
 90
4
 90
52
 90
53
 90
59
 90
58
 90
4
 90
53
 90
48
 90
54
 90
59
 90
4
 90
54
 90
55
 90
61
 90
60
 90
4
 90
55
 90
56
 90
62
 90
61
 90
4
 90
56
 90
57
 90
63
 90
62
 90
4
 90
57
 90
58
 90
64
 90
63
 90
4
 90
58
 90
59
 90
65
 90
64
 90
4
 90
59
 90
54
 90
60
 90
65
 90
4
 90
60
 90
61
 90
67
 90
66
 90
4
 90
61
 90
62
 90
68
 90
67
 90
4
 90
62
 90
63
 90
69
 90
68
 90
4
 90
63
 90
64
 90
70
 90
69
 90
4
 90
64
 90
65
 90
71
 90
70
 90
4
 90
65
 90
60
 90
66
 90
71
 90
4
 90
66
 90
67
 90
73
 90
72
 90
4
 90
67
 90
68
 90
74
 90
73
 90
4
 90
68
 90
69
 90
75
 90
74
 90
4
 90
69
 90
70
 90
76
 90
75
 90
4
 90
70
 90
71
 90
77
 90
76
 90
4
 90
71
 90
66
 90
72
 90
77
 90
4
 90
72
 90
73
 90
79
 90
78
 90
4
 90
73
 90
74
 90
80
 90
79
 90
4
 90
74
 90
75
 90
81
 90
80
 90
4
 90
75
 90
76
 90
82
 90
81
 90
4
 90
76
 90
77
 90
83
 90
82
 90
4
 90
77
 90
72
 90
78
 90
83
 90
4
 90
78
 90
79
 90
85
 90
84
 90
4
 90
79
 90
80
 90
86
 90
85
 90
4
 90
80
 90
81
 90
87
 90
86
 90
4
 90
81
 90
82
 90
88
 90
87
 90
4
 90
82
 90
83
 90
89
 90
88
 90
4
 90
83
 90
78
 90
84
 90
89
 90
4
 90
84
 90
85
 90
91
 90
90
 90
4
 90
85
 90
86
 90
92
 90
91
 90
4
 90
86
 90
87
 90
93
 90
92
 90
4
 90
87
 90
88
 90
94
 90
93
 90
4
 90
88
 90
89
 90
95
 90
94
 90
4
 90
89
 90
84
 90
90
 90
95
 90
4
 90
90
 90
91
 90
97
 90
96
 90
4
 90
91
 90
92
 90
98
 90
97
 90
4
 90
92
 90
93
 90
99
 90
98
 90
4
 90
93
 90
94
 90
100
 90
99
 90
4
 90
94
 90
95
 90
101
 90
100
 90
4
 90
95
 90
90
 90
96
 90
101
 90
4
 90
96
 90
97
 90
103
 90
102
 90
4
 90
97
 90
98
 90
104
 90
103
 90
4
 90
98
 90
99
 90
105
 90
104
 90
4
 90
99
 90
100
 90
106
 90
105
 90
4
 90
100
 90
101
 90
107
 90
106
 90
4
 90
101
 90
96
 90
102
 90
107
 90
4
 90
102
 90
103
 90
109
 90
108
 90
4
 90
103
 90
104
 90
110
 90
109
 90
4
 90
104
 90
105
 90
111
 90
110
 90
4
 90
105
 90
106
 90
112
 90
111
 90
4
 90
106
 90
107
 90
113
 90
112
 90
4
 90
107
 90
102
 90
108
 90
113
 90
4
 90
108
 90
109
 90
115
 90
114
 90
4
 90
109
 90
110
 90
116
 90
115
 90
4
 90
110
 90
111
 90
117
 90
116
 90
4
 90
111
 90
112
 90
118
 90
117
 90
4
 90
112
 90
113
 90
119
 90
118
 90
4
 90
113
 90
108
 90
114
 90
119
 90
4
 90
114
 90
115
 90
121
 90
120
 90
4
 90
115
 90
116
 90
122
 90
121
 90
4
 90
116
 90
117
 90
123
 90
122
 90
4
 90
117
 90
118
 90
124
 90
123
 90
4
 90
118
 90
119
 90
125
 90
124
 90
4
 90
119
 90
114
 90
120
 90
125
 90
4
 90
120
 90
121
 90
127
 90
126
 90
4
 90
121
 90
122
 90
128
 90
127
 90
4
 90
122
 90
123
 90
129
 90
128
 90
4
 90
123
 90
124
 90
130
 90
129
 90
4
 90
124
 90
125
 90
131
 90
130
 90
4
 90
125
 90
120
 90
126
 90
131
 90
4
 90
126
 90
127
 90
133
 90
132
 90
4
 90
127
 90
128
 90
134
 90
133
 90
4
 90
128
 90
129
 90
135
 90
134
 90
4
 90
129
 90
130
 90
136
 90
135
 90
4
 90
130
 90
131
 90
137
 90
136
 90
4
 90
131
 90
126
 90
132
 90
137
 90
4
 90
132
 90
133
 90
139
 90
138
 90
4
 90
133
 90
134
 90
140
 90
139
 90
4
 90
134
 90
135
 90
141
 90
140
 90
4
 90
135
 90
136
 90
142
 90
141
 90
4
 90
136
 90
137
 90
143
 90
142
 90
4
 90
137
 90
132
 90
138
 90
143
 90
4
 90
138
 90
139
 90
145
 90
144
 90
4
 90
139
 90
140
 90
146
 90
145
 90
4
 90
140
 90
141
 90
147
 90
146
 90
4
 90
141
 90
142
 90
148
 90
147
 90
4
 90
142
 90
143
 90
149
 90
148
 90
4
 90
143
 90
138
 90
144
 90
149
 90
4
 90
144
 90
145
 90
151
 90
150
 90
4
 90
145
 90
146
 90
152
 90
151
 90
4
 90
146
 90
147
 90
153
 90
152
 90
4
 90
147
 90
148
 90
154
 90
153
 90
4
 90
148
 90
149
 90
155
 90
154
 90
4
 90
149
 90
144
 90
150
 90
155
 90
4
 90
150
 90
151
 90
157
 90
156
 90
4
 90
151
 90
152
 90
158
 90
157
 90
4
 90
152
 90
153
 90
159
 90
158
 90
4
 90
153
 90
154
 90
160
 90
159
 90
4
 90
154
 90
155
 90
161
 90
160
 90
4
 90
155
 90
150
 90
156
 90
161
 90
4
 90
156
 90
157
 90
163
 90
162
 90
4
 90
157
 90
158
 90
164
 90
163
 90
4
 90
158
 90
159
 90
165
 90
164
 90
4
 90
159
 90
160
 90
166
 90
165
 90
4
 90
160
 90
161
 90
167
 90
166
 90
4
 90
161
 90
156
 90
162
 90
167
 90
4
 90
162
 90
163
 90
169
 90
168
 90
4
 90
163
 90
164
 90
170
 90
169
 90
4
 90
164
 90
165
 90
171
 90
170
 90
4
 90
165
 90
166
 90
172
 90
171
 90
4
 90
166
 90
167
 90
173
 90
172
 90
4
 90
167
 90
162
 90
168
 90
173
 90
4
 90
168
 90
169
 90
175
 90
174
 90
4
 90
169
 90
170
 90
176
 90
175
 90
4
 90
170
 90
171
 90
177
 90
176
 90
4
 90
171
 90
172
 90
178
 90
177
 90
4
 90
172
 90
173
 90
179
 90
178
 90
4
 90
173
 90
168
 90
174
 90
179
 90
4
 90
174
 90
175
 90
181
 90
180
 90
4
 90
175
 90
176
 90
182
 90
181
 90
4
 90
176
 90
177
 90
183
 90
182
 90
4
 90
177
 90
178
 90
184
 90
183
 90
4
 90
178
 90
179
 90
185
 90
184
 90
4
 90
179
 90
174
 90
180
 90
185
 90
4
 90
180
 90
181
 90
187
 90
186
 90
4
 90
181
 90
182
 90
188
 90
187
 90
4
 90
182
 90
183
 90
189
 90
188
 90
4
 90
183
 90
184
 90
190
 90
189
 90
4
 90
184
 90
185
 90
191
 90
190
 90
4
 90
185
 90
180
 90
186
 90
191
 90
4
 90
186
 90
187
 90
193
 90
192
 90
4
 90
187
 90
188
 90
194
 90
193
 90
4
 90
188
 90
189
 90
195
 90
194
 90
4
 90
189
 90
190
 90
196
 90
195
 90
4
 90
190
 90
191
 90
197
 90
196
 90
4
 90
191
 90
186
 90
192
 90
197
 90
4
 90
192
 90
193
 90
199
 90
198
 90
4
 90
193
 90
194
 90
200
 90
199
 90
4
 90
194
 90
195
 90
201
 90
200
 90
4
 90
195
 90
196
 90
202
 90
201
 90
4
 90
196
 90
197
 90
203
 90
202
 90
4
 90
197
 90
192
 90
198
 90
203
 90
4
 90
198
 90
199
 90
205
 90
204
 90
4
 90
199
 90
200
 90
206
 90
205
 90
4
 90
200
 90
201
 90
207
 90
206
 90
4
 90
201
 90
202
 90
208
 90
207
 90
4
 90
202
 90
203
 90
209
 90
208
 90
4
 90
203
 90
198
 90
204
 90
209
 90
4
 90
204
 90
205
 90
211
 90
210
 90
4
 90
205
 90
206
 90
212
 90
211
 90
4
 90
206
 90
207
 90
213
 90
212
 90
4
 90
207
 90
208
 90
214
 90
213
 90
4
 90
208
 90
209
 90
215
 90
214
 90
4
 90
209
 90
204
 90
210
 90
215
 90
4
 90
210
 90
211
 90
217
 90
216
 90
4
 90
211
 90
212
 90
218
 90
217
 90
4
 90
212
 90
213
 90
219
 90
218
 90
4
 90
213
 90
214
 90
220
 90
219
 90
4
 90
214
 90
215
 90
221
 90
220
 90
4
 90
215
 90
210
 90
216
 90
221
 90
4
 90
216
 90
217
 90
223
 90
222
 90
4
 90
217
 90
218
 90
224
 90
223
 90
4
 90
218
 90
219
 90
225
 90
224
 90
4
 90
219
 90
220
 90
226
 90
225
 90
4
 90
220
 90
221
 90
227
 90
226
 90
4
 90
221
 90
216
 90
222
 90
227
 90
4
 90
222
 90
223
 90
229
 90
228
 90
4
 90
223
 90
224
 90
230
 90
229
 90
4
 90
224
 90
225
 90
231
 90
230
 90
4
 90
225
 90
226
 90
232
 90
231
 90
4
 90
226
 90
227
 90
233
 90
232
 90
4
 90
227
 90
222
 90
228
 90
233
 90
4
 90
228
 90
229
 90
235
 90
234
 90
4
 90
229
 90
230
 90
236
 90
235
 90
4
 90
230
 90
231
 90
237
 90
236
 90
4
 90
231
 90
232
 90
238
 90
237
 90
4
 90
232
 90
233
 90
239
 90
238
 90
4
 90
233
 90
228
 90
234
 90
239
 90
4
 90
234
 90
235
 90
241
 90
240
 90
4
 90
235
 90
236
 90
242
 90
241
 90
4
 90
236
 90
237
 90
243
 90
242
 90
4
 90
237
 90
238
 90
244
 90
243
 90
4
 90
238
 90
239
 90
245
 90
244
 90
4
 90
239
 90
234
 90
240
 90
245
 90
4
 90
240
 90
241
 90
247
 90
246
 90
4
 90
241
 90
242
 90
248
 90
247
 90
4
 90
242
 90
243
 90
249
 90
248
 90
4
 90
243
 90
244
 90
250
 90
249
 90
4
 90
244
 90
245
 90
251
 90
250
 90
4
 90
245
 90
240
 90
246
 90
251
 90
4
 90
246
 90
247
 90
253
 90
252
 90
4
 90
247
 90
248
 90
254
 90
253
 90
4
 90
248
 90
249
 90
255
 90
254
 90
4
 90
249
 90
250
 90
256
 90
255
 90
4
 90
250
 90
251
 90
257
 90
256
 90
4
 90
251
 90
246
 90
252
 90
257
 90
4
 90
252
 90
253
 90
259
 90
258
 90
4
 90
253
 90
254
 90
260
 90
259
 90
4
 90
254
 90
255
 90
261
 90
260
 90
4
 90
255
 90
256
 90
262
 90
261
 90
4
 90
256
 90
257
 90
263
 90
262
 90
4
 90
257
 90
252
 90
258
 90
263
 90
4
 90
258
 90
259
 90
265
 90
264
 90
4
 90
259
 90
260
 90
266
 90
265
 90
4
 90
260
 90
261
 90
267
 90
266
 90
4
 90
261
 90
262
 90
268
 90
267
 90
4
 90
262
 90
263
 90
269
 90
268
 90
4
 90
263
 90
258
 90
264
 90
269
 90
4
 90
264
 90
265
 90
271
 90
270
 90
4
 90
265
 90
266
 90
272
 90
271
 90
4
 90
266
 90
267
 90
273
 90
272
 90
4
 90
267
 90
268
 90
274
 90
273
 90
4
 90
268
 90
269
 90
275
 90
274
 90
4
 90
269
 90
264
 90
270
 90
275
 90
4
 90
270
 90
271
 90
277
 90
276
 90
4
 90
271
 90
272
 90
278
 90
277
 90
4
 90
272
 90
273
 90
279
 90
278
 90
4
 90
273
 90
274
 90
280
 90
279
 90
4
 90
274
 90
275
 90
281
 90
280
 90
4
 90
275
 90
270
 90
276
 90
281
 90
4
 90
276
 90
277
 90
283
 90
282
 90
4
 90
277
 90
278
 90
284
 90
283
 90
4
 90
278
 90
279
 90
285
 90
284
 90
4
 90
279
 90
280
 90
286
 90
285
 90
4
 90
280
 90
281
 90
287
 90
286
 90
4
 90
281
 90
276
 90
282
 90
287
 90
4
 90
282
 90
283
 90
289
 90
288
 90
4
 90
283
 90
284
 90
290
 90
289
 90
4
 90
284
 90
285
 90
291
 90
290
 90
4
 90
285
 90
286
 90
292
 90
291
 90
4
 90
286
 90
287
 90
293
 90
292
 90
4
 90
287
 90
282
 90
288
 90
293
 90
4
 90
288
 90
289
 90
295
 90
294
 90
4
 90
289
 90
290
 90
296
 90
295
 90
4
 90
290
 90
291
 90
297
 90
296
 90
4
 90
291
 90
292
 90
298
 90
297
 90
4
 90
292
 90
293
 90
299
 90
298
 90
4
 90
293
 90
288
 90
294
 90
299
 90
4
 90
294
 90
295
 90
301
 90
300
 90
4
 90
295
 90
296
 90
302
 90
301
 90
4
 90
296
 90
297
 90
303
 90
302
 90
4
 90
297
 90
298
 90
304
 90
303
 90
4
 90
298
 90
299
 90
305
 90
304
 90
4
 90
299
 90
294
 90
300
 90
305
 90
4
 90
300
 90
301
 90
307
 90
306
 90
4
 90
301
 90
302
 90
308
 90
307
 90
4
 90
302
 90
303
 90
309
 90
308
 90
4
 90
303
 90
304
 90
310
 90
309
 90
4
 90
304
 90
305
 90
311
 90
310
 90
4
 90
305
 90
300
 90
306
 90
311
 90
4
 90
306
 90
307
 90
313
 90
312
 90
4
 90
307
 90
308
 90
314
 90
313
 90
4
 90
308
 90
309
 90
315
 90
314
 90
4
 90
309
 90
310
 90
316
 90
315
 90
4
 90
310
 90
311
 90
317
 90
316
 90
4
 90
311
 90
306
 90
312
 90
317
 90
4
 90
312
 90
313
 90
319
 90
318
 90
4
 90
313
 90
314
 90
320
 90
319
 90
4
 90
314
 90
315
 90
321
 90
320
 90
4
 90
315
 90
316
 90
322
 90
321
 90
4
 90
316
 90
317
 90
323
 90
322
 90
4
 90
317
 90
312
 90
318
 90
323
 90
4
 90
318
 90
319
 90
325
 90
324
 90
4
 90
319
 90
320
 90
326
 90
325
 90
4
 90
320
 90
321
 90
327
 90
326
 90
4
 90
321
 90
322
 90
328
 90
327
 90
4
 90
322
 90
323
 90
329
 90
328
 90
4
 90
323
 90
318
 90
324
 90
329
 90
4
 90
324
 90
325
 90
331
 90
330
 90
4
 90
325
 90
326
 90
332
 90
331
 90
4
 90
326
 90
327
 90
333
 90
332
 90
4
 90
327
 90
328
 90
334
 90
333
 90
4
 90
328
 90
329
 90
335
 90
334
 90
4
 90
329
 90
324
 90
330
 90
335
 90
4
 90
330
 90
331
 90
337
 90
336
 90
4
 90
331
 90
332
 90
338
 90
337
 90
4
 90
332
 90
333
 90
339
 90
338
 90
4
 90
333
 90
334
 90
340
 90
339
 90
4
 90
334
 90
335
 90
341
 90
340
 90
4
 90
335
 90
330
 90
336
 90
341
 90
4
 90
336
 90
337
 90
343
 90
342
 90
4
 90
337
 90
338
 90
344
 90
343
 90
4
 90
338
 90
339
 90
345
 90
344
 90
4
 90
339
 90
340
 90
346
 90
345
 90
4
 90
340
 90
341
 90
347
 90
346
 90
4
 90
341
 90
336
 90
342
 90
347
 90
4
 90
342
 90
343
 90
349
 90
348
 90
4
 90
343
 90
344
 90
350
 90
349
 90
4
 90
344
 90
345
 90
351
 90
350
 90
4
 90
345
 90
346
 90
352
 90
351
 90
4
 90
346
 90
347
 90
353
 90
352
 90
4
 90
347
 90
342
 90
348
 90
353
 90
4
 90
348
 90
349
 90
355
 90
354
 90
4
 90
349
 90
350
 90
356
 90
355
 90
4
 90
350
 90
351
 90
357
 90
356
 90
4
 90
351
 90
352
 90
358
 90
357
 90
4
 90
352
 90
353
 90
359
 90
358
 90
4
 90
353
 90
348
 90
354
 90
359
 90
4
 90
354
 90
355
 90
361
 90
360
 90
4
 90
355
 90
356
 90
362
 90
361
 90
4
 90
356
 90
357
 90
363
 90
362
 90
4
 90
357
 90
358
 90
364
 90
363
 90
4
 90
358
 90
359
 90
365
 90
364
 90
4
 90
359
 90
354
 90
360
 90
365
 90
4
 90
360
 90
361
 90
367
 90
366
 90
4
 90
361
 90
362
 90
368
 90
367
 90
4
 90
362
 90
363
 90
369
 90
368
 90
4
 90
363
 90
364
 90
370
 90
369
 90
4
 90
364
 90
365
 90
371
 90
370
 90
4
 90
365
 90
360
 90
366
 90
371
 90
4
 90
366
 90
367
 90
373
 90
372
 90
4
 90
367
 90
368
 90
374
 90
373
 90
4
 90
368
 90
369
 90
375
 90
374
 90
4
 90
369
 90
370
 90
376
 90
375
 90
4
 90
370
 90
371
 90
377
 90
376
 90
4
 90
371
 90
366
 90
372
 90
377
 90
4
 90
372
 90
373
 90
379
 90
378
 90
4
 90
373
 90
374
 90
380
 90
379
 90
4
 90
374
 90
375
 90
381
 90
380
 90
4
 90
375
 90
376
 90
382
 90
381
 90
4
 90
376
 90
377
 90
383
 90
382
 90
4
 90
377
 90
372
 90
378
 90
383
 90
4
 90
378
 90
379
 90
385
 90
384
 90
4
 90
379
 90
380
 90
386
 90
385
 90
4
 90
380
 90
381
 90
387
 90
386
 90
4
 90
381
 90
382
 90
388
 90
387
 90
4
 90
382
 90
383
 90
389
 90
388
 90
4
 90
383
 90
378
 90
384
 90
389
 90
4
 90
384
 90
385
 90
391
 90
390
 90
4
 90
385
 90
386
 90
392
 90
391
 90
4
 90
386
 90
387
 90
393
 90
392
 90
4
 90
387
 90
388
 90
394
 90
393
 90
4
 90
388
 90
389
 90
395
 90
394
 90
4
 90
389
 90
384
 90
390
 90
395
 90
4
 90
390
 90
391
 90
397
 90
396
 90
4
 90
391
 90
392
 90
398
 90
397
 90
4
 90
392
 90
393
 90
399
 90
398
 90
4
 90
393
 90
394
 90
400
 90
399
 90
4
 90
394
 90
395
 90
401
 90
400
 90
4
 90
395
 90
390
 90
396
 90
401
 90
4
 90
396
 90
397
 90
403
 90
402
 90
4
 90
397
 90
398
 90
404
 90
403
 90
4
 90
398
 90
399
 90
405
 90
404
 90
4
 90
399
 90
400
 90
406
 90
405
 90
4
 90
400
 90
401
 90
407
 90
406
 90
4
 90
401
 90
396
 90
402
 90
407
 90
4
 90
402
 90
403
 90
409
 90
408
 90
4
 90
403
 90
404
 90
410
 90
409
 90
4
 90
404
 90
405
 90
411
 90
410
 90
4
 90
405
 90
406
 90
412
 90
411
 90
4
 90
406
 90
407
 90
413
 90
412
 90
4
 90
407
 90
402
 90
408
 90
413
 90
4
 90
408
 90
409
 90
415
 90
414
 90
4
 90
409
 90
410
 90
416
 90
415
 90
4
 90
410
 90
411
 90
417
 90
416
 90
4
 90
411
 90
412
 90
418
 90
417
 90
4
 90
412
 90
413
 90
419
 90
418
 90
4
 90
413
 90
408
 90
414
 90
419
 90
4
 90
414
 90
415
 90
421
 90
420
 90
4
 90
415
 90
416
 90
422
 90
421
 90
4
 90
416
 90
417
 90
423
 90
422
 90
4
 90
417
 90
418
 90
424
 90
423
 90
4
 90
418
 90
419
 90
425
 90
424
 90
4
 90
419
 90
414
 90
420
 90
425
 90
4
 90
420
 90
421
 90
427
 90
426
 90
4
 90
421
 90
422
 90
428
 90
427
 90
4
 90
422
 90
423
 90
429
 90
428
 90
4
 90
423
 90
424
 90
430
 90
429
 90
4
 90
424
 90
425
 90
431
 90
430
 90
4
 90
425
 90
420
 90
426
 90
431
 90
4
 90
426
 90
427
 90
433
 90
432
 90
4
 90
427
 90
428
 90
434
 90
433
 90
4
 90
428
 90
429
 90
435
 90
434
 90
4
 90
429
 90
430
 90
436
 90
435
 90
4
 90
430
 90
431
 90
437
 90
436
 90
4
 90
431
 90
426
 90
432
 90
437
 90
4
 90
432
 90
433
 90
439
 90
438
 90
4
 90
433
 90
434
 90
440
 90
439
 90
4
 90
434
 90
435
 90
441
 90
440
 90
4
 90
435
 90
436
 90
442
 90
441
 90
4
 90
436
 90
437
 90
443
 90
442
 90
4
 90
437
 90
432
 90
438
 90
443
 90
4
 90
438
 90
439
 90
445
 90
444
 90
4
 90
439
 90
440
 90
446
 90
445
 90
4
 90
440
 90
441
 90
447
 90
446
 90
4
 90
441
 90
442
 90
448
 90
447
 90
4
 90
442
 90
443
 90
449
 90
448
 90
4
 90
443
 90
438
 90
444
 90
449
 90
4
 90
444
 90
445
 90
451
 90
450
 90
4
 90
445
 90
446
 90
452
 90
451
 90
4
 90
446
 90
447
 90
453
 90
452
 90
4
 90
447
 90
448
 90
454
 90
453
 90
4
 90
448
 90
449
 90
455
 90
454
 90
4
 90
449
 90
444
 90
450
 90
455
 90
4
 90
450
 90
451
 90
457
 90
456
 90
4
 90
451
 90
452
 90
458
 90
457
 90
4
 90
452
 90
453
 90
459
 90
458
 90
4
 90
453
 90
454
 90
460
 90
459
 90
4
 90
454
 90
455
 90
461
 90
460
 90
4
 90
455
 90
450
 90
456
 90
461
 90
4
 90
456
 90
457
 90
463
 90
462
 90
4
 90
457
 90
458
 90
464
 90
463
 90
4
 90
458
 90
459
 90
465
 90
464
 90
4
 90
459
 90
460
 90
466
 90
465
 90
4
 90
460
 90
461
 90
467
 90
466
 90
4
 90
461
 90
456
 90
462
 90
467
 90
4
 90
462
 90
463
 90
469
 90
468
 90
4
 90
463
 90
464
 90
470
 90
469
 90
4
 90
464
 90
465
 90
471
 90
470
 90
4
 90
465
 90
466
 90
472
 90
471
 90
4
 90
466
 90
467
 90
473
 90
472
 90
4
 90
467
 90
462
 90
468
 90
473
 90
4
 90
468
 90
469
 90
475
 90
474
 90
4
 90
469
 90
470
 90
476
 90
475
 90
4
 90
470
 90
471
 90
477
 90
476
 90
4
 90
471
 90
472
 90
478
 90
477
 90
4
 90
472
 90
473
 90
479
 90
478
 90
4
 90
473
 90
468
 90
474
 90
479
 90
4
 90
474
 90
475
 90
481
 90
480
 90
4
 90
475
 90
476
 90
482
 90
481
 90
4
 90
476
 90
477
 90
483
 90
482
 90
4
 90
477
 90
478
 90
484
 90
483
 90
4
 90
478
 90
479
 90
485
 90
484
 90
4
 90
479
 90
474
 90
480
 90
485
 90
4
 90
480
 90
481
 90
487
 90
486
 90
4
 90
481
 90
482
 90
488
 90
487
 90
4
 90
482
 90
483
 90
489
 90
488
 90
4
 90
483
 90
484
 90
490
 90
489
 90
4
 90
484
 90
485
 90
491
 90
490
 90
4
 90
485
 90
480
 90
486
 90
491
 90
4
 90
486
 90
487
 90
493
 90
492
 90
4
 90
487
 90
488
 90
494
 90
493
 90
4
 90
488
 90
489
 90
495
 90
494
 90
4
 90
489
 90
490
 90
496
 90
495
 90
4
 90
490
 90
491
 90
497
 90
496
 90
4
 90
491
 90
486
 90
492
 90
497
 90
4
 90
492
 90
493
 90
499
 90
498
 90
4
 90
493
 90
494
 90
500
 90
499
 90
4
 90
494
 90
495
 90
501
 90
500
 90
4
 90
495
 90
496
 90
502
 90
501
 90
4
 90
496
 90
497
 90
503
 90
502
 90
4
 90
497
 90
492
 90
498
 90
503
 90
4
 90
498
 90
499
 90
505
 90
504
 90
4
 90
499
 90
500
 90
506
 90
505
 90
4
 90
500
 90
501
 90
507
 90
506
 90
4
 90
501
 90
502
 90
508
 90
507
 90
4
 90
502
 90
503
 90
509
 90
508
 90
4
 90
503
 90
498
 90
504
 90
509
 90
4
 90
504
 90
505
 90
511
 90
510
 90
4
 90
505
 90
506
 90
512
 90
511
 90
4
 90
506
 90
507
 90
513
 90
512
 90
4
 90
507
 90
508
 90
514
 90
513
 90
4
 90
508
 90
509
 90
515
 90
514
 90
4
 90
509
 90
504
 90
510
 90
515
 90
4
 90
510
 90
511
 90
517
 90
516
 90
4
 90
511
 90
512
 90
518
 90
517
 90
4
 90
512
 90
513
 90
519
 90
518
 90
4
 90
513
 90
514
 90
520
 90
519
 90
4
 90
514
 90
515
 90
521
 90
520
 90
4
 90
515
 90
510
 90
516
 90
521
 90
4
 90
516
 90
517
 90
523
 90
522
 90
4
 90
517
 90
518
 90
524
 90
523
 90
4
 90
518
 90
519
 90
525
 90
524
 90
4
 90
519
 90
520
 90
526
 90
525
 90
4
 90
520
 90
521
 90
527
 90
526
 90
4
 90
521
 90
516
 90
522
 90
527
 90
4
 90
522
 90
523
 90
529
 90
528
 90
4
 90
523
 90
524
 90
530
 90
529
 90
4
 90
524
 90
525
 90
531
 90
530
 90
4
 90
525
 90
526
 90
532
 90
531
 90
4
 90
526
 90
527
 90
533
 90
532
 90
4
 90
527
 90
522
 90
528
 90
533
 90
4
 90
528
 90
529
 90
535
 90
534
 90
4
 90
529
 90
530
 90
536
 90
535
 90
4
 90
530
 90
531
 90
537
 90
536
 90
4
 90
531
 90
532
 90
538
 90
537
 90
4
 90
532
 90
533
 90
539
 90
538
 90
4
 90
533
 90
528
 90
534
 90
539
 90
4
 90
534
 90
535
 90
541
 90
540
 90
4
 90
535
 90
536
 90
542
 90
541
 90
4
 90
536
 90
537
 90
543
 90
542
 90
4
 90
537
 90
538
 90
544
 90
543
 90
4
 90
538
 90
539
 90
545
 90
544
 90
4
 90
539
 90
534
 90
540
 90
545
 90
4
 90
540
 90
541
 90
547
 90
546
 90
4
 90
541
 90
542
 90
548
 90
547
 90
4
 90
542
 90
543
 90
549
 90
548
 90
4
 90
543
 90
544
 90
550
 90
549
 90
4
 90
544
 90
545
 90
551
 90
550
 90
4
 90
545
 90
540
 90
546
 90
551
 90
4
 90
546
 90
547
 90
553
 90
552
 90
4
 90
547
 90
548
 90
554
 90
553
 90
4
 90
548
 90
549
 90
555
 90
554
 90
4
 90
549
 90
550
 90
556
 90
555
 90
4
 90
550
 90
551
 90
557
 90
556
 90
4
 90
551
 90
546
 90
552
 90
557
 90
4
 90
552
 90
553
 90
559
 90
558
 90
4
 90
553
 90
554
 90
560
 90
559
 90
4
 90
554
 90
555
 90
561
 90
560
 90
4
 90
555
 90
556
 90
562
 90
561
 90
4
 90
556
 90
557
 90
563
 90
562
 90
4
 90
557
 90
552
 90
558
 90
563
 90
4
 90
558
 90
559
 90
565
 90
564
 90
4
 90
559
 90
560
 90
566
 90
565
 90
4
 90
560
 90
561
 90
567
 90
566
 90
4
 90
561
 90
562
 90
568
 90
567
 90
4
 90
562
 90
563
 90
569
 90
568
 90
4
 90
563
 90
558
 90
564
 90
569
 90
4
 90
564
 90
565
 90
571
 90
570
 90
4
 90
565
 90
566
 90
572
 90
571
 90
4
 90
566
 90
567
 90
573
 90
572
 90
4
 90
567
 90
568
 90
574
 90
573
 90
4
 90
568
 90
569
 90
575
 90
574
 90
4
 90
569
 90
564
 90
570
 90
575
 90
4
 90
570
 90
571
 90
577
 90
576
 90
4
 90
571
 90
572
 90
578
 90
577
 90
4
 90
572
 90
573
 90
579
 90
578
 90
4
 90
573
 90
574
 90
580
 90
579
 90
4
 90
574
 90
575
 90
581
 90
580
 90
4
 90
575
 90
570
 90
576
 90
581
 90
4
 90
576
 90
577
 90
583
 90
582
 90
4
 90
577
 90
578
 90
584
 90
583
 90
4
 90
578
 90
579
 90
585
 90
584
 90
4
 90
579
 90
580
 90
586
 90
585
 90
4
 90
580
 90
581
 90
587
 90
586
 90
4
 90
581
 90
576
 90
582
 90
587
 90
4
 90
582
 90
583
 90
589
 90
588
 90
4
 90
583
 90
584
 90
590
 90
589
 90
4
 90
584
 90
585
 90
591
 90
590
 90
4
 90
585
 90
586
 90
592
 90
591
 90
4
 90
586
 90
587
 90
593
 90
592
 90
4
 90
587
 90
582
 90
588
 90
593
 90
4
 90
588
 90
589
 90
595
 90
594
 90
4
 90
589
 90
590
 90
596
 90
595
 90
4
 90
590
 90
591
 90
597
 90
596
 90
4
 90
591
 90
592
 90
598
 90
597
 90
4
 90
592
 90
593
 90
599
 90
598
 90
4
 90
593
 90
588
 90
594
 90
599
 90
4
 90
594
 90
595
 90
601
 90
600
 90
4
 90
595
 90
596
 90
602
 90
601
 90
4
 90
596
 90
597
 90
603
 90
602
 90
4
 90
597
 90
598
 90
604
 90
603
 90
4
 90
598
 90
599
 90
605
 90
604
 90
4
 90
599
 90
594
 90
600
 90
605
 90
4
 90
600
 90
601
 90
607
 90
606
 90
4
 90
601
 90
602
 90
608
 90
607
 90
4
 90
602
 90
603
 90
609
 90
608
 90
4
 90
603
 90
604
 90
610
 90
609
 90
4
 90
604
 90
605
 90
611
 90
610
 90
4
 90
605
 90
600
 90
606
 90
611
 90
4
 90
606
 90
607
 90
613
 90
612
 90
4
 90
607
 90
608
 90
614
 90
613
 90
4
 90
608
 90
609
 90
615
 90
614
 90
4
 90
609
 90
610
 90
616
 90
615
 90
4
 90
610
 90
611
 90
617
 90
616
 90
4
 90
611
 90
606
 90
612
 90
617
 90
4
 90
612
 90
613
 90
619
 90
618
 90
4
 90
613
 90
614
 90
620
 90
619
 90
4
 90
614
 90
615
 90
621
 90
620
 90
4
 90
615
 90
616
 90
622
 90
621
 90
4
 90
616
 90
617
 90
623
 90
622
 90
4
 90
617
 90
612
 90
618
 90
623
 90
4
 90
618
 90
619
 90
625
 90
624
 90
4
 90
619
 90
620
 90
626
 90
625
 90
4
 90
620
 90
621
 90
627
 90
626
 90
4
 90
621
 90
622
 90
628
 90
627
 90
4
 90
622
 90
623
 90
629
 90
628
 90
4
 90
623
 90
618
 90
624
 90
629
 90
4
 90
624
 90
625
 90
631
 90
630
 90
4
 90
625
 90
626
 90
632
 90
631
 90
4
 90
626
 90
627
 90
633
 90
632
 90
4
 90
627
 90
628
 90
634
 90
633
 90
4
 90
628
 90
629
 90
635
 90
634
 90
4
 90
629
 90
624
 90
630
 90
635
 90
4
 90
630
 90
631
 90
637
 90
636
 90
4
 90
631
 90
632
 90
638
 90
637
 90
4
 90
632
 90
633
 90
639
 90
638
 90
4
 90
633
 90
634
 90
640
 90
639
 90
4
 90
634
 90
635
 90
641
 90
640
 90
4
 90
635
 90
630
 90
636
 90
641
 90
4
 90
636
 90
637
 90
643
 90
642
 90
4
 90
637
 90
638
 90
644
 90
643
 90
4
 90
638
 90
639
 90
645
 90
644
 90
4
 90
639
 90
640
 90
646
 90
645
 90
4
 90
640
 90
641
 90
647
 90
646
 90
4
 90
641
 90
636
 90
642
 90
647
 90
4
 90
642
 90
643
 90
649
 90
648
 90
4
 90
643
 90
644
 90
650
 90
649
 90
4
 90
644
 90
645
 90
651
 90
650
 90
4
 90
645
 90
646
 90
652
 90
651
 90
4
 90
646
 90
647
 90
653
 90
652
 90
4
 90
647
 90
642
 90
648
 90
653
 90
4
 90
648
 90
649
 90
655
 90
654
 90
4
 90
649
 90
650
 90
656
 90
655
 90
4
 90
650
 90
651
 90
657
 90
656
 90
4
 90
651
 90
652
 90
658
 90
657
 90
4
 90
652
 90
653
 90
659
 90
658
 90
4
 90
653
 90
648
 90
654
 90
659
 90
4
 90
654
 90
655
 90
661
 90
660
 90
4
 90
655
 90
656
 90
662
 90
661
 90
4
 90
656
 90
657
 90
663
 90
662
 90
4
 90
657
 90
658
 90
664
 90
663
 90
4
 90
658
 90
659
 90
665
 90
664
 90
4
 90
659
 90
654
 90
660
 90
665
 90
4
 90
660
 90
661
 90
667
 90
666
 90
4
 90
661
 90
662
 90
668
 90
667
 90
4
 90
662
 90
663
 90
669
 90
668
 90
4
 90
663
 90
664
 90
670
 90
669
 90
4
 90
664
 90
665
 90
671
 90
670
 90
4
 90
665
 90
660
 90
666
 90
671
 90
4
 90
666
 90
667
 90
673
 90
672
 90
4
 90
667
 90
668
 90
674
 90
673
 90
4
 90
668
 90
669
 90
675
 90
674
 90
4
 90
669
 90
670
 90
676
 90
675
 90
4
 90
670
 90
671
 90
677
 90
676
 90
4
 90
671
 90
666
 90
672
 90
677
 94
0
 95
0
 90
0
  0
MESH
  5
54
330
17
100
AcDbEntity
  8
CHASSIS
100
AcDbSubDMesh
 71
2
 72
0
 91
0
 92
8
 10
182.0
 20
-245.0
 30
485.0
 10
238.0
 20
-245.0
 30
485.0
 10
238.0
 20
-175.0
 30
485.0
 10
182.0
 20
-175.0
 30
485.0
 10
182.0
 20
-245.0
 30
525.0
 10
238.0
 20
-245.0
 30
525.0
 10
238.0
 20
-175.0
 30
525.0
 10
182.0
 20
-175.0
 30
525.0
 93
30
 90
4
 90
0
 90
3
 90
2
 90
1
 90
4
 90
4
 90
5
 90
6
 90
7
 90
4
 90
0
 90
1
 90
5
 90
4
 90
4
 90
1
 90
2
 90
6
 90
5
 90
4
 90
2
 90
3
 90
7
 90
6
 90
4
 90
3
 90
0
 90
4
 90
7
 94
0
 95
0
 90
0
  0
MESH
  5
55
330
17
100
AcDbEntity
  8
CHASSIS
100
AcDbSubDMesh
 71
2
 72
0
 91
0
 92
8
 10
188.0
 20
-245.0
 30
370.0
 10
232.0
 20
-245.0
 30
370.0
 10
232.0
 20
-175.0
 30
370.0
 10
188.0
 20
-175.0
 30
370.0
 10
188.0
 20
-245.0
 30
400.0
 10
232.0
 20
-245.0
 30
400.0
 10
232.0
 20
-175.0
 30
400.0
 10
188.0
 20
-175.0
 30
400.0
 93
30
 90
4
 90
0
 90
3
 90
2
 90
1
 90
4
 90
4
 90
5
 90
6
 90
7
 90
4
 90
0
 90
1
 90
5
 90
4
 90
4
 90
1
 90
2
 90
6
 90
5
 90
4
 90
2
 90
3
 90
7
 90
6
 90
4
 90
3
 90
0
 90
4
 90
7
 94
0
 95
0
 90
0
  0
MESH
  5
56
330
17
100
AcDbEntity
  8
CHASSIS
100
AcDbSubDMesh
 71
2
 72
0
 91
0
 92
8
 10
172.0
 20
-260.0
 30
140.0
 10
248.0
 20
-260.0
 30
140.0
 10
248.0
 20
-240.0
 30
140.0
 10
172.0
 20
-240.0
 30
140.0
 10
172.0
 20
-260.0
 30
270.0
 10
248.0
 20
-260.0
 30
270.0
 10
248.0
 20
-240.0
 30
270.0
 10
172.0
 20
-240.0
 30
270.0
 93
30
 90
4
 90
0
 90
3
 90
2
 90
1
 90
4
 90
4
 90
5
 90
6
 90
7
 90
4
 90
0
 90
1
 90
5
 90
4
 90
4
 90
1
 90
2
 90
6
 90
5
 90
4
 90
2
 90
3
 90
7
 90
6
 90
4
 90
3
 90
0
 90
4
 90
7
 94
0
 95
0
 90
0
  0
MESH
  5
57
330
17
100
AcDbEntity
  8
FASTENERS
100
AcDbSubDMesh
 71
2
 72
0
 91
0
 92
30
 10
220.0
 20
-235.0
 30
240.0
 10
220.0
 20
-235.0
 30
520.0
 10
229.0
 20
-235.0
 30
240.0
 10
228.10871981112177
 20
-231.09504634794197
 30
240.0
 10
225.6114082167286
 20
-227.96351665778772
 30
240.0
 10
222.00268840560682
 20
-226.22564879036358
 30
240.0
 10
217.99731159439318
 20
-226.22564879036358
 30
240.0
 10
214.3885917832714
 20
-227.96351665778772
 30
240.0
 10
211.89128018887823
 20
-231.09504634794197
 30
240.0
 10
211.0
 20
-235.0
 30
240.0
 10
211.89128018887823
 20
-238.90495365205803
 30
240.0
 10
214.3885917832714
 20
-242.03648334221228
 30
240.0
 10
217.99731159439318
 20
-243.77435120963642
 30
240.0
 10
222.00268840560682
 20
-243.77435120963642
 30
240.0
 10
225.6114082167286
 20
-242.03648334221228
 30
240.0
 10
228.10871981112177
 20
-238.90495365205803
 30
240.0
 10
229.0
 20
-235.0
 30
520.0
 10
228.10871981112177
 20
-231.09504634794197
 30
520.0
 10
225.6114082167286
 20
-227.96351665778772
 30
520.0
 10
222.00268840560682
 20
-226.22564879036358
 30
520.0
 10
217.99731159439318
 20
-226.22564879036358
 30
520.0
 10
214.3885917832714
 20
-227.96351665778772
 30
520.0
 10
211.89128018887823
 20
-231.09504634794197
 30
520.0
 10
211.0
 20
-235.0
 30
520.0
 10
211.89128018887823
 20
-238.90495365205803
 30
520.0
 10
214.3885917832714
 20
-242.03648334221228
 30
520.0
 10
217.99731159439318
 20
-243.77435120963642
 30
520.0
 10
222.00268840560682
 20
-243.77435120963642
 30
520.0
 10
225.6114082167286
 20
-242.03648334221228
 30
520.0
 10
228.10871981112177
 20
-238.90495365205803
 30
520.0
 93
182
 90
3
 90
0
 90
3
 90
2
 90
3
 90
1
 90
16
 90
17
 90
4
 90
2
 90
3
 90
17
 90
16
 90
3
 90
0
 90
4
 90
3
 90
3
 90
1
 90
17
 90
18
 90
4
 90
3
 90
4
 90
18
 90
17
 90
3
 90
0
 90
5
 90
4
 90
3
 90
1
 90
18
 90
19
 90
4
 90
4
 90
5
 90
19
 90
18
 90
3
 90
0
 90
6
 90
5
 90
3
 90
1
 90
19
 90
20
 90
4
 90
5
 90
6
 90
20
 90
19
 90
3
 90
0
 90
7
 90
6
 90
3
 90
1
 90
20
 90
21
 90
4
 90
6
 90
7
 90
21
 90
20
 90
3
 90
0
 90
8
 90
7
 90
3
 90
1
 90
21
 90
22
 90
4
 90
7
 90
8
 90
22
 90
21
 90
3
 90
0
 90
9
 90
8
 90
3
 90
1
 90
22
 90
23
 90
4
 90
8
 90
9
 90
23
 90
22
 90
3
 90
0
 90
10
 90
9
 90
3
 90
1
 90
23
 90
24
 90
4
 90
9
 90
10
 90
24
 90
23
 90
3
 90
0
 90
11
 90
10
 90
3
 90
1
 90
24
 90
25
 90
4
 90
10
 90
11
 90
25
 90
24
 90
3
 90
0
 90
12
 90
11
 90
3
 90
1
 90
25
 90
26
 90
4
 90
11
 90
12
 90
26
 90
25
 90
3
 90
0
 90
13
 90
12
 90
3
 90
1
 90
26
 90
27
 90
4
 90
12
 90
13
 90
27
 90
26
 90
3
 90
0
 90
14
 90
13
 90
3
 90
1
 90
27
 90
28
 90
4
 90
13
 90
14
 90
28
 90
27
 90
3
 90
0
 90
15
 90
14
 90
3
 90
1
 90
28
 90
29
 90
4
 90
14
 90
15
 90
29
 90
28
 90
3
 90
0
 90
2
 90
15
 90
3
 90
1
 90
29
 90
16
 90
4
 90
15
 90
2
 90
16
 90
29
 94
0
 95
0
 90
0
  0
MESH
  5
58
330
17
100
AcDbEntity
  8
CHASSIS
100
AcDbSubDMesh
 71
2
 72
0
 91
0
 92
34
 10
220.0
 20
-235.0
 30
485.0
 10
220.0
 20
-235.0
 30
515.0
 10
246.0
 20
-235.0
 30
485.0
 10
244.02086784529345
 20
-225.05023075850767
 30
485.0
 10
238.38477631085024
 20
-216.61522368914976
 30
485.0
 10
229.94976924149233
 20
-210.97913215470655
 30
485.0
 10
220.0
 20
-209.0
 30
485.0
 10
210.05023075850767
 20
-210.97913215470655
 30
485.0
 10
201.61522368914976
 20
-216.61522368914976
 30
485.0
 10
195.97913215470655
 20
-225.05023075850767
 30
485.0
 10
194.0
 20
-235.0
 30
485.0
 10
195.97913215470655
 20
-244.94976924149233
 30
485.0
 10
201.61522368914976
 20
-253.38477631085024
 30
485.0
 10
210.05023075850764
 20
-259.0208678452934
 30
485.0
 10
220.0
 20
-261.0
 30
485.0
 10
229.94976924149233
 20
-259.0208678452934
 30
485.0
 10
238.38477631085024
 20
-253.38477631085024
 30
485.0
 10
244.02086784529345
 20
-244.94976924149236
 30
485.0
 10
246.0
 20
-235.0
 30
515.0
 10
244.02086784529345
 20
-225.05023075850767
 30
515.0
 10
238.38477631085024
 20
-216.61522368914976
 30
515.0
 10
229.94976924149233
 20
-210.97913215470655
 30
515.0
 10
220.0
 20
-209.0
 30
515.0
 10
210.05023075850767
 20
-210.97913215470655
 30
515.0
 10
201.61522368914976
 20
-216.61522368914976
 30
515.0
 10
195.97913215470655
 20
-225.05023075850767
 30
515.0
 10
194.0
 20
-235.0
 30
515.0
 10
195.97913215470655
 20
-244.94976924149233
 30
515.0
 10
201.61522368914976
 20
-253.38477631085024
 30
515.0
 10
210.05023075850764
 20
-259.0208678452934
 30
515.0
 10
220.0
 20
-261.0
 30
515.0
 10
229.94976924149233
 20
-259.0208678452934
 30
515.0
 10
238.38477631085024
 20
-253.38477631085024
 30
515.0
 10
244.02086784529345
 20
-244.94976924149236
 30
515.0
 93
208
 90
3
 90
0
 90
3
 90
2
 90
3
 90
1
 90
18
 90
19
 90
4
 90
2
 90
3
 90
19
 90
18
 90
3
 90
0
 90
4
 90
3
 90
3
 90
1
 90
19
 90
20
 90
4
 90
3
 90
4
 90
20
 90
19
 90
3
 90
0
 90
5
 90
4
 90
3
 90
1
 90
20
 90
21
 90
4
 90
4
 90
5
 90
21
 90
20
 90
3
 90
0
 90
6
 90
5
 90
3
 90
1
 90
21
 90
22
 90
4
 90
5
 90
6
 90
22
 90
21
 90
3
 90
0
 90
7
 90
6
 90
3
 90
1
 90
22
 90
23
 90
4
 90
6
 90
7
 90
23
 90
22
 90
3
 90
0
 90
8
 90
7
 90
3
 90
1
 90
23
 90
24
 90
4
 90
7
 90
8
 90
24
 90
23
 90
3
 90
0
 90
9
 90
8
 90
3
 90
1
 90
24
 90
25
 90
4
 90
8
 90
9
 90
25
 90
24
 90
3
 90
0
 90
10
 90
9
 90
3
 90
1
 90
25
 90
26
 90
4
 90
9
 90
10
 90
26
 90
25
 90
3
 90
0
 90
11
 90
10
 90
3
 90
1
 90
26
 90
27
 90
4
 90
10
 90
11
 90
27
 90
26
 90
3
 90
0
 90
12
 90
11
 90
3
 90
1
 90
27
 90
28
 90
4
 90
11
 90
12
 90
28
 90
27
 90
3
 90
0
 90
13
 90
12
 90
3
 90
1
 90
28
 90
29
 90
4
 90
12
 90
13
 90
29
 90
28
 90
3
 90
0
 90
14
 90
13
 90
3
 90
1
 90
29
 90
30
 90
4
 90
13
 90
14
 90
30
 90
29
 90
3
 90
0
 90
15
 90
14
 90
3
 90
1
 90
30
 90
31
 90
4
 90
14
 90
15
 90
31
 90
30
 90
3
 90
0
 90
16
 90
15
 90
3
 90
1
 90
31
 90
32
 90
4
 90
15
 90
16
 90
32
 90
31
 90
3
 90
0
 90
17
 90
16
 90
3
 90
1
 90
32
 90
33
 90
4
 90
16
 90
17
 90
33
 90
32
 90
3
 90
0
 90
2
 90
17
 90
3
 90
1
 90
33
 90
18
 90
4
 90
17
 90
2
 90
18
 90
33
 94
0
 95
0
 90
0
  0
MESH
  5
59
330
17
100
AcDbEntity
  8
CHASSIS
100
AcDbSubDMesh
 71
2
 72
0
 91
0
 92
34
 10
220.0
 20
-235.0
 30
245.0
 10
220.0
 20
-235.0
 30
275.0
 10
246.0
 20
-235.0
 30
245.0
 10
244.02086784529345
 20
-225.05023075850767
 30
245.0
 10
238.38477631085024
 20
-216.61522368914976
 30
245.0
 10
229.94976924149233
 20
-210.97913215470655
 30
245.0
 10
220.0
 20
-209.0
 30
245.0
 10
210.05023075850767
 20
-210.97913215470655
 30
245.0
 10
201.61522368914976
 20
-216.61522368914976
 30
245.0
 10
195.97913215470655
 20
-225.05023075850767
 30
245.0
 10
194.0
 20
-235.0
 30
245.0
 10
195.97913215470655
 20
-244.94976924149233
 30
245.0
 10
201.61522368914976
 20
-253.38477631085024
 30
245.0
 10
210.05023075850764
 20
-259.0208678452934
 30
245.0
 10
220.0
 20
-261.0
 30
245.0
 10
229.94976924149233
 20
-259.0208678452934
 30
245.0
 10
238.38477631085024
 20
-253.38477631085024
 30
245.0
 10
244.02086784529345
 20
-244.94976924149236
 30
245.0
 10
246.0
 20
-235.0
 30
275.0
 10
244.02086784529345
 20
-225.05023075850767
 30
275.0
 10
238.38477631085024
 20
-216.61522368914976
 30
275.0
 10
229.94976924149233
 20
-210.97913215470655
 30
275.0
 10
220.0
 20
-209.0
 30
275.0
 10
210.05023075850767
 20
-210.97913215470655
 30
275.0
 10
201.61522368914976
 20
-216.61522368914976
 30
275.0
 10
195.97913215470655
 20
-225.05023075850767
 30
275.0
 10
194.0
 20
-235.0
 30
275.0
 10
195.97913215470655
 20
-244.94976924149233
 30
275.0
 10
201.61522368914976
 20
-253.38477631085024
 30
275.0
 10
210.05023075850764
 20
-259.0208678452934
 30
275.0
 10
220.0
 20
-261.0
 30
275.0
 10
229.94976924149233
 20
-259.0208678452934
 30
275.0
 10
238.38477631085024
 20
-253.38477631085024
 30
275.0
 10
244.02086784529345
 20
-244.94976924149236
 30
275.0
 93
208
 90
3
 90
0
 90
3
 90
2
 90
3
 90
1
 90
18
 90
19
 90
4
 90
2
 90
3
 90
19
 90
18
 90
3
 90
0
 90
4
 90
3
 90
3
 90
1
 90
19
 90
20
 90
4
 90
3
 90
4
 90
20
 90
19
 90
3
 90
0
 90
5
 90
4
 90
3
 90
1
 90
20
 90
21
 90
4
 90
4
 90
5
 90
21
 90
20
 90
3
 90
0
 90
6
 90
5
 90
3
 90
1
 90
21
 90
22
 90
4
 90
5
 90
6
 90
22
 90
21
 90
3
 90
0
 90
7
 90
6
 90
3
 90
1
 90
22
 90
23
 90
4
 90
6
 90
7
 90
23
 90
22
 90
3
 90
0
 90
8
 90
7
 90
3
 90
1
 90
23
 90
24
 90
4
 90
7
 90
8
 90
24
 90
23
 90
3
 90
0
 90
9
 90
8
 90
3
 90
1
 90
24
 90
25
 90
4
 90
8
 90
9
 90
25
 90
24
 90
3
 90
0
 90
10
 90
9
 90
3
 90
1
 90
25
 90
26
 90
4
 90
9
 90
10
 90
26
 90
25
 90
3
 90
0
 90
11
 90
10
 90
3
 90
1
 90
26
 90
27
 90
4
 90
10
 90
11
 90
27
 90
26
 90
3
 90
0
 90
12
 90
11
 90
3
 90
1
 90
27
 90
28
 90
4
 90
11
 90
12
 90
28
 90
27
 90
3
 90
0
 90
13
 90
12
 90
3
 90
1
 90
28
 90
29
 90
4
 90
12
 90
13
 90
29
 90
28
 90
3
 90
0
 90
14
 90
13
 90
3
 90
1
 90
29
 90
30
 90
4
 90
13
 90
14
 90
30
 90
29
 90
3
 90
0
 90
15
 90
14
 90
3
 90
1
 90
30
 90
31
 90
4
 90
14
 90
15
 90
31
 90
30
 90
3
 90
0
 90
16
 90
15
 90
3
 90
1
 90
31
 90
32
 90
4
 90
15
 90
16
 90
32
 90
31
 90
3
 90
0
 90
17
 90
16
 90
3
 90
1
 90
32
 90
33
 90
4
 90
16
 90
17
 90
33
 90
32
 90
3
 90
0
 90
2
 90
17
 90
3
 90
1
 90
33
 90
18
 90
4
 90
17
 90
2
 90
18
 90
33
 94
0
 95
0
 90
0
  0
MESH
  5
5A
330
17
100
AcDbEntity
  8
SAFETY
100
AcDbSubDMesh
 71
2
 72
0
 91
0
 92
678
 10
246.5
 20
-235.0
 30
270.0
 10
244.25
 20
-235.0
 30
273.89711431702995
 10
239.75
 20
-235.0
 30
273.89711431702995
 10
237.5
 20
-235.0
 30
270.0
 10
239.75
 20
-235.0
 30
266.10288568297005
 10
244.25
 20
-235.0
 30
266.10288568297005
 10
244.4828076115491
 20
-224.85888904232513
 30
271.9642857142857
 10
242.4040786633987
 20
-225.71992676514657
 30
275.86140003131567
 10
238.2466207670979
 20
-227.4420022107895
 30
275.8614000313157
 10
236.1678918189475
 20
-228.30303993361093
 30
271.9642857142857
 10
238.2466207670979
 20
-227.4420022107895
 30
268.0671713972558
 10
242.4040786633987
 20
-225.71992676514657
 30
268.0671713972558
 10
238.73832970144352
 20
-216.26167029855648
 30
273.92857142857144
 10
237.1473394437738
 20
-217.8526605562262
 30
277.8256857456014
 10
233.9653589284343
 20
-221.0346410715657
 30
277.8256857456014
 10
232.3743686707646
 20
-222.6256313292354
 30
273.92857142857144
 10
233.9653589284343
 20
-221.0346410715657
 30
270.0314571115415
 10
237.1473394437738
 20
-217.8526605562262
 30
270.0314571115415
 10
230.14111095767487
 20
-210.5171923884509
 30
275.89285714285717
 10
229.28007323485343
 20
-212.5959213366013
 30
279.7899714598871
 10
227.5579977892105
 20
-216.7533792329021
 30
279.78997145988717
 10
226.69696006638907
 20
-218.8321081810525
 30
275.89285714285717
 10
227.5579977892105
 20
-216.7533792329021
 30
271.9957428258272
 10
229.28007323485343
 20
-212.5959213366013
 30
271.9957428258272
 10
220.0
 20
-208.5
 30
277.85714285714283
 10
220.0
 20
-210.75
 30
281.7542571741728
 10
220.0
 20
-215.25
 30
281.75425717417284
 10
220.0
 20
-217.5
 30
277.85714285714283
 10
220.0
 20
-215.25
 30
273.9600285401129
 10
220.0
 20
-210.75
 30
273.9600285401129
 10
209.85888904232513
 20
-210.5171923884509
 30
279.82142857142856
 10
210.71992676514657
 20
-212.5959213366013
 30
283.7185428884585
 10
212.4420022107895
 20
-216.7533792329021
 30
283.7185428884585
 10
213.30303993361093
 20
-218.8321081810525
 30
279.82142857142856
 10
212.4420022107895
 20
-216.7533792329021
 30
275.9243142543986
 10
210.71992676514657
 20
-212.5959213366013
 30
275.9243142543986
 10
201.26167029855648
 20
-216.26167029855648
 30
281.7857142857143
 10
202.8526605562262
 20
-217.8526605562262
 30
285.6828286027442
 10
206.0346410715657
 20
-221.0346410715657
 30
285.6828286027443
 10
207.6256313292354
 20
-222.6256313292354
 30
281.7857142857143
 10
206.0346410715657
 20
-221.0346410715657
 30
277.88859996868433
 10
202.8526605562262
 20
-217.8526605562262
 30
277.88859996868433
 10
195.5171923884509
 20
-224.85888904232513
 30
283.75
 10
197.5959213366013
 20
-225.71992676514657
 30
287.64711431702995
 10
201.7533792329021
 20
-227.4420022107895
 30
287.64711431702995
 10
203.8321081810525
 20
-228.30303993361093
 30
283.75
 10
201.7533792329021
 20
-227.4420022107895
 30
279.85288568297005
 10
197.5959213366013
 20
-225.71992676514657
 30
279.85288568297005
 10
193.5
 20
-235.0
 30
285.7142857142857
 10
195.75
 20
-235.0
 30
289.61140003131567
 10
200.25
 20
-235.0
 30
289.6114000313157
 10
202.5
 20
-235.0
 30
285.7142857142857
 10
200.25
 20
-235.0
 30
281.8171713972558
 10
195.75
 20
-235.0
 30
281.8171713972558
 10
195.5171923884509
 20
-245.14111095767487
 30
287.67857142857144
 10
197.5959213366013
 20
-244.28007323485343
 30
291.5756857456014
 10
201.7533792329021
 20
-242.5579977892105
 30
291.5756857456014
 10
203.8321081810525
 20
-241.69696006638907
 30
287.67857142857144
 10
201.7533792329021
 20
-242.5579977892105
 30
283.7814571115415
 10
197.5959213366013
 20
-244.28007323485343
 30
283.7814571115415
 10
201.26167029855648
 20
-253.73832970144352
 30
289.64285714285717
 10
202.8526605562262
 20
-252.1473394437738
 30
293.5399714598871
 10
206.0346410715657
 20
-248.9653589284343
 30
293.53997145988717
 10
207.6256313292354
 20
-247.3743686707646
 30
289.64285714285717
 10
206.0346410715657
 20
-248.9653589284343
 30
285.7457428258272
 10
202.8526605562262
 20
-252.1473394437738
 30
285.7457428258272
 10
209.8588890423251
 20
-259.4828076115491
 30
291.60714285714283
 10
210.71992676514654
 20
-257.4040786633987
 30
295.5042571741728
 10
212.44200221078947
 20
-253.2466207670979
 30
295.50425717417284
 10
213.3030399336109
 20
-251.1678918189475
 30
291.60714285714283
 10
212.44200221078947
 20
-253.2466207670979
 30
287.7100285401129
 10
210.71992676514654
 20
-257.4040786633987
 30
287.7100285401129
 10
220.0
 20
-261.5
 30
293.57142857142856
 10
220.0
 20
-259.25
 30
297.4685428884585
 10
220.0
 20
-254.75
 30
297.4685428884585
 10
220.0
 20
-252.5
 30
293.57142857142856
 10
220.0
 20
-254.75
 30
289.6743142543986
 10
220.0
 20
-259.25
 30
289.6743142543986
 10
230.14111095767487
 20
-259.4828076115491
 30
295.5357142857143
 10
229.28007323485343
 20
-257.4040786633987
 30
299.4328286027442
 10
227.5579977892105
 20
-253.2466207670979
 30
299.4328286027443
 10
226.69696006638907
 20
-251.1678918189475
 30
295.5357142857143
 10
227.5579977892105
 20
-253.2466207670979
 30
291.63859996868433
 10
229.28007323485343
 20
-257.4040786633987
 30
291.63859996868433
 10
238.7383297014435
 20
-253.73832970144352
 30
297.5
 10
237.14733944377377
 20
-252.1473394437738
 30
301.39711431702995
 10
233.96535892843428
 20
-248.9653589284343
 30
301.39711431702995
 10
232.37436867076457
 20
-247.3743686707646
 30
297.5
 10
233.96535892843428
 20
-248.9653589284343
 30
293.60288568297005
 10
237.14733944377377
 20
-252.1473394437738
 30
293.60288568297005
 10
244.4828076115491
 20
-245.1411109576749
 30
299.4642857142857
 10
242.4040786633987
 20
-244.28007323485346
 30
303.36140003131567
 10
238.2466207670979
 20
-242.55799778921053
 30
303.3614000313157
 10
236.1678918189475
 20
-241.6969600663891
 30
299.4642857142857
 10
238.2466207670979
 20
-242.55799778921053
 30
295.5671713972558
 10
242.4040786633987
 20
-244.28007323485346
 30
295.5671713972558
 10
246.5
 20
-235.0
 30
301.42857142857144
 10
244.25
 20
-235.0
 30
305.3256857456014
 10
239.75
 20
-235.0
 30
305.3256857456014
 10
237.5
 20
-235.0
 30
301.42857142857144
 10
239.75
 20
-235.0
 30
297.5314571115415
 10
244.25
 20
-235.0
 30
297.5314571115415
 10
244.4828076115491
 20
-224.85888904232513
 30
303.3928571428571
 10
242.4040786633987
 20
-225.71992676514657
 30
307.28997145988706
 10
238.2466207670979
 20
-227.44200221078947
 30
307.28997145988706
 10
236.1678918189475
 20
-228.30303993361093
 30
303.3928571428571
 10
238.2466207670979
 20
-227.4420022107895
 30
299.49574282582716
 10
242.4040786633987
 20
-225.71992676514657
 30
299.49574282582716
 10
238.73832970144352
 20
-216.2616702985565
 30
305.3571428571429
 10
237.1473394437738
 20
-217.85266055622623
 30
309.25425717417284
 10
233.9653589284343
 20
-221.03464107156572
 30
309.25425717417284
 10
232.3743686707646
 20
-222.62563132923543
 30
305.3571428571429
 10
233.9653589284343
 20
-221.03464107156572
 30
301.46002854011294
 10
237.1473394437738
 20
-217.85266055622623
 30
301.46002854011294
 10
230.1411109576749
 20
-210.5171923884509
 30
307.32142857142856
 10
229.28007323485346
 20
-212.5959213366013
 30
311.2185428884585
 10
227.55799778921053
 20
-216.7533792329021
 30
311.2185428884585
 10
226.6969600663891
 20
-218.8321081810525
 30
307.32142857142856
 10
227.55799778921053
 20
-216.7533792329021
 30
303.4243142543986
 10
229.28007323485346
 20
-212.5959213366013
 30
303.4243142543986
 10
220.0
 20
-208.5
 30
309.2857142857143
 10
220.0
 20
-210.75
 30
313.1828286027442
 10
220.0
 20
-215.25
 30
313.1828286027443
 10
220.0
 20
-217.5
 30
309.2857142857143
 10
220.0
 20
-215.25
 30
305.38859996868433
 10
220.0
 20
-210.75
 30
305.38859996868433
 10
209.85888904232513
 20
-210.5171923884509
 30
311.25
 10
210.71992676514657
 20
-212.5959213366013
 30
315.14711431702995
 10
212.4420022107895
 20
-216.7533792329021
 30
315.14711431702995
 10
213.30303993361093
 20
-218.8321081810525
 30
311.25
 10
212.4420022107895
 20
-216.7533792329021
 30
307.35288568297005
 10
210.71992676514657
 20
-212.5959213366013
 30
307.35288568297005
 10
201.2616702985565
 20
-216.26167029855648
 30
313.2142857142857
 10
202.85266055622625
 20
-217.8526605562262
 30
317.11140003131567
 10
206.0346410715657
 20
-221.0346410715657
 30
317.1114000313157
 10
207.62563132923543
 20
-222.6256313292354
 30
313.2142857142857
 10
206.03464107156572
 20
-221.0346410715657
 30
309.3171713972558
 10
202.85266055622625
 20
-217.8526605562262
 30
309.3171713972558
 10
195.5171923884509
 20
-224.8588890423251
 30
315.17857142857144
 10
197.5959213366013
 20
-225.71992676514654
 30
319.0756857456014
 10
201.7533792329021
 20
-227.44200221078947
 30
319.0756857456014
 10
203.8321081810525
 20
-228.3030399336109
 30
315.17857142857144
 10
201.7533792329021
 20
-227.44200221078947
 30
311.2814571115415
 10
197.5959213366013
 20
-225.71992676514654
 30
311.2814571115415
 10
193.5
 20
-235.0
 30
317.1428571428571
 10
195.75
 20
-235.0
 30
321.03997145988706
 10
200.25
 20
-235.0
 30
321.03997145988706
 10
202.5
 20
-235.0
 30
317.1428571428571
 10
200.25
 20
-235.0
 30
313.24574282582716
 10
195.75
 20
-235.0
 30
313.24574282582716
 10
195.5171923884509
 20
-245.14111095767487
 30
319.1071428571429
 10
197.5959213366013
 20
-244.28007323485343
 30
323.00425717417284
 10
201.7533792329021
 20
-242.5579977892105
 30
323.00425717417284
 10
203.8321081810525
 20
-241.69696006638907
 30
319.1071428571429
 10
201.7533792329021
 20
-242.5579977892105
 30
315.21002854011294
 10
197.5959213366013
 20
-244.28007323485343
 30
315.21002854011294
 10
201.2616702985565
 20
-253.73832970144352
 30
321.07142857142856
 10
202.85266055622623
 20
-252.1473394437738
 30
324.9685428884585
 10
206.0346410715657
 20
-248.9653589284343
 30
324.9685428884585
 10
207.62563132923543
 20
-247.3743686707646
 30
321.07142857142856
 10
206.03464107156572
 20
-248.9653589284343
 30
317.1743142543986
 10
202.85266055622623
 20
-252.1473394437738
 30
317.1743142543986
 10
209.8588890423251
 20
-259.4828076115491
 30
323.0357142857143
 10
210.71992676514654
 20
-257.4040786633987
 30
326.9328286027442
 10
212.44200221078947
 20
-253.2466207670979
 30
326.9328286027443
 10
213.3030399336109
 20
-251.1678918189475
 30
323.0357142857143
 10
212.44200221078947
 20
-253.2466207670979
 30
319.13859996868433
 10
210.71992676514654
 20
-257.4040786633987
 30
319.13859996868433
 10
220.0
 20
-261.5
 30
325.0
 10
220.0
 20
-259.25
 30
328.89711431702995
 10
220.0
 20
-254.75
 30
328.89711431702995
 10
220.0
 20
-252.5
 30
325.0
 10
220.0
 20
-254.75
 30
321.10288568297005
 10
220.0
 20
-259.25
 30
321.10288568297005
 10
230.1411109576749
 20
-259.4828076115491
 30
326.9642857142857
 10
229.28007323485346
 20
-257.4040786633987
 30
330.86140003131567
 10
227.55799778921053
 20
-253.2466207670979
 30
330.8614000313157
 10
226.6969600663891
 20
-251.1678918189475
 30
326.9642857142857
 10
227.55799778921053
 20
-253.2466207670979
 30
323.0671713972558
 10
229.28007323485346
 20
-257.4040786633987
 30
323.0671713972558
 10
238.7383297014435
 20
-253.73832970144352
 30
328.92857142857144
 10
237.14733944377375
 20
-252.1473394437738
 30
332.8256857456014
 10
233.9653589284343
 20
-248.9653589284343
 30
332.8256857456014
 10
232.37436867076457
 20
-247.3743686707646
 30
328.92857142857144
 10
233.96535892843428
 20
-248.9653589284343
 30
325.0314571115415
 10
237.14733944377375
 20
-252.1473394437738
 30
325.0314571115415
 10
244.4828076115491
 20
-245.1411109576749
 30
330.89285714285717
 10
242.4040786633987
 20
-244.28007323485346
 30
334.7899714598871
 10
238.2466207670979
 20
-242.55799778921053
 30
334.78997145988717
 10
236.1678918189475
 20
-241.6969600663891
 30
330.89285714285717
 10
238.2466207670979
 20
-242.55799778921053
 30
326.9957428258272
 10
242.4040786633987
 20
-244.28007323485346
 30
326.9957428258272
 10
246.5
 20
-235.0
 30
332.85714285714283
 10
244.25
 20
-235.0
 30
336.7542571741728
 10
239.75
 20
-235.0
 30
336.75425717417284
 10
237.5
 20
-235.0
 30
332.85714285714283
 10
239.75
 20
-235.0
 30
328.9600285401129
 10
244.25
 20
-235.0
 30
328.9600285401129
 10
244.4828076115491
 20
-224.85888904232513
 30
334.82142857142856
 10
242.4040786633987
 20
-225.71992676514657
 30
338.7185428884585
 10
238.2466207670979
 20
-227.4420022107895
 30
338.7185428884585
 10
236.1678918189475
 20
-228.30303993361093
 30
334.82142857142856
 10
238.2466207670979
 20
-227.4420022107895
 30
330.9243142543986
 10
242.4040786633987
 20
-225.71992676514657
 30
330.9243142543986
 10
238.73832970144352
 20
-216.2616702985565
 30
336.7857142857143
 10
237.1473394437738
 20
-217.85266055622625
 30
340.6828286027442
 10
233.9653589284343
 20
-221.0346410715657
 30
340.6828286027443
 10
232.3743686707646
 20
-222.62563132923543
 30
336.7857142857143
 10
233.9653589284343
 20
-221.03464107156572
 30
332.88859996868433
 10
237.1473394437738
 20
-217.85266055622625
 30
332.88859996868433
 10
230.1411109576749
 20
-210.5171923884509
 30
338.75
 10
229.28007323485346
 20
-212.5959213366013
 30
342.64711431702995
 10
227.55799778921053
 20
-216.7533792329021
 30
342.64711431702995
 10
226.6969600663891
 20
-218.8321081810525
 30
338.75
 10
227.55799778921053
 20
-216.7533792329021
 30
334.85288568297005
 10
229.28007323485346
 20
-212.5959213366013
 30
334.85288568297005
 10
220.0
 20
-208.5
 30
340.7142857142857
 10
220.0
 20
-210.75
 30
344.61140003131567
 10
220.0
 20
-215.25
 30
344.6114000313157
 10
220.0
 20
-217.5
 30
340.7142857142857
 10
220.0
 20
-215.25
 30
336.8171713972558
 10
220.0
 20
-210.75
 30
336.8171713972558
 10
209.85888904232513
 20
-210.5171923884509
 30
342.67857142857144
 10
210.71992676514657
 20
-212.5959213366013
 30
346.5756857456014
 10
212.4420022107895
 20
-216.7533792329021
 30
346.5756857456014
 10
213.30303993361093
 20
-218.8321081810525
 30
342.67857142857144
 10
212.4420022107895
 20
-216.7533792329021
 30
338.7814571115415
 10
210.71992676514657
 20
-212.5959213366013
 30
338.7814571115415
 10
201.2616702985565
 20
-216.26167029855648
 30
344.64285714285717
 10
202.85266055622625
 20
-217.8526605562262
 30
348.5399714598871
 10
206.0346410715657
 20
-221.0346410715657
 30
348.53997145988717
 10
207.62563132923543
 20
-222.6256313292354
 30
344.64285714285717
 10
206.03464107156572
 20
-221.0346410715657
 30
340.7457428258272
 10
202.85266055622625
 20
-217.8526605562262
 30
340.7457428258272
 10
195.5171923884509
 20
-224.8588890423251
 30
346.60714285714283
 10
197.5959213366013
 20
-225.71992676514654
 30
350.5042571741728
 10
201.7533792329021
 20
-227.44200221078947
 30
350.50425717417284
 10
203.8321081810525
 20
-228.3030399336109
 30
346.60714285714283
 10
201.7533792329021
 20
-227.44200221078947
 30
342.7100285401129
 10
197.5959213366013
 20
-225.71992676514654
 30
342.7100285401129
 10
193.5
 20
-235.0
 30
348.57142857142856
 10
195.75
 20
-235.0
 30
352.4685428884585
 10
200.25
 20
-235.0
 30
352.4685428884585
 10
202.5
 20
-235.0
 30
348.57142857142856
 10
200.25
 20
-235.0
 30
344.6743142543986
 10
195.75
 20
-235.0
 30
344.6743142543986
 10
195.51719238845087
 20
-245.14111095767484
 30
350.5357142857143
 10
197.59592133660126
 20
-244.28007323485338
 30
354.4328286027442
 10
201.75337923290206
 20
-242.5579977892105
 30
354.4328286027443
 10
203.83210818105246
 20
-241.69696006638904
 30
350.5357142857143
 10
201.75337923290206
 20
-242.5579977892105
 30
346.63859996868433
 10
197.59592133660126
 20
-244.28007323485338
 30
346.63859996868433
 10
201.2616702985565
 20
-253.73832970144352
 30
352.5
 10
202.85266055622623
 20
-252.1473394437738
 30
356.39711431702995
 10
206.03464107156572
 20
-248.9653589284343
 30
356.39711431702995
 10
207.62563132923543
 20
-247.3743686707646
 30
352.5
 10
206.03464107156572
 20
-248.9653589284343
 30
348.60288568297005
 10
202.85266055622623
 20
-252.1473394437738
 30
348.60288568297005
 10
209.8588890423251
 20
-259.4828076115491
 30
354.4642857142857
 10
210.71992676514654
 20
-257.4040786633987
 30
358.36140003131567
 10
212.44200221078947
 20
-253.2466207670979
 30
358.3614000313157
 10
213.3030399336109
 20
-251.1678918189475
 30
354.4642857142857
 10
212.44200221078947
 20
-253.2466207670979
 30
350.5671713972558
 10
210.71992676514654
 20
-257.4040786633987
 30
350.5671713972558
 10
219.99999999999994
 20
-261.5
 30
356.42857142857144
 10
219.99999999999994
 20
-259.25
 30
360.3256857456014
 10
219.99999999999994
 20
-254.75
 30
360.3256857456014
 10
219.99999999999994
 20
-252.5
 30
356.42857142857144
 10
219.99999999999994
 20
-254.75
 30
352.5314571115415
 10
219.99999999999994
 20
-259.25
 30
352.5314571115415
 10
230.14111095767487
 20
-259.4828076115491
 30
358.39285714285717
 10
229.28007323485343
 20
-257.4040786633987
 30
362.2899714598871
 10
227.5579977892105
 20
-253.2466207670979
 30
362.28997145988717
 10
226.69696006638907
 20
-251.1678918189475
 30
358.39285714285717
 10
227.5579977892105
 20
-253.2466207670979
 30
354.4957428258272
 10
229.28007323485343
 20
-257.4040786633987
 30
354.4957428258272
 10
238.7383297014435
 20
-253.73832970144352
 30
360.35714285714283
 10
237.14733944377375
 20
-252.1473394437738
 30
364.2542571741728
 10
233.9653589284343
 20
-248.9653589284343
 30
364.25425717417284
 10
232.37436867076457
 20
-247.3743686707646
 30
360.35714285714283
 10
233.96535892843428
 20
-248.9653589284343
 30
356.4600285401129
 10
237.14733944377375
 20
-252.1473394437738
 30
356.4600285401129
 10
244.4828076115491
 20
-245.14111095767487
 30
362.32142857142856
 10
242.4040786633987
 20
-244.28007323485343
 30
366.2185428884585
 10
238.2466207670979
 20
-242.5579977892105
 30
366.2185428884585
 10
236.1678918189475
 20
-241.69696006638907
 30
362.32142857142856
 10
238.2466207670979
 20
-242.5579977892105
 30
358.4243142543986
 10
242.4040786633987
 20
-244.28007323485343
 30
358.4243142543986
 10
246.5
 20
-235.00000000000003
 30
364.2857142857143
 10
244.25
 20
-235.00000000000003
 30
368.1828286027442
 10
239.75
 20
-235.00000000000003
 30
368.1828286027443
 10
237.5
 20
-235.00000000000003
 30
364.2857142857143
 10
239.75
 20
-235.00000000000003
 30
360.38859996868433
 10
244.25
 20
-235.00000000000003
 30
360.38859996868433
 10
244.48280761154913
 20
-224.85888904232516
 30
366.25
 10
242.40407866339874
 20
-225.71992676514662
 30
370.14711431702995
 10
238.24662076709794
 20
-227.4420022107895
 30
370.14711431702995
 10
236.16789181894754
 20
-228.30303993361096
 30
366.25
 10
238.24662076709794
 20
-227.4420022107895
 30
362.35288568297005
 10
242.40407866339874
 20
-225.71992676514662
 30
362.35288568297005
 10
238.73832970144352
 20
-216.26167029855648
 30
368.2142857142857
 10
237.1473394437738
 20
-217.8526605562262
 30
372.11140003131567
 10
233.9653589284343
 20
-221.0346410715657
 30
372.1114000313157
 10
232.3743686707646
 20
-222.6256313292354
 30
368.2142857142857
 10
233.9653589284343
 20
-221.0346410715657
 30
364.3171713972558
 10
237.1473394437738
 20
-217.8526605562262
 30
364.3171713972558
 10
230.1411109576749
 20
-210.5171923884509
 30
370.17857142857144
 10
229.28007323485346
 20
-212.5959213366013
 30
374.0756857456014
 10
227.55799778921053
 20
-216.7533792329021
 30
374.0756857456014
 10
226.6969600663891
 20
-218.8321081810525
 30
370.17857142857144
 10
227.55799778921053
 20
-216.7533792329021
 30
366.2814571115415
 10
229.28007323485346
 20
-212.5959213366013
 30
366.2814571115415
 10
219.99999999999997
 20
-208.5
 30
372.14285714285717
 10
219.99999999999997
 20
-210.75
 30
376.0399714598871
 10
219.99999999999997
 20
-215.25
 30
376.03997145988717
 10
219.99999999999997
 20
-217.5
 30
372.14285714285717
 10
219.99999999999997
 20
-215.25
 30
368.2457428258272
 10
219.99999999999997
 20
-210.75
 30
368.2457428258272
 10
209.85888904232513
 20
-210.5171923884509
 30
374.10714285714283
 10
210.71992676514657
 20
-212.5959213366013
 30
378.0042571741728
 10
212.4420022107895
 20
-216.7533792329021
 30
378.00425717417284
 10
213.30303993361093
 20
-218.8321081810525
 30
374.10714285714283
 10
212.4420022107895
 20
-216.7533792329021
 30
370.2100285401129
 10
210.71992676514657
 20
-212.5959213366013
 30
370.2100285401129
 10
201.2616702985565
 20
-216.26167029855645
 30
376.07142857142856
 10
202.85266055622625
 20
-217.85266055622617
 30
379.9685428884585
 10
206.0346410715657
 20
-221.03464107156566
 30
379.9685428884585
 10
207.62563132923543
 20
-222.62563132923538
 30
376.07142857142856
 10
206.03464107156572
 20
-221.03464107156566
 30
372.1743142543986
 10
202.85266055622625
 20
-217.85266055622617
 30
372.1743142543986
 10
195.5171923884509
 20
-224.85888904232513
 30
378.0357142857143
 10
197.5959213366013
 20
-225.71992676514657
 30
381.9328286027442
 10
201.7533792329021
 20
-227.4420022107895
 30
381.9328286027443
 10
203.8321081810525
 20
-228.30303993361093
 30
378.0357142857143
 10
201.7533792329021
 20
-227.4420022107895
 30
374.13859996868433
 10
197.5959213366013
 20
-225.71992676514657
 30
374.13859996868433
 10
193.5
 20
-234.99999999999997
 30
380.0
 10
195.75
 20
-234.99999999999997
 30
383.89711431702995
 10
200.25
 20
-234.99999999999997
 30
383.89711431702995
 10
202.5
 20
-234.99999999999997
 30
380.0
 10
200.25
 20
-234.99999999999997
 30
376.10288568297005
 10
195.75
 20
-234.99999999999997
 30
376.10288568297005
 10
195.51719238845087
 20
-245.14111095767484
 30
381.9642857142857
 10
197.59592133660126
 20
-244.28007323485338
 30
385.86140003131567
 10
201.75337923290206
 20
-242.5579977892105
 30
385.8614000313157
 10
203.83210818105246
 20
-241.69696006638904
 30
381.9642857142857
 10
201.75337923290206
 20
-242.5579977892105
 30
378.0671713972558
 10
197.59592133660126
 20
-244.28007323485338
 30
378.0671713972558
 10
201.26167029855654
 20
-253.73832970144358
 30
383.92857142857144
 10
202.85266055622628
 20
-252.14733944377386
 30
387.8256857456014
 10
206.03464107156572
 20
-248.96535892843437
 30
387.8256857456014
 10
207.62563132923546
 20
-247.37436867076465
 30
383.92857142857144
 10
206.03464107156572
 20
-248.96535892843437
 30
380.0314571115415
 10
202.85266055622628
 20
-252.14733944377386
 30
380.0314571115415
 10
209.8588890423251
 20
-259.4828076115491
 30
385.89285714285717
 10
210.71992676514654
 20
-257.4040786633987
 30
389.7899714598871
 10
212.44200221078947
 20
-253.2466207670979
 30
389.78997145988717
 10
213.3030399336109
 20
-251.1678918189475
 30
385.89285714285717
 10
212.44200221078947
 20
-253.2466207670979
 30
381.9957428258272
 10
210.71992676514654
 20
-257.4040786633987
 30
381.9957428258272
 10
219.99999999999994
 20
-261.5
 30
387.85714285714283
 10
219.99999999999994
 20
-259.25
 30
391.7542571741728
 10
219.99999999999994
 20
-254.75
 30
391.75425717417284
 10
219.99999999999994
 20
-252.5
 30
387.85714285714283
 10
219.99999999999994
 20
-254.75
 30
383.9600285401129
 10
219.99999999999994
 20
-259.25
 30
383.9600285401129
 10
230.14111095767478
 20
-259.4828076115491
 30
389.82142857142856
 10
229.28007323485332
 20
-257.40407866339876
 30
393.7185428884585
 10
227.55799778921045
 20
-253.24662076709794
 30
393.7185428884585
 10
226.69696006638898
 20
-251.16789181894754
 30
389.82142857142856
 10
227.55799778921045
 20
-253.24662076709794
 30
385.9243142543986
 10
229.28007323485332
 20
-257.40407866339876
 30
385.9243142543986
 10
238.7383297014435
 20
-253.73832970144355
 30
391.7857142857143
 10
237.14733944377375
 20
-252.14733944377383
 30
395.6828286027442
 10
233.9653589284343
 20
-248.96535892843434
 30
395.6828286027443
 10
232.37436867076457
 20
-247.37436867076462
 30
391.7857142857143
 10
233.96535892843428
 20
-248.96535892843434
 30
387.88859996868433
 10
237.14733944377375
 20
-252.14733944377383
 30
387.88859996868433
 10
244.4828076115491
 20
-245.14111095767487
 30
393.75
 10
242.4040786633987
 20
-244.28007323485343
 30
397.64711431702995
 10
238.2466207670979
 20
-242.5579977892105
 30
397.64711431702995
 10
236.1678918189475
 20
-241.69696006638907
 30
393.75
 10
238.2466207670979
 20
-242.5579977892105
 30
389.85288568297005
 10
242.4040786633987
 20
-244.28007323485343
 30
389.85288568297005
 10
246.5
 20
-235.00000000000003
 30
395.7142857142857
 10
244.25
 20
-235.00000000000003
 30
399.61140003131567
 10
239.75
 20
-235.00000000000003
 30
399.6114000313157
 10
237.5
 20
-235.00000000000003
 30
395.7142857142857
 10
239.75
 20
-235.00000000000003
 30
391.8171713972558
 10
244.25
 20
-235.00000000000003
 30
391.8171713972558
 10
244.4828076115491
 20
-224.8588890423251
 30
397.67857142857144
 10
242.4040786633987
 20
-225.71992676514654
 30
401.5756857456014
 10
238.2466207670979
 20
-227.44200221078947
 30
401.5756857456014
 10
236.1678918189475
 20
-228.3030399336109
 30
397.67857142857144
 10
238.2466207670979
 20
-227.44200221078947
 30
393.7814571115415
 10
242.4040786633987
 20
-225.71992676514654
 30
393.7814571115415
 10
238.73832970144352
 20
-216.26167029855648
 30
399.6428571428571
 10
237.1473394437738
 20
-217.8526605562262
 30
403.53997145988706
 10
233.9653589284343
 20
-221.0346410715657
 30
403.53997145988706
 10
232.3743686707646
 20
-222.6256313292354
 30
399.6428571428571
 10
233.9653589284343
 20
-221.0346410715657
 30
395.74574282582716
 10
237.1473394437738
 20
-217.8526605562262
 30
395.74574282582716
 10
230.1411109576749
 20
-210.5171923884509
 30
401.6071428571429
 10
229.28007323485346
 20
-212.5959213366013
 30
405.50425717417284
 10
227.55799778921053
 20
-216.7533792329021
 30
405.50425717417284
 10
226.6969600663891
 20
-218.8321081810525
 30
401.6071428571429
 10
227.55799778921053
 20
-216.7533792329021
 30
397.71002854011294
 10
229.28007323485346
 20
-212.5959213366013
 30
397.71002854011294
 10
220.00000000000006
 20
-208.5
 30
403.57142857142856
 10
220.00000000000006
 20
-210.75
 30
407.4685428884585
 10
220.00000000000006
 20
-215.25
 30
407.4685428884585
 10
220.00000000000006
 20
-217.5
 30
403.57142857142856
 10
220.00000000000006
 20
-215.25
 30
399.6743142543986
 10
220.00000000000006
 20
-210.75
 30
399.6743142543986
 10
209.85888904232513
 20
-210.5171923884509
 30
405.53571428571433
 10
210.71992676514657
 20
-212.5959213366013
 30
409.4328286027443
 10
212.4420022107895
 20
-216.7533792329021
 30
409.4328286027443
 10
213.30303993361093
 20
-218.8321081810525
 30
405.53571428571433
 10
212.4420022107895
 20
-216.7533792329021
 30
401.6385999686844
 10
210.71992676514657
 20
-212.5959213366013
 30
401.6385999686844
 10
201.26167029855654
 20
-216.26167029855645
 30
407.5
 10
202.85266055622628
 20
-217.85266055622617
 30
411.39711431702995
 10
206.03464107156572
 20
-221.03464107156566
 30
411.39711431702995
 10
207.62563132923546
 20
-222.62563132923538
 30
407.5
 10
206.03464107156572
 20
-221.03464107156566
 30
403.60288568297005
 10
202.85266055622628
 20
-217.85266055622617
 30
403.60288568297005
 10
195.5171923884509
 20
-224.85888904232513
 30
409.46428571428567
 10
197.5959213366013
 20
-225.71992676514657
 30
413.3614000313156
 10
201.7533792329021
 20
-227.4420022107895
 30
413.3614000313156
 10
203.8321081810525
 20
-228.30303993361093
 30
409.46428571428567
 10
201.7533792329021
 20
-227.4420022107895
 30
405.5671713972557
 10
197.5959213366013
 20
-225.71992676514657
 30
405.5671713972557
 10
193.5
 20
-234.99999999999997
 30
411.42857142857144
 10
195.75
 20
-234.99999999999997
 30
415.3256857456014
 10
200.25
 20
-234.99999999999997
 30
415.3256857456014
 10
202.5
 20
-234.99999999999997
 30
411.42857142857144
 10
200.25
 20
-234.99999999999997
 30
407.5314571115415
 10
195.75
 20
-234.99999999999997
 30
407.5314571115415
 10
195.5171923884509
 20
-245.1411109576749
 30
413.3928571428571
 10
197.5959213366013
 20
-244.28007323485346
 30
417.28997145988706
 10
201.7533792329021
 20
-242.55799778921053
 30
417.28997145988706
 10
203.8321081810525
 20
-241.6969600663891
 30
413.3928571428571
 10
201.7533792329021
 20
-242.55799778921053
 30
409.49574282582716
 10
197.5959213366013
 20
-244.28007323485346
 30
409.49574282582716
 10
201.26167029855648
 20
-253.7383297014435
 30
415.3571428571429
 10
202.8526605562262
 20
-252.14733944377377
 30
419.25425717417284
 10
206.0346410715657
 20
-248.96535892843428
 30
419.25425717417284
 10
207.6256313292354
 20
-247.37436867076457
 30
415.3571428571429
 10
206.0346410715657
 20
-248.96535892843428
 30
411.46002854011294
 10
202.8526605562262
 20
-252.14733944377377
 30
411.46002854011294
 10
209.858889042325
 20
-259.48280761154905
 30
417.32142857142856
 10
210.71992676514645
 20
-257.40407866339865
 30
421.2185428884585
 10
212.44200221078938
 20
-253.24662076709785
 30
421.2185428884585
 10
213.30303993361085
 20
-251.16789181894748
 30
417.32142857142856
 10
212.44200221078938
 20
-253.24662076709785
 30
413.4243142543986
 10
210.71992676514645
 20
-257.40407866339865
 30
413.4243142543986
 10
219.99999999999994
 20
-261.5
 30
419.28571428571433
 10
219.99999999999994
 20
-259.25
 30
423.1828286027443
 10
219.99999999999994
 20
-254.75
 30
423.1828286027443
 10
219.99999999999994
 20
-252.5
 30
419.28571428571433
 10
219.99999999999994
 20
-254.75
 30
415.3885999686844
 10
219.99999999999994
 20
-259.25
 30
415.3885999686844
 10
230.14111095767475
 20
-259.4828076115491
 30
421.25
 10
229.28007323485332
 20
-257.40407866339876
 30
425.14711431702995
 10
227.55799778921045
 20
-253.24662076709794
 30
425.14711431702995
 10
226.696960066389
 20
-251.16789181894754
 30
421.25
 10
227.55799778921045
 20
-253.24662076709794
 30
417.35288568297005
 10
229.28007323485332
 20
-257.40407866339876
 30
417.35288568297005
 10
238.73832970144346
 20
-253.73832970144355
 30
423.21428571428567
 10
237.14733944377372
 20
-252.14733944377383
 30
427.1114000313156
 10
233.96535892843428
 20
-248.96535892843434
 30
427.1114000313156
 10
232.37436867076454
 20
-247.37436867076462
 30
423.21428571428567
 10
233.96535892843428
 20
-248.96535892843434
 30
419.3171713972557
 10
237.14733944377372
 20
-252.14733944377383
 30
419.3171713972557
 10
244.4828076115491
 20
-245.14111095767487
 30
425.17857142857144
 10
242.4040786633987
 20
-244.28007323485343
 30
429.0756857456014
 10
238.2466207670979
 20
-242.5579977892105
 30
429.0756857456014
 10
236.1678918189475
 20
-241.69696006638907
 30
425.17857142857144
 10
238.2466207670979
 20
-242.5579977892105
 30
421.2814571115415
 10
242.4040786633987
 20
-244.28007323485343
 30
421.2814571115415
 10
246.5
 20
-235.00000000000003
 30
427.1428571428571
 10
244.25
 20
-235.00000000000003
 30
431.03997145988706
 10
239.75
 20
-235.00000000000003
 30
431.03997145988706
 10
237.5
 20
-235.00000000000003
 30
427.1428571428571
 10
239.75
 20
-235.00000000000003
 30
423.24574282582716
 10
244.25
 20
-235.00000000000003
 30
423.24574282582716
 10
244.48280761154913
 20
-224.8588890423252
 30
429.1071428571429
 10
242.40407866339874
 20
-225.71992676514665
 30
433.00425717417284
 10
238.24662076709794
 20
-227.44200221078952
 30
433.00425717417284
 10
236.16789181894754
 20
-228.303039933611
 30
429.1071428571429
 10
238.24662076709794
 20
-227.44200221078952
 30
425.21002854011294
 10
242.40407866339874
 20
-225.71992676514665
 30
425.21002854011294
 10
238.7383297014436
 20
-216.26167029855654
 30
431.07142857142856
 10
237.14733944377386
 20
-217.85266055622628
 30
434.9685428884585
 10
233.96535892843437
 20
-221.03464107156572
 30
434.9685428884585
 10
232.37436867076462
 20
-222.62563132923546
 30
431.07142857142856
 10
233.96535892843437
 20
-221.03464107156572
 30
427.1743142543986
 10
237.14733944377386
 20
-217.85266055622628
 30
427.1743142543986
 10
230.14111095767484
 20
-210.51719238845087
 30
433.03571428571433
 10
229.28007323485338
 20
-212.59592133660126
 30
436.9328286027443
 10
227.5579977892105
 20
-216.75337923290206
 30
436.9328286027443
 10
226.69696006638904
 20
-218.83210818105246
 30
433.03571428571433
 10
227.5579977892105
 20
-216.75337923290206
 30
429.1385999686844
 10
229.28007323485338
 20
-212.59592133660126
 30
429.1385999686844
 10
220.0
 20
-208.5
 30
435.0
 10
220.0
 20
-210.75
 30
438.89711431702995
 10
220.0
 20
-215.25
 30
438.89711431702995
 10
220.0
 20
-217.5
 30
435.0
 10
220.0
 20
-215.25
 30
431.10288568297005
 10
220.0
 20
-210.75
 30
431.10288568297005
 10
209.85888904232513
 20
-210.5171923884509
 30
436.96428571428567
 10
210.71992676514657
 20
-212.5959213366013
 30
440.8614000313156
 10
212.44200221078947
 20
-216.7533792329021
 30
440.8614000313156
 10
213.30303993361093
 20
-218.8321081810525
 30
436.96428571428567
 10
212.4420022107895
 20
-216.7533792329021
 30
433.0671713972557
 10
210.71992676514657
 20
-212.5959213366013
 30
433.0671713972557
 10
201.26167029855654
 20
-216.26167029855645
 30
438.92857142857144
 10
202.85266055622628
 20
-217.85266055622617
 30
442.8256857456014
 10
206.03464107156572
 20
-221.03464107156566
 30
442.8256857456014
 10
207.62563132923546
 20
-222.62563132923538
 30
438.92857142857144
 10
206.03464107156572
 20
-221.03464107156566
 30
435.0314571115415
 10
202.85266055622628
 20
-217.85266055622617
 30
435.0314571115415
 10
195.51719238845087
 20
-224.8588890423252
 30
440.8928571428571
 10
197.59592133660126
 20
-225.71992676514665
 30
444.78997145988706
 10
201.75337923290206
 20
-227.44200221078952
 30
444.78997145988706
 10
203.83210818105246
 20
-228.303039933611
 30
440.8928571428571
 10
201.75337923290206
 20
-227.44200221078952
 30
436.99574282582716
 10
197.59592133660126
 20
-225.71992676514665
 30
436.99574282582716
 10
193.5
 20
-234.99999999999986
 30
442.8571428571429
 10
195.75
 20
-234.9999999999999
 30
446.75425717417284
 10
200.25
 20
-234.9999999999999
 30
446.75425717417284
 10
202.5
 20
-234.99999999999991
 30
442.8571428571429
 10
200.25
 20
-234.9999999999999
 30
438.96002854011294
 10
195.75
 20
-234.9999999999999
 30
438.96002854011294
 10
195.51719238845084
 20
-245.14111095767473
 30
444.82142857142856
 10
197.59592133660124
 20
-244.2800732348533
 30
448.7185428884585
 10
201.75337923290203
 20
-242.55799778921042
 30
448.7185428884585
 10
203.83210818105243
 20
-241.69696006638898
 30
444.82142857142856
 10
201.75337923290203
 20
-242.55799778921042
 30
440.9243142543986
 10
197.59592133660124
 20
-244.2800732348533
 30
440.9243142543986
 10
201.26167029855648
 20
-253.7383297014435
 30
446.78571428571433
 10
202.8526605562262
 20
-252.14733944377377
 30
450.6828286027443
 10
206.0346410715657
 20
-248.9653589284343
 30
450.6828286027443
 10
207.6256313292354
 20
-247.37436867076457
 30
446.78571428571433
 10
206.0346410715657
 20
-248.96535892843428
 30
442.8885999686844
 10
202.8526605562262
 20
-252.14733944377377
 30
442.8885999686844
 10
209.85888904232525
 20
-259.48280761154916
 30
448.75
 10
210.71992676514668
 20
-257.40407866339876
 30
452.64711431702995
 10
212.44200221078955
 20
-253.24662076709797
 30
452.64711431702995
 10
213.303039933611
 20
-251.16789181894757
 30
448.75
 10
212.44200221078955
 20
-253.24662076709797
 30
444.85288568297005
 10
210.71992676514668
 20
-257.40407866339876
 30
444.85288568297005
 10
219.99999999999991
 20
-261.5
 30
450.71428571428567
 10
219.99999999999994
 20
-259.25
 30
454.6114000313156
 10
219.99999999999994
 20
-254.75
 30
454.6114000313156
 10
219.99999999999997
 20
-252.5
 30
450.71428571428567
 10
219.99999999999994
 20
-254.75
 30
446.8171713972557
 10
219.99999999999994
 20
-259.25
 30
446.8171713972557
 10
230.14111095767493
 20
-259.48280761154905
 30
452.67857142857144
 10
229.2800732348535
 20
-257.40407866339865
 30
456.5756857456014
 10
227.55799778921056
 20
-253.24662076709788
 30
456.5756857456014
 10
226.69696006638912
 20
-251.16789181894748
 30
452.67857142857144
 10
227.55799778921056
 20
-253.24662076709788
 30
448.7814571115415
 10
229.2800732348535
 20
-257.40407866339865
 30
448.7814571115415
 10
238.73832970144352
 20
-253.7383297014435
 30
454.6428571428571
 10
237.1473394437738
 20
-252.14733944377375
 30
458.53997145988706
 10
233.9653589284343
 20
-248.9653589284343
 30
458.53997145988706
 10
232.3743686707646
 20
-247.37436867076457
 30
454.6428571428571
 10
233.9653589284343
 20
-248.96535892843428
 30
450.74574282582716
 10
237.1473394437738
 20
-252.14733944377375
 30
450.74574282582716
 10
244.48280761154902
 20
-245.14111095767504
 30
456.6071428571429
 10
242.40407866339865
 20
-244.28007323485357
 30
460.50425717417284
 10
238.24662076709785
 20
-242.55799778921065
 30
460.50425717417284
 10
236.16789181894748
 20
-241.69696006638918
 30
456.6071428571429
 10
238.24662076709785
 20
-242.55799778921065
 30
452.71002854011294
 10
242.40407866339865
 20
-244.28007323485357
 30
452.71002854011294
 10
246.5
 20
-235.00000000000003
 30
458.57142857142856
 10
244.25
 20
-235.00000000000003
 30
462.4685428884585
 10
239.75
 20
-235.00000000000003
 30
462.4685428884585
 10
237.5
 20
-235.00000000000003
 30
458.57142857142856
 10
239.75
 20
-235.00000000000003
 30
454.6743142543986
 10
244.25
 20
-235.00000000000003
 30
454.6743142543986
 10
244.48280761154905
 20
-224.85888904232502
 30
460.53571428571433
 10
242.40407866339868
 20
-225.71992676514648
 30
464.4328286027443
 10
238.24662076709788
 20
-227.4420022107894
 30
464.4328286027443
 10
236.1678918189475
 20
-228.30303993361088
 30
460.53571428571433
 10
238.24662076709788
 20
-227.4420022107894
 30
456.6385999686844
 10
242.40407866339868
 20
-225.71992676514648
 30
456.6385999686844
 10
238.7383297014436
 20
-216.26167029855657
 30
462.5
 10
237.14733944377386
 20
-217.8526605562263
 30
466.39711431702995
 10
233.96535892843437
 20
-221.03464107156574
 30
466.39711431702995
 10
232.37436867076462
 20
-222.6256313292355
 30
462.5
 10
233.96535892843437
 20
-221.03464107156574
 30
458.60288568297005
 10
237.14733944377386
 20
-217.8526605562263
 30
458.60288568297005
 10
230.141110957675
 20
-210.51719238845098
 30
464.46428571428567
 10
229.28007323485355
 20
-212.59592133660135
 30
468.3614000313156
 10
227.55799778921062
 20
-216.75337923290215
 30
468.3614000313156
 10
226.69696006638915
 20
-218.83210818105252
 30
464.46428571428567
 10
227.55799778921062
 20
-216.75337923290215
 30
460.5671713972557
 10
229.28007323485355
 20
-212.59592133660135
 30
460.5671713972557
 10
220.0
 20
-208.5
 30
466.42857142857144
 10
220.0
 20
-210.75
 30
470.3256857456014
 10
220.0
 20
-215.25
 30
470.3256857456014
 10
220.0
 20
-217.5
 30
466.42857142857144
 10
220.0
 20
-215.25
 30
462.5314571115415
 10
220.0
 20
-210.75
 30
462.5314571115415
 10
209.85888904232516
 20
-210.5171923884509
 30
468.3928571428571
 10
210.71992676514662
 20
-212.5959213366013
 30
472.28997145988706
 10
212.4420022107895
 20
-216.7533792329021
 30
472.28997145988706
 10
213.30303993361096
 20
-218.8321081810525
 30
468.3928571428571
 10
212.44200221078952
 20
-216.7533792329021
 30
464.49574282582716
 10
210.71992676514662
 20
-212.5959213366013
 30
464.49574282582716
 10
201.26167029855654
 20
-216.26167029855645
 30
470.3571428571429
 10
202.85266055622628
 20
-217.85266055622617
 30
474.25425717417284
 10
206.03464107156572
 20
-221.03464107156566
 30
474.25425717417284
 10
207.62563132923546
 20
-222.62563132923538
 30
470.3571428571429
 10
206.03464107156572
 20
-221.03464107156566
 30
466.46002854011294
 10
202.85266055622628
 20
-217.85266055622617
 30
466.46002854011294
 10
195.51719238845095
 20
-224.85888904232502
 30
472.32142857142856
 10
197.59592133660132
 20
-225.71992676514648
 30
476.2185428884585
 10
201.75337923290212
 20
-227.4420022107894
 30
476.2185428884585
 10
203.8321081810525
 20
-228.30303993361088
 30
472.32142857142856
 10
201.75337923290212
 20
-227.4420022107894
 30
468.4243142543986
 10
197.59592133660132
 20
-225.71992676514648
 30
468.4243142543986
 10
193.5
 20
-235.00000000000006
 30
474.28571428571433
 10
195.75
 20
-235.00000000000006
 30
478.1828286027443
 10
200.25
 20
-235.00000000000006
 30
478.1828286027443
 10
202.5
 20
-235.00000000000006
 30
474.28571428571433
 10
200.25
 20
-235.00000000000006
 30
470.3885999686844
 10
195.75
 20
-235.00000000000006
 30
470.3885999686844
 10
195.51719238845084
 20
-245.14111095767473
 30
476.25
 10
197.59592133660124
 20
-244.2800732348533
 30
480.14711431702995
 10
201.75337923290203
 20
-242.55799778921042
 30
480.14711431702995
 10
203.83210818105243
 20
-241.69696006638898
 30
476.25
 10
201.75337923290203
 20
-242.55799778921042
 30
472.35288568297005
 10
197.59592133660124
 20
-244.2800732348533
 30
472.35288568297005
 10
201.26167029855648
 20
-253.7383297014435
 30
478.21428571428567
 10
202.8526605562262
 20
-252.14733944377377
 30
482.1114000313156
 10
206.0346410715657
 20
-248.9653589284343
 30
482.1114000313156
 10
207.6256313292354
 20
-247.37436867076457
 30
478.21428571428567
 10
206.0346410715657
 20
-248.96535892843428
 30
474.3171713972557
 10
202.8526605562262
 20
-252.14733944377377
 30
474.3171713972557
 10
209.85888904232507
 20
-259.48280761154905
 30
480.17857142857144
 10
210.7199267651465
 20
-257.40407866339865
 30
484.0756857456014
 10
212.44200221078944
 20
-253.24662076709788
 30
484.0756857456014
 10
213.30303993361088
 20
-251.16789181894748
 30
480.17857142857144
 10
212.44200221078944
 20
-253.24662076709788
 30
476.2814571115415
 10
210.7199267651465
 20
-257.40407866339865
 30
476.2814571115415
 10
219.9999999999999
 20
-261.5
 30
482.1428571428571
 10
219.99999999999991
 20
-259.25
 30
486.03997145988706
 10
219.99999999999991
 20
-254.75
 30
486.03997145988706
 10
219.99999999999994
 20
-252.5
 30
482.1428571428571
 10
219.99999999999991
 20
-254.75
 30
478.24574282582716
 10
219.99999999999991
 20
-259.25
 30
478.24574282582716
 10
230.14111095767475
 20
-259.48280761154916
 30
484.1071428571429
 10
229.28007323485332
 20
-257.40407866339876
 30
488.00425717417284
 10
227.55799778921045
 20
-253.24662076709797
 30
488.00425717417284
 10
226.696960066389
 20
-251.16789181894757
 30
484.1071428571429
 10
227.55799778921045
 20
-253.24662076709797
 30
480.21002854011294
 10
229.28007323485332
 20
-257.40407866339876
 30
480.21002854011294
 10
238.73832970144352
 20
-253.7383297014435
 30
486.07142857142856
 10
237.1473394437738
 20
-252.14733944377377
 30
489.9685428884585
 10
233.9653589284343
 20
-248.9653589284343
 30
489.9685428884585
 10
232.3743686707646
 20
-247.37436867076457
 30
486.07142857142856
 10
233.9653589284343
 20
-248.96535892843428
 30
482.1743142543986
 10
237.1473394437738
 20
-252.14733944377377
 30
482.1743142543986
 10
244.4828076115491
 20
-245.1411109576749
 30
488.03571428571433
 10
242.4040786633987
 20
-244.28007323485346
 30
491.9328286027443
 10
238.2466207670979
 20
-242.55799778921053
 30
491.9328286027443
 10
236.1678918189475
 20
-241.6969600663891
 30
488.03571428571433
 10
238.2466207670979
 20
-242.55799778921053
 30
484.1385999686844
 10
242.4040786633987
 20
-244.28007323485346
 30
484.1385999686844
 10
246.5
 20
-235.00000000000003
 30
490.0
 10
244.25
 20
-235.00000000000003
 30
493.89711431702995
 10
239.75
 20
-235.00000000000003
 30
493.89711431702995
 10
237.5
 20
-235.00000000000003
 30
490.0
 10
239.75
 20
-235.00000000000003
 30
486.10288568297005
 10
244.25
 20
-235.00000000000003
 30
486.10288568297005
 93
3360
 90
4
 90
0
 90
1
 90
7
 90
6
 90
4
 90
1
 90
2
 90
8
 90
7
 90
4
 90
2
 90
3
 90
9
 90
8
 90
4
 90
3
 90
4
 90
10
 90
9
 90
4
 90
4
 90
5
 90
11
 90
10
 90
4
 90
5
 90
0
 90
6
 90
11
 90
4
 90
6
 90
7
 90
13
 90
12
 90
4
 90
7
 90
8
 90
14
 90
13
 90
4
 90
8
 90
9
 90
15
 90
14
 90
4
 90
9
 90
10
 90
16
 90
15
 90
4
 90
10
 90
11
 90
17
 90
16
 90
4
 90
11
 90
6
 90
12
 90
17
 90
4
 90
12
 90
13
 90
19
 90
18
 90
4
 90
13
 90
14
 90
20
 90
19
 90
4
 90
14
 90
15
 90
21
 90
20
 90
4
 90
15
 90
16
 90
22
 90
21
 90
4
 90
16
 90
17
 90
23
 90
22
 90
4
 90
17
 90
12
 90
18
 90
23
 90
4
 90
18
 90
19
 90
25
 90
24
 90
4
 90
19
 90
20
 90
26
 90
25
 90
4
 90
20
 90
21
 90
27
 90
26
 90
4
 90
21
 90
22
 90
28
 90
27
 90
4
 90
22
 90
23
 90
29
 90
28
 90
4
 90
23
 90
18
 90
24
 90
29
 90
4
 90
24
 90
25
 90
31
 90
30
 90
4
 90
25
 90
26
 90
32
 90
31
 90
4
 90
26
 90
27
 90
33
 90
32
 90
4
 90
27
 90
28
 90
34
 90
33
 90
4
 90
28
 90
29
 90
35
 90
34
 90
4
 90
29
 90
24
 90
30
 90
35
 90
4
 90
30
 90
31
 90
37
 90
36
 90
4
 90
31
 90
32
 90
38
 90
37
 90
4
 90
32
 90
33
 90
39
 90
38
 90
4
 90
33
 90
34
 90
40
 90
39
 90
4
 90
34
 90
35
 90
41
 90
40
 90
4
 90
35
 90
30
 90
36
 90
41
 90
4
 90
36
 90
37
 90
43
 90
42
 90
4
 90
37
 90
38
 90
44
 90
43
 90
4
 90
38
 90
39
 90
45
 90
44
 90
4
 90
39
 90
40
 90
46
 90
45
 90
4
 90
40
 90
41
 90
47
 90
46
 90
4
 90
41
 90
36
 90
42
 90
47
 90
4
 90
42
 90
43
 90
49
 90
48
 90
4
 90
43
 90
44
 90
50
 90
49
 90
4
 90
44
 90
45
 90
51
 90
50
 90
4
 90
45
 90
46
 90
52
 90
51
 90
4
 90
46
 90
47
 90
53
 90
52
 90
4
 90
47
 90
42
 90
48
 90
53
 90
4
 90
48
 90
49
 90
55
 90
54
 90
4
 90
49
 90
50
 90
56
 90
55
 90
4
 90
50
 90
51
 90
57
 90
56
 90
4
 90
51
 90
52
 90
58
 90
57
 90
4
 90
52
 90
53
 90
59
 90
58
 90
4
 90
53
 90
48
 90
54
 90
59
 90
4
 90
54
 90
55
 90
61
 90
60
 90
4
 90
55
 90
56
 90
62
 90
61
 90
4
 90
56
 90
57
 90
63
 90
62
 90
4
 90
57
 90
58
 90
64
 90
63
 90
4
 90
58
 90
59
 90
65
 90
64
 90
4
 90
59
 90
54
 90
60
 90
65
 90
4
 90
60
 90
61
 90
67
 90
66
 90
4
 90
61
 90
62
 90
68
 90
67
 90
4
 90
62
 90
63
 90
69
 90
68
 90
4
 90
63
 90
64
 90
70
 90
69
 90
4
 90
64
 90
65
 90
71
 90
70
 90
4
 90
65
 90
60
 90
66
 90
71
 90
4
 90
66
 90
67
 90
73
 90
72
 90
4
 90
67
 90
68
 90
74
 90
73
 90
4
 90
68
 90
69
 90
75
 90
74
 90
4
 90
69
 90
70
 90
76
 90
75
 90
4
 90
70
 90
71
 90
77
 90
76
 90
4
 90
71
 90
66
 90
72
 90
77
 90
4
 90
72
 90
73
 90
79
 90
78
 90
4
 90
73
 90
74
 90
80
 90
79
 90
4
 90
74
 90
75
 90
81
 90
80
 90
4
 90
75
 90
76
 90
82
 90
81
 90
4
 90
76
 90
77
 90
83
 90
82
 90
4
 90
77
 90
72
 90
78
 90
83
 90
4
 90
78
 90
79
 90
85
 90
84
 90
4
 90
79
 90
80
 90
86
 90
85
 90
4
 90
80
 90
81
 90
87
 90
86
 90
4
 90
81
 90
82
 90
88
 90
87
 90
4
 90
82
 90
83
 90
89
 90
88
 90
4
 90
83
 90
78
 90
84
 90
89
 90
4
 90
84
 90
85
 90
91
 90
90
 90
4
 90
85
 90
86
 90
92
 90
91
 90
4
 90
86
 90
87
 90
93
 90
92
 90
4
 90
87
 90
88
 90
94
 90
93
 90
4
 90
88
 90
89
 90
95
 90
94
 90
4
 90
89
 90
84
 90
90
 90
95
 90
4
 90
90
 90
91
 90
97
 90
96
 90
4
 90
91
 90
92
 90
98
 90
97
 90
4
 90
92
 90
93
 90
99
 90
98
 90
4
 90
93
 90
94
 90
100
 90
99
 90
4
 90
94
 90
95
 90
101
 90
100
 90
4
 90
95
 90
90
 90
96
 90
101
 90
4
 90
96
 90
97
 90
103
 90
102
 90
4
 90
97
 90
98
 90
104
 90
103
 90
4
 90
98
 90
99
 90
105
 90
104
 90
4
 90
99
 90
100
 90
106
 90
105
 90
4
 90
100
 90
101
 90
107
 90
106
 90
4
 90
101
 90
96
 90
102
 90
107
 90
4
 90
102
 90
103
 90
109
 90
108
 90
4
 90
103
 90
104
 90
110
 90
109
 90
4
 90
104
 90
105
 90
111
 90
110
 90
4
 90
105
 90
106
 90
112
 90
111
 90
4
 90
106
 90
107
 90
113
 90
112
 90
4
 90
107
 90
102
 90
108
 90
113
 90
4
 90
108
 90
109
 90
115
 90
114
 90
4
 90
109
 90
110
 90
116
 90
115
 90
4
 90
110
 90
111
 90
117
 90
116
 90
4
 90
111
 90
112
 90
118
 90
117
 90
4
 90
112
 90
113
 90
119
 90
118
 90
4
 90
113
 90
108
 90
114
 90
119
 90
4
 90
114
 90
115
 90
121
 90
120
 90
4
 90
115
 90
116
 90
122
 90
121
 90
4
 90
116
 90
117
 90
123
 90
122
 90
4
 90
117
 90
118
 90
124
 90
123
 90
4
 90
118
 90
119
 90
125
 90
124
 90
4
 90
119
 90
114
 90
120
 90
125
 90
4
 90
120
 90
121
 90
127
 90
126
 90
4
 90
121
 90
122
 90
128
 90
127
 90
4
 90
122
 90
123
 90
129
 90
128
 90
4
 90
123
 90
124
 90
130
 90
129
 90
4
 90
124
 90
125
 90
131
 90
130
 90
4
 90
125
 90
120
 90
126
 90
131
 90
4
 90
126
 90
127
 90
133
 90
132
 90
4
 90
127
 90
128
 90
134
 90
133
 90
4
 90
128
 90
129
 90
135
 90
134
 90
4
 90
129
 90
130
 90
136
 90
135
 90
4
 90
130
 90
131
 90
137
 90
136
 90
4
 90
131
 90
126
 90
132
 90
137
 90
4
 90
132
 90
133
 90
139
 90
138
 90
4
 90
133
 90
134
 90
140
 90
139
 90
4
 90
134
 90
135
 90
141
 90
140
 90
4
 90
135
 90
136
 90
142
 90
141
 90
4
 90
136
 90
137
 90
143
 90
142
 90
4
 90
137
 90
132
 90
138
 90
143
 90
4
 90
138
 90
139
 90
145
 90
144
 90
4
 90
139
 90
140
 90
146
 90
145
 90
4
 90
140
 90
141
 90
147
 90
146
 90
4
 90
141
 90
142
 90
148
 90
147
 90
4
 90
142
 90
143
 90
149
 90
148
 90
4
 90
143
 90
138
 90
144
 90
149
 90
4
 90
144
 90
145
 90
151
 90
150
 90
4
 90
145
 90
146
 90
152
 90
151
 90
4
 90
146
 90
147
 90
153
 90
152
 90
4
 90
147
 90
148
 90
154
 90
153
 90
4
 90
148
 90
149
 90
155
 90
154
 90
4
 90
149
 90
144
 90
150
 90
155
 90
4
 90
150
 90
151
 90
157
 90
156
 90
4
 90
151
 90
152
 90
158
 90
157
 90
4
 90
152
 90
153
 90
159
 90
158
 90
4
 90
153
 90
154
 90
160
 90
159
 90
4
 90
154
 90
155
 90
161
 90
160
 90
4
 90
155
 90
150
 90
156
 90
161
 90
4
 90
156
 90
157
 90
163
 90
162
 90
4
 90
157
 90
158
 90
164
 90
163
 90
4
 90
158
 90
159
 90
165
 90
164
 90
4
 90
159
 90
160
 90
166
 90
165
 90
4
 90
160
 90
161
 90
167
 90
166
 90
4
 90
161
 90
156
 90
162
 90
167
 90
4
 90
162
 90
163
 90
169
 90
168
 90
4
 90
163
 90
164
 90
170
 90
169
 90
4
 90
164
 90
165
 90
171
 90
170
 90
4
 90
165
 90
166
 90
172
 90
171
 90
4
 90
166
 90
167
 90
173
 90
172
 90
4
 90
167
 90
162
 90
168
 90
173
 90
4
 90
168
 90
169
 90
175
 90
174
 90
4
 90
169
 90
170
 90
176
 90
175
 90
4
 90
170
 90
171
 90
177
 90
176
 90
4
 90
171
 90
172
 90
178
 90
177
 90
4
 90
172
 90
173
 90
179
 90
178
 90
4
 90
173
 90
168
 90
174
 90
179
 90
4
 90
174
 90
175
 90
181
 90
180
 90
4
 90
175
 90
176
 90
182
 90
181
 90
4
 90
176
 90
177
 90
183
 90
182
 90
4
 90
177
 90
178
 90
184
 90
183
 90
4
 90
178
 90
179
 90
185
 90
184
 90
4
 90
179
 90
174
 90
180
 90
185
 90
4
 90
180
 90
181
 90
187
 90
186
 90
4
 90
181
 90
182
 90
188
 90
187
 90
4
 90
182
 90
183
 90
189
 90
188
 90
4
 90
183
 90
184
 90
190
 90
189
 90
4
 90
184
 90
185
 90
191
 90
190
 90
4
 90
185
 90
180
 90
186
 90
191
 90
4
 90
186
 90
187
 90
193
 90
192
 90
4
 90
187
 90
188
 90
194
 90
193
 90
4
 90
188
 90
189
 90
195
 90
194
 90
4
 90
189
 90
190
 90
196
 90
195
 90
4
 90
190
 90
191
 90
197
 90
196
 90
4
 90
191
 90
186
 90
192
 90
197
 90
4
 90
192
 90
193
 90
199
 90
198
 90
4
 90
193
 90
194
 90
200
 90
199
 90
4
 90
194
 90
195
 90
201
 90
200
 90
4
 90
195
 90
196
 90
202
 90
201
 90
4
 90
196
 90
197
 90
203
 90
202
 90
4
 90
197
 90
192
 90
198
 90
203
 90
4
 90
198
 90
199
 90
205
 90
204
 90
4
 90
199
 90
200
 90
206
 90
205
 90
4
 90
200
 90
201
 90
207
 90
206
 90
4
 90
201
 90
202
 90
208
 90
207
 90
4
 90
202
 90
203
 90
209
 90
208
 90
4
 90
203
 90
198
 90
204
 90
209
 90
4
 90
204
 90
205
 90
211
 90
210
 90
4
 90
205
 90
206
 90
212
 90
211
 90
4
 90
206
 90
207
 90
213
 90
212
 90
4
 90
207
 90
208
 90
214
 90
213
 90
4
 90
208
 90
209
 90
215
 90
214
 90
4
 90
209
 90
204
 90
210
 90
215
 90
4
 90
210
 90
211
 90
217
 90
216
 90
4
 90
211
 90
212
 90
218
 90
217
 90
4
 90
212
 90
213
 90
219
 90
218
 90
4
 90
213
 90
214
 90
220
 90
219
 90
4
 90
214
 90
215
 90
221
 90
220
 90
4
 90
215
 90
210
 90
216
 90
221
 90
4
 90
216
 90
217
 90
223
 90
222
 90
4
 90
217
 90
218
 90
224
 90
223
 90
4
 90
218
 90
219
 90
225
 90
224
 90
4
 90
219
 90
220
 90
226
 90
225
 90
4
 90
220
 90
221
 90
227
 90
226
 90
4
 90
221
 90
216
 90
222
 90
227
 90
4
 90
222
 90
223
 90
229
 90
228
 90
4
 90
223
 90
224
 90
230
 90
229
 90
4
 90
224
 90
225
 90
231
 90
230
 90
4
 90
225
 90
226
 90
232
 90
231
 90
4
 90
226
 90
227
 90
233
 90
232
 90
4
 90
227
 90
222
 90
228
 90
233
 90
4
 90
228
 90
229
 90
235
 90
234
 90
4
 90
229
 90
230
 90
236
 90
235
 90
4
 90
230
 90
231
 90
237
 90
236
 90
4
 90
231
 90
232
 90
238
 90
237
 90
4
 90
232
 90
233
 90
239
 90
238
 90
4
 90
233
 90
228
 90
234
 90
239
 90
4
 90
234
 90
235
 90
241
 90
240
 90
4
 90
235
 90
236
 90
242
 90
241
 90
4
 90
236
 90
237
 90
243
 90
242
 90
4
 90
237
 90
238
 90
244
 90
243
 90
4
 90
238
 90
239
 90
245
 90
244
 90
4
 90
239
 90
234
 90
240
 90
245
 90
4
 90
240
 90
241
 90
247
 90
246
 90
4
 90
241
 90
242
 90
248
 90
247
 90
4
 90
242
 90
243
 90
249
 90
248
 90
4
 90
243
 90
244
 90
250
 90
249
 90
4
 90
244
 90
245
 90
251
 90
250
 90
4
 90
245
 90
240
 90
246
 90
251
 90
4
 90
246
 90
247
 90
253
 90
252
 90
4
 90
247
 90
248
 90
254
 90
253
 90
4
 90
248
 90
249
 90
255
 90
254
 90
4
 90
249
 90
250
 90
256
 90
255
 90
4
 90
250
 90
251
 90
257
 90
256
 90
4
 90
251
 90
246
 90
252
 90
257
 90
4
 90
252
 90
253
 90
259
 90
258
 90
4
 90
253
 90
254
 90
260
 90
259
 90
4
 90
254
 90
255
 90
261
 90
260
 90
4
 90
255
 90
256
 90
262
 90
261
 90
4
 90
256
 90
257
 90
263
 90
262
 90
4
 90
257
 90
252
 90
258
 90
263
 90
4
 90
258
 90
259
 90
265
 90
264
 90
4
 90
259
 90
260
 90
266
 90
265
 90
4
 90
260
 90
261
 90
267
 90
266
 90
4
 90
261
 90
262
 90
268
 90
267
 90
4
 90
262
 90
263
 90
269
 90
268
 90
4
 90
263
 90
258
 90
264
 90
269
 90
4
 90
264
 90
265
 90
271
 90
270
 90
4
 90
265
 90
266
 90
272
 90
271
 90
4
 90
266
 90
267
 90
273
 90
272
 90
4
 90
267
 90
268
 90
274
 90
273
 90
4
 90
268
 90
269
 90
275
 90
274
 90
4
 90
269
 90
264
 90
270
 90
275
 90
4
 90
270
 90
271
 90
277
 90
276
 90
4
 90
271
 90
272
 90
278
 90
277
 90
4
 90
272
 90
273
 90
279
 90
278
 90
4
 90
273
 90
274
 90
280
 90
279
 90
4
 90
274
 90
275
 90
281
 90
280
 90
4
 90
275
 90
270
 90
276
 90
281
 90
4
 90
276
 90
277
 90
283
 90
282
 90
4
 90
277
 90
278
 90
284
 90
283
 90
4
 90
278
 90
279
 90
285
 90
284
 90
4
 90
279
 90
280
 90
286
 90
285
 90
4
 90
280
 90
281
 90
287
 90
286
 90
4
 90
281
 90
276
 90
282
 90
287
 90
4
 90
282
 90
283
 90
289
 90
288
 90
4
 90
283
 90
284
 90
290
 90
289
 90
4
 90
284
 90
285
 90
291
 90
290
 90
4
 90
285
 90
286
 90
292
 90
291
 90
4
 90
286
 90
287
 90
293
 90
292
 90
4
 90
287
 90
282
 90
288
 90
293
 90
4
 90
288
 90
289
 90
295
 90
294
 90
4
 90
289
 90
290
 90
296
 90
295
 90
4
 90
290
 90
291
 90
297
 90
296
 90
4
 90
291
 90
292
 90
298
 90
297
 90
4
 90
292
 90
293
 90
299
 90
298
 90
4
 90
293
 90
288
 90
294
 90
299
 90
4
 90
294
 90
295
 90
301
 90
300
 90
4
 90
295
 90
296
 90
302
 90
301
 90
4
 90
296
 90
297
 90
303
 90
302
 90
4
 90
297
 90
298
 90
304
 90
303
 90
4
 90
298
 90
299
 90
305
 90
304
 90
4
 90
299
 90
294
 90
300
 90
305
 90
4
 90
300
 90
301
 90
307
 90
306
 90
4
 90
301
 90
302
 90
308
 90
307
 90
4
 90
302
 90
303
 90
309
 90
308
 90
4
 90
303
 90
304
 90
310
 90
309
 90
4
 90
304
 90
305
 90
311
 90
310
 90
4
 90
305
 90
300
 90
306
 90
311
 90
4
 90
306
 90
307
 90
313
 90
312
 90
4
 90
307
 90
308
 90
314
 90
313
 90
4
 90
308
 90
309
 90
315
 90
314
 90
4
 90
309
 90
310
 90
316
 90
315
 90
4
 90
310
 90
311
 90
317
 90
316
 90
4
 90
311
 90
306
 90
312
 90
317
 90
4
 90
312
 90
313
 90
319
 90
318
 90
4
 90
313
 90
314
 90
320
 90
319
 90
4
 90
314
 90
315
 90
321
 90
320
 90
4
 90
315
 90
316
 90
322
 90
321
 90
4
 90
316
 90
317
 90
323
 90
322
 90
4
 90
317
 90
312
 90
318
 90
323
 90
4
 90
318
 90
319
 90
325
 90
324
 90
4
 90
319
 90
320
 90
326
 90
325
 90
4
 90
320
 90
321
 90
327
 90
326
 90
4
 90
321
 90
322
 90
328
 90
327
 90
4
 90
322
 90
323
 90
329
 90
328
 90
4
 90
323
 90
318
 90
324
 90
329
 90
4
 90
324
 90
325
 90
331
 90
330
 90
4
 90
325
 90
326
 90
332
 90
331
 90
4
 90
326
 90
327
 90
333
 90
332
 90
4
 90
327
 90
328
 90
334
 90
333
 90
4
 90
328
 90
329
 90
335
 90
334
 90
4
 90
329
 90
324
 90
330
 90
335
 90
4
 90
330
 90
331
 90
337
 90
336
 90
4
 90
331
 90
332
 90
338
 90
337
 90
4
 90
332
 90
333
 90
339
 90
338
 90
4
 90
333
 90
334
 90
340
 90
339
 90
4
 90
334
 90
335
 90
341
 90
340
 90
4
 90
335
 90
330
 90
336
 90
341
 90
4
 90
336
 90
337
 90
343
 90
342
 90
4
 90
337
 90
338
 90
344
 90
343
 90
4
 90
338
 90
339
 90
345
 90
344
 90
4
 90
339
 90
340
 90
346
 90
345
 90
4
 90
340
 90
341
 90
347
 90
346
 90
4
 90
341
 90
336
 90
342
 90
347
 90
4
 90
342
 90
343
 90
349
 90
348
 90
4
 90
343
 90
344
 90
350
 90
349
 90
4
 90
344
 90
345
 90
351
 90
350
 90
4
 90
345
 90
346
 90
352
 90
351
 90
4
 90
346
 90
347
 90
353
 90
352
 90
4
 90
347
 90
342
 90
348
 90
353
 90
4
 90
348
 90
349
 90
355
 90
354
 90
4
 90
349
 90
350
 90
356
 90
355
 90
4
 90
350
 90
351
 90
357
 90
356
 90
4
 90
351
 90
352
 90
358
 90
357
 90
4
 90
352
 90
353
 90
359
 90
358
 90
4
 90
353
 90
348
 90
354
 90
359
 90
4
 90
354
 90
355
 90
361
 90
360
 90
4
 90
355
 90
356
 90
362
 90
361
 90
4
 90
356
 90
357
 90
363
 90
362
 90
4
 90
357
 90
358
 90
364
 90
363
 90
4
 90
358
 90
359
 90
365
 90
364
 90
4
 90
359
 90
354
 90
360
 90
365
 90
4
 90
360
 90
361
 90
367
 90
366
 90
4
 90
361
 90
362
 90
368
 90
367
 90
4
 90
362
 90
363
 90
369
 90
368
 90
4
 90
363
 90
364
 90
370
 90
369
 90
4
 90
364
 90
365
 90
371
 90
370
 90
4
 90
365
 90
360
 90
366
 90
371
 90
4
 90
366
 90
367
 90
373
 90
372
 90
4
 90
367
 90
368
 90
374
 90
373
 90
4
 90
368
 90
369
 90
375
 90
374
 90
4
 90
369
 90
370
 90
376
 90
375
 90
4
 90
370
 90
371
 90
377
 90
376
 90
4
 90
371
 90
366
 90
372
 90
377
 90
4
 90
372
 90
373
 90
379
 90
378
 90
4
 90
373
 90
374
 90
380
 90
379
 90
4
 90
374
 90
375
 90
381
 90
380
 90
4
 90
375
 90
376
 90
382
 90
381
 90
4
 90
376
 90
377
 90
383
 90
382
 90
4
 90
377
 90
372
 90
378
 90
383
 90
4
 90
378
 90
379
 90
385
 90
384
 90
4
 90
379
 90
380
 90
386
 90
385
 90
4
 90
380
 90
381
 90
387
 90
386
 90
4
 90
381
 90
382
 90
388
 90
387
 90
4
 90
382
 90
383
 90
389
 90
388
 90
4
 90
383
 90
378
 90
384
 90
389
 90
4
 90
384
 90
385
 90
391
 90
390
 90
4
 90
385
 90
386
 90
392
 90
391
 90
4
 90
386
 90
387
 90
393
 90
392
 90
4
 90
387
 90
388
 90
394
 90
393
 90
4
 90
388
 90
389
 90
395
 90
394
 90
4
 90
389
 90
384
 90
390
 90
395
 90
4
 90
390
 90
391
 90
397
 90
396
 90
4
 90
391
 90
392
 90
398
 90
397
 90
4
 90
392
 90
393
 90
399
 90
398
 90
4
 90
393
 90
394
 90
400
 90
399
 90
4
 90
394
 90
395
 90
401
 90
400
 90
4
 90
395
 90
390
 90
396
 90
401
 90
4
 90
396
 90
397
 90
403
 90
402
 90
4
 90
397
 90
398
 90
404
 90
403
 90
4
 90
398
 90
399
 90
405
 90
404
 90
4
 90
399
 90
400
 90
406
 90
405
 90
4
 90
400
 90
401
 90
407
 90
406
 90
4
 90
401
 90
396
 90
402
 90
407
 90
4
 90
402
 90
403
 90
409
 90
408
 90
4
 90
403
 90
404
 90
410
 90
409
 90
4
 90
404
 90
405
 90
411
 90
410
 90
4
 90
405
 90
406
 90
412
 90
411
 90
4
 90
406
 90
407
 90
413
 90
412
 90
4
 90
407
 90
402
 90
408
 90
413
 90
4
 90
408
 90
409
 90
415
 90
414
 90
4
 90
409
 90
410
 90
416
 90
415
 90
4
 90
410
 90
411
 90
417
 90
416
 90
4
 90
411
 90
412
 90
418
 90
417
 90
4
 90
412
 90
413
 90
419
 90
418
 90
4
 90
413
 90
408
 90
414
 90
419
 90
4
 90
414
 90
415
 90
421
 90
420
 90
4
 90
415
 90
416
 90
422
 90
421
 90
4
 90
416
 90
417
 90
423
 90
422
 90
4
 90
417
 90
418
 90
424
 90
423
 90
4
 90
418
 90
419
 90
425
 90
424
 90
4
 90
419
 90
414
 90
420
 90
425
 90
4
 90
420
 90
421
 90
427
 90
426
 90
4
 90
421
 90
422
 90
428
 90
427
 90
4
 90
422
 90
423
 90
429
 90
428
 90
4
 90
423
 90
424
 90
430
 90
429
 90
4
 90
424
 90
425
 90
431
 90
430
 90
4
 90
425
 90
420
 90
426
 90
431
 90
4
 90
426
 90
427
 90
433
 90
432
 90
4
 90
427
 90
428
 90
434
 90
433
 90
4
 90
428
 90
429
 90
435
 90
434
 90
4
 90
429
 90
430
 90
436
 90
435
 90
4
 90
430
 90
431
 90
437
 90
436
 90
4
 90
431
 90
426
 90
432
 90
437
 90
4
 90
432
 90
433
 90
439
 90
438
 90
4
 90
433
 90
434
 90
440
 90
439
 90
4
 90
434
 90
435
 90
441
 90
440
 90
4
 90
435
 90
436
 90
442
 90
441
 90
4
 90
436
 90
437
 90
443
 90
442
 90
4
 90
437
 90
432
 90
438
 90
443
 90
4
 90
438
 90
439
 90
445
 90
444
 90
4
 90
439
 90
440
 90
446
 90
445
 90
4
 90
440
 90
441
 90
447
 90
446
 90
4
 90
441
 90
442
 90
448
 90
447
 90
4
 90
442
 90
443
 90
449
 90
448
 90
4
 90
443
 90
438
 90
444
 90
449
 90
4
 90
444
 90
445
 90
451
 90
450
 90
4
 90
445
 90
446
 90
452
 90
451
 90
4
 90
446
 90
447
 90
453
 90
452
 90
4
 90
447
 90
448
 90
454
 90
453
 90
4
 90
448
 90
449
 90
455
 90
454
 90
4
 90
449
 90
444
 90
450
 90
455
 90
4
 90
450
 90
451
 90
457
 90
456
 90
4
 90
451
 90
452
 90
458
 90
457
 90
4
 90
452
 90
453
 90
459
 90
458
 90
4
 90
453
 90
454
 90
460
 90
459
 90
4
 90
454
 90
455
 90
461
 90
460
 90
4
 90
455
 90
450
 90
456
 90
461
 90
4
 90
456
 90
457
 90
463
 90
462
 90
4
 90
457
 90
458
 90
464
 90
463
 90
4
 90
458
 90
459
 90
465
 90
464
 90
4
 90
459
 90
460
 90
466
 90
465
 90
4
 90
460
 90
461
 90
467
 90
466
 90
4
 90
461
 90
456
 90
462
 90
467
 90
4
 90
462
 90
463
 90
469
 90
468
 90
4
 90
463
 90
464
 90
470
 90
469
 90
4
 90
464
 90
465
 90
471
 90
470
 90
4
 90
465
 90
466
 90
472
 90
471
 90
4
 90
466
 90
467
 90
473
 90
472
 90
4
 90
467
 90
462
 90
468
 90
473
 90
4
 90
468
 90
469
 90
475
 90
474
 90
4
 90
469
 90
470
 90
476
 90
475
 90
4
 90
470
 90
471
 90
477
 90
476
 90
4
 90
471
 90
472
 90
478
 90
477
 90
4
 90
472
 90
473
 90
479
 90
478
 90
4
 90
473
 90
468
 90
474
 90
479
 90
4
 90
474
 90
475
 90
481
 90
480
 90
4
 90
475
 90
476
 90
482
 90
481
 90
4
 90
476
 90
477
 90
483
 90
482
 90
4
 90
477
 90
478
 90
484
 90
483
 90
4
 90
478
 90
479
 90
485
 90
484
 90
4
 90
479
 90
474
 90
480
 90
485
 90
4
 90
480
 90
481
 90
487
 90
486
 90
4
 90
481
 90
482
 90
488
 90
487
 90
4
 90
482
 90
483
 90
489
 90
488
 90
4
 90
483
 90
484
 90
490
 90
489
 90
4
 90
484
 90
485
 90
491
 90
490
 90
4
 90
485
 90
480
 90
486
 90
491
 90
4
 90
486
 90
487
 90
493
 90
492
 90
4
 90
487
 90
488
 90
494
 90
493
 90
4
 90
488
 90
489
 90
495
 90
494
 90
4
 90
489
 90
490
 90
496
 90
495
 90
4
 90
490
 90
491
 90
497
 90
496
 90
4
 90
491
 90
486
 90
492
 90
497
 90
4
 90
492
 90
493
 90
499
 90
498
 90
4
 90
493
 90
494
 90
500
 90
499
 90
4
 90
494
 90
495
 90
501
 90
500
 90
4
 90
495
 90
496
 90
502
 90
501
 90
4
 90
496
 90
497
 90
503
 90
502
 90
4
 90
497
 90
492
 90
498
 90
503
 90
4
 90
498
 90
499
 90
505
 90
504
 90
4
 90
499
 90
500
 90
506
 90
505
 90
4
 90
500
 90
501
 90
507
 90
506
 90
4
 90
501
 90
502
 90
508
 90
507
 90
4
 90
502
 90
503
 90
509
 90
508
 90
4
 90
503
 90
498
 90
504
 90
509
 90
4
 90
504
 90
505
 90
511
 90
510
 90
4
 90
505
 90
506
 90
512
 90
511
 90
4
 90
506
 90
507
 90
513
 90
512
 90
4
 90
507
 90
508
 90
514
 90
513
 90
4
 90
508
 90
509
 90
515
 90
514
 90
4
 90
509
 90
504
 90
510
 90
515
 90
4
 90
510
 90
511
 90
517
 90
516
 90
4
 90
511
 90
512
 90
518
 90
517
 90
4
 90
512
 90
513
 90
519
 90
518
 90
4
 90
513
 90
514
 90
520
 90
519
 90
4
 90
514
 90
515
 90
521
 90
520
 90
4
 90
515
 90
510
 90
516
 90
521
 90
4
 90
516
 90
517
 90
523
 90
522
 90
4
 90
517
 90
518
 90
524
 90
523
 90
4
 90
518
 90
519
 90
525
 90
524
 90
4
 90
519
 90
520
 90
526
 90
525
 90
4
 90
520
 90
521
 90
527
 90
526
 90
4
 90
521
 90
516
 90
522
 90
527
 90
4
 90
522
 90
523
 90
529
 90
528
 90
4
 90
523
 90
524
 90
530
 90
529
 90
4
 90
524
 90
525
 90
531
 90
530
 90
4
 90
525
 90
526
 90
532
 90
531
 90
4
 90
526
 90
527
 90
533
 90
532
 90
4
 90
527
 90
522
 90
528
 90
533
 90
4
 90
528
 90
529
 90
535
 90
534
 90
4
 90
529
 90
530
 90
536
 90
535
 90
4
 90
530
 90
531
 90
537
 90
536
 90
4
 90
531
 90
532
 90
538
 90
537
 90
4
 90
532
 90
533
 90
539
 90
538
 90
4
 90
533
 90
528
 90
534
 90
539
 90
4
 90
534
 90
535
 90
541
 90
540
 90
4
 90
535
 90
536
 90
542
 90
541
 90
4
 90
536
 90
537
 90
543
 90
542
 90
4
 90
537
 90
538
 90
544
 90
543
 90
4
 90
538
 90
539
 90
545
 90
544
 90
4
 90
539
 90
534
 90
540
 90
545
 90
4
 90
540
 90
541
 90
547
 90
546
 90
4
 90
541
 90
542
 90
548
 90
547
 90
4
 90
542
 90
543
 90
549
 90
548
 90
4
 90
543
 90
544
 90
550
 90
549
 90
4
 90
544
 90
545
 90
551
 90
550
 90
4
 90
545
 90
540
 90
546
 90
551
 90
4
 90
546
 90
547
 90
553
 90
552
 90
4
 90
547
 90
548
 90
554
 90
553
 90
4
 90
548
 90
549
 90
555
 90
554
 90
4
 90
549
 90
550
 90
556
 90
555
 90
4
 90
550
 90
551
 90
557
 90
556
 90
4
 90
551
 90
546
 90
552
 90
557
 90
4
 90
552
 90
553
 90
559
 90
558
 90
4
 90
553
 90
554
 90
560
 90
559
 90
4
 90
554
 90
555
 90
561
 90
560
 90
4
 90
555
 90
556
 90
562
 90
561
 90
4
 90
556
 90
557
 90
563
 90
562
 90
4
 90
557
 90
552
 90
558
 90
563
 90
4
 90
558
 90
559
 90
565
 90
564
 90
4
 90
559
 90
560
 90
566
 90
565
 90
4
 90
560
 90
561
 90
567
 90
566
 90
4
 90
561
 90
562
 90
568
 90
567
 90
4
 90
562
 90
563
 90
569
 90
568
 90
4
 90
563
 90
558
 90
564
 90
569
 90
4
 90
564
 90
565
 90
571
 90
570
 90
4
 90
565
 90
566
 90
572
 90
571
 90
4
 90
566
 90
567
 90
573
 90
572
 90
4
 90
567
 90
568
 90
574
 90
573
 90
4
 90
568
 90
569
 90
575
 90
574
 90
4
 90
569
 90
564
 90
570
 90
575
 90
4
 90
570
 90
571
 90
577
 90
576
 90
4
 90
571
 90
572
 90
578
 90
577
 90
4
 90
572
 90
573
 90
579
 90
578
 90
4
 90
573
 90
574
 90
580
 90
579
 90
4
 90
574
 90
575
 90
581
 90
580
 90
4
 90
575
 90
570
 90
576
 90
581
 90
4
 90
576
 90
577
 90
583
 90
582
 90
4
 90
577
 90
578
 90
584
 90
583
 90
4
 90
578
 90
579
 90
585
 90
584
 90
4
 90
579
 90
580
 90
586
 90
585
 90
4
 90
580
 90
581
 90
587
 90
586
 90
4
 90
581
 90
576
 90
582
 90
587
 90
4
 90
582
 90
583
 90
589
 90
588
 90
4
 90
583
 90
584
 90
590
 90
589
 90
4
 90
584
 90
585
 90
591
 90
590
 90
4
 90
585
 90
586
 90
592
 90
591
 90
4
 90
586
 90
587
 90
593
 90
592
 90
4
 90
587
 90
582
 90
588
 90
593
 90
4
 90
588
 90
589
 90
595
 90
594
 90
4
 90
589
 90
590
 90
596
 90
595
 90
4
 90
590
 90
591
 90
597
 90
596
 90
4
 90
591
 90
592
 90
598
 90
597
 90
4
 90
592
 90
593
 90
599
 90
598
 90
4
 90
593
 90
588
 90
594
 90
599
 90
4
 90
594
 90
595
 90
601
 90
600
 90
4
 90
595
 90
596
 90
602
 90
601
 90
4
 90
596
 90
597
 90
603
 90
602
 90
4
 90
597
 90
598
 90
604
 90
603
 90
4
 90
598
 90
599
 90
605
 90
604
 90
4
 90
599
 90
594
 90
600
 90
605
 90
4
 90
600
 90
601
 90
607
 90
606
 90
4
 90
601
 90
602
 90
608
 90
607
 90
4
 90
602
 90
603
 90
609
 90
608
 90
4
 90
603
 90
604
 90
610
 90
609
 90
4
 90
604
 90
605
 90
611
 90
610
 90
4
 90
605
 90
600
 90
606
 90
611
 90
4
 90
606
 90
607
 90
613
 90
612
 90
4
 90
607
 90
608
 90
614
 90
613
 90
4
 90
608
 90
609
 90
615
 90
614
 90
4
 90
609
 90
610
 90
616
 90
615
 90
4
 90
610
 90
611
 90
617
 90
616
 90
4
 90
611
 90
606
 90
612
 90
617
 90
4
 90
612
 90
613
 90
619
 90
618
 90
4
 90
613
 90
614
 90
620
 90
619
 90
4
 90
614
 90
615
 90
621
 90
620
 90
4
 90
615
 90
616
 90
622
 90
621
 90
4
 90
616
 90
617
 90
623
 90
622
 90
4
 90
617
 90
612
 90
618
 90
623
 90
4
 90
618
 90
619
 90
625
 90
624
 90
4
 90
619
 90
620
 90
626
 90
625
 90
4
 90
620
 90
621
 90
627
 90
626
 90
4
 90
621
 90
622
 90
628
 90
627
 90
4
 90
622
 90
623
 90
629
 90
628
 90
4
 90
623
 90
618
 90
624
 90
629
 90
4
 90
624
 90
625
 90
631
 90
630
 90
4
 90
625
 90
626
 90
632
 90
631
 90
4
 90
626
 90
627
 90
633
 90
632
 90
4
 90
627
 90
628
 90
634
 90
633
 90
4
 90
628
 90
629
 90
635
 90
634
 90
4
 90
629
 90
624
 90
630
 90
635
 90
4
 90
630
 90
631
 90
637
 90
636
 90
4
 90
631
 90
632
 90
638
 90
637
 90
4
 90
632
 90
633
 90
639
 90
638
 90
4
 90
633
 90
634
 90
640
 90
639
 90
4
 90
634
 90
635
 90
641
 90
640
 90
4
 90
635
 90
630
 90
636
 90
641
 90
4
 90
636
 90
637
 90
643
 90
642
 90
4
 90
637
 90
638
 90
644
 90
643
 90
4
 90
638
 90
639
 90
645
 90
644
 90
4
 90
639
 90
640
 90
646
 90
645
 90
4
 90
640
 90
641
 90
647
 90
646
 90
4
 90
641
 90
636
 90
642
 90
647
 90
4
 90
642
 90
643
 90
649
 90
648
 90
4
 90
643
 90
644
 90
650
 90
649
 90
4
 90
644
 90
645
 90
651
 90
650
 90
4
 90
645
 90
646
 90
652
 90
651
 90
4
 90
646
 90
647
 90
653
 90
652
 90
4
 90
647
 90
642
 90
648
 90
653
 90
4
 90
648
 90
649
 90
655
 90
654
 90
4
 90
649
 90
650
 90
656
 90
655
 90
4
 90
650
 90
651
 90
657
 90
656
 90
4
 90
651
 90
652
 90
658
 90
657
 90
4
 90
652
 90
653
 90
659
 90
658
 90
4
 90
653
 90
648
 90
654
 90
659
 90
4
 90
654
 90
655
 90
661
 90
660
 90
4
 90
655
 90
656
 90
662
 90
661
 90
4
 90
656
 90
657
 90
663
 90
662
 90
4
 90
657
 90
658
 90
664
 90
663
 90
4
 90
658
 90
659
 90
665
 90
664
 90
4
 90
659
 90
654
 90
660
 90
665
 90
4
 90
660
 90
661
 90
667
 90
666
 90
4
 90
661
 90
662
 90
668
 90
667
 90
4
 90
662
 90
663
 90
669
 90
668
 90
4
 90
663
 90
664
 90
670
 90
669
 90
4
 90
664
 90
665
 90
671
 90
670
 90
4
 90
665
 90
660
 90
666
 90
671
 90
4
 90
666
 90
667
 90
673
 90
672
 90
4
 90
667
 90
668
 90
674
 90
673
 90
4
 90
668
 90
669
 90
675
 90
674
 90
4
 90
669
 90
670
 90
676
 90
675
 90
4
 90
670
 90
671
 90
677
 90
676
 90
4
 90
671
 90
666
 90
672
 90
677
 94
0
 95
0
 90
0
  0
MESH
  5
5B
330
17
100
AcDbEntity
  8
CHASSIS
100
AcDbSubDMesh
 71
2
 72
0
 91
0
 92
8
 10
-238.0
 20
175.0
 30
485.0
 10
-182.0
 20
175.0
 30
485.0
 10
-182.0
 20
245.0
 30
485.0
 10
-238.0
 20
245.0
 30
485.0
 10
-238.0
 20
175.0
 30
525.0
 10
-182.0
 20
175.0
 30
525.0
 10
-182.0
 20
245.0
 30
525.0
 10
-238.0
 20
245.0
 30
525.0
 93
30
 90
4
 90
0
 90
3
 90
2
 90
1
 90
4
 90
4
 90
5
 90
6
 90
7
 90
4
 90
0
 90
1
 90
5
 90
4
 90
4
 90
1
 90
2
 90
6
 90
5
 90
4
 90
2
 90
3
 90
7
 90
6
 90
4
 90
3
 90
0
 90
4
 90
7
 94
0
 95
0
 90
0
  0
MESH
  5
5C
330
17
100
AcDbEntity
  8
CHASSIS
100
AcDbSubDMesh
 71
2
 72
0
 91
0
 92
8
 10
-232.0
 20
175.0
 30
370.0
 10
-188.0
 20
175.0
 30
370.0
 10
-188.0
 20
245.0
 30
370.0
 10
-232.0
 20
245.0
 30
370.0
 10
-232.0
 20
175.0
 30
400.0
 10
-188.0
 20
175.0
 30
400.0
 10
-188.0
 20
245.0
 30
400.0
 10
-232.0
 20
245.0
 30
400.0
 93
30
 90
4
 90
0
 90
3
 90
2
 90
1
 90
4
 90
4
 90
5
 90
6
 90
7
 90
4
 90
0
 90
1
 90
5
 90
4
 90
4
 90
1
 90
2
 90
6
 90
5
 90
4
 90
2
 90
3
 90
7
 90
6
 90
4
 90
3
 90
0
 90
4
 90
7
 94
0
 95
0
 90
0
  0
MESH
  5
5D
330
17
100
AcDbEntity
  8
CHASSIS
100
AcDbSubDMesh
 71
2
 72
0
 91
0
 92
8
 10
-248.0
 20
240.0
 30
140.0
 10
-172.0
 20
240.0
 30
140.0
 10
-172.0
 20
260.0
 30
140.0
 10
-248.0
 20
260.0
 30
140.0
 10
-248.0
 20
240.0
 30
270.0
 10
-172.0
 20
240.0
 30
270.0
 10
-172.0
 20
260.0
 30
270.0
 10
-248.0
 20
260.0
 30
270.0
 93
30
 90
4
 90
0
 90
3
 90
2
 90
1
 90
4
 90
4
 90
5
 90
6
 90
7
 90
4
 90
0
 90
1
 90
5
 90
4
 90
4
 90
1
 90
2
 90
6
 90
5
 90
4
 90
2
 90
3
 90
7
 90
6
 90
4
 90
3
 90
0
 90
4
 90
7
 94
0
 95
0
 90
0
  0
MESH
  5
5E
330
17
100
AcDbEntity
  8
FASTENERS
100
AcDbSubDMesh
 71
2
 72
0
 91
0
 92
30
 10
-220.0
 20
235.0
 30
240.0
 10
-220.0
 20
235.0
 30
520.0
 10
-211.0
 20
235.0
 30
240.0
 10
-211.89128018887823
 20
238.90495365205803
 30
240.0
 10
-214.3885917832714
 20
242.03648334221228
 30
240.0
 10
-217.99731159439318
 20
243.77435120963642
 30
240.0
 10
-222.00268840560682
 20
243.77435120963642
 30
240.0
 10
-225.6114082167286
 20
242.03648334221228
 30
240.0
 10
-228.10871981112177
 20
238.90495365205803
 30
240.0
 10
-229.0
 20
235.0
 30
240.0
 10
-228.10871981112177
 20
231.09504634794197
 30
240.0
 10
-225.6114082167286
 20
227.96351665778772
 30
240.0
 10
-222.00268840560682
 20
226.22564879036358
 30
240.0
 10
-217.99731159439318
 20
226.22564879036358
 30
240.0
 10
-214.3885917832714
 20
227.96351665778772
 30
240.0
 10
-211.89128018887823
 20
231.09504634794197
 30
240.0
 10
-211.0
 20
235.0
 30
520.0
 10
-211.89128018887823
 20
238.90495365205803
 30
520.0
 10
-214.3885917832714
 20
242.03648334221228
 30
520.0
 10
-217.99731159439318
 20
243.77435120963642
 30
520.0
 10
-222.00268840560682
 20
243.77435120963642
 30
520.0
 10
-225.6114082167286
 20
242.03648334221228
 30
520.0
 10
-228.10871981112177
 20
238.90495365205803
 30
520.0
 10
-229.0
 20
235.0
 30
520.0
 10
-228.10871981112177
 20
231.09504634794197
 30
520.0
 10
-225.6114082167286
 20
227.96351665778772
 30
520.0
 10
-222.00268840560682
 20
226.22564879036358
 30
520.0
 10
-217.99731159439318
 20
226.22564879036358
 30
520.0
 10
-214.3885917832714
 20
227.96351665778772
 30
520.0
 10
-211.89128018887823
 20
231.09504634794197
 30
520.0
 93
182
 90
3
 90
0
 90
3
 90
2
 90
3
 90
1
 90
16
 90
17
 90
4
 90
2
 90
3
 90
17
 90
16
 90
3
 90
0
 90
4
 90
3
 90
3
 90
1
 90
17
 90
18
 90
4
 90
3
 90
4
 90
18
 90
17
 90
3
 90
0
 90
5
 90
4
 90
3
 90
1
 90
18
 90
19
 90
4
 90
4
 90
5
 90
19
 90
18
 90
3
 90
0
 90
6
 90
5
 90
3
 90
1
 90
19
 90
20
 90
4
 90
5
 90
6
 90
20
 90
19
 90
3
 90
0
 90
7
 90
6
 90
3
 90
1
 90
20
 90
21
 90
4
 90
6
 90
7
 90
21
 90
20
 90
3
 90
0
 90
8
 90
7
 90
3
 90
1
 90
21
 90
22
 90
4
 90
7
 90
8
 90
22
 90
21
 90
3
 90
0
 90
9
 90
8
 90
3
 90
1
 90
22
 90
23
 90
4
 90
8
 90
9
 90
23
 90
22
 90
3
 90
0
 90
10
 90
9
 90
3
 90
1
 90
23
 90
24
 90
4
 90
9
 90
10
 90
24
 90
23
 90
3
 90
0
 90
11
 90
10
 90
3
 90
1
 90
24
 90
25
 90
4
 90
10
 90
11
 90
25
 90
24
 90
3
 90
0
 90
12
 90
11
 90
3
 90
1
 90
25
 90
26
 90
4
 90
11
 90
12
 90
26
 90
25
 90
3
 90
0
 90
13
 90
12
 90
3
 90
1
 90
26
 90
27
 90
4
 90
12
 90
13
 90
27
 90
26
 90
3
 90
0
 90
14
 90
13
 90
3
 90
1
 90
27
 90
28
 90
4
 90
13
 90
14
 90
28
 90
27
 90
3
 90
0
 90
15
 90
14
 90
3
 90
1
 90
28
 90
29
 90
4
 90
14
 90
15
 90
29
 90
28
 90
3
 90
0
 90
2
 90
15
 90
3
 90
1
 90
29
 90
16
 90
4
 90
15
 90
2
 90
16
 90
29
 94
0
 95
0
 90
0
  0
MESH
  5
5F
330
17
100
AcDbEntity
  8
CHASSIS
100
AcDbSubDMesh
 71
2
 72
0
 91
0
 92
34
 10
-220.0
 20
235.0
 30
485.0
 10
-220.0
 20
235.0
 30
515.0
 10
-194.0
 20
235.0
 30
485.0
 10
-195.97913215470655
 20
244.94976924149233
 30
485.0
 10
-201.61522368914976
 20
253.38477631085024
 30
485.0
 10
-210.05023075850767
 20
259.0208678452935
 30
485.0
 10
-220.0
 20
261.0
 30
485.0
 10
-229.94976924149233
 20
259.0208678452935
 30
485.0
 10
-238.38477631085024
 20
253.38477631085024
 30
485.0
 10
-244.02086784529345
 20
244.94976924149233
 30
485.0
 10
-246.0
 20
235.0
 30
485.0
 10
-244.02086784529345
 20
225.05023075850767
 30
485.0
 10
-238.38477631085024
 20
216.61522368914976
 30
485.0
 10
-229.94976924149236
 20
210.97913215470655
 30
485.0
 10
-220.0
 20
209.0
 30
485.0
 10
-210.05023075850767
 20
210.97913215470655
 30
485.0
 10
-201.61522368914976
 20
216.61522368914976
 30
485.0
 10
-195.97913215470655
 20
225.05023075850764
 30
485.0
 10
-194.0
 20
235.0
 30
515.0
 10
-195.97913215470655
 20
244.94976924149233
 30
515.0
 10
-201.61522368914976
 20
253.38477631085024
 30
515.0
 10
-210.05023075850767
 20
259.0208678452935
 30
515.0
 10
-220.0
 20
261.0
 30
515.0
 10
-229.94976924149233
 20
259.0208678452935
 30
515.0
 10
-238.38477631085024
 20
253.38477631085024
 30
515.0
 10
-244.02086784529345
 20
244.94976924149233
 30
515.0
 10
-246.0
 20
235.0
 30
515.0
 10
-244.02086784529345
 20
225.05023075850767
 30
515.0
 10
-238.38477631085024
 20
216.61522368914976
 30
515.0
 10
-229.94976924149236
 20
210.97913215470655
 30
515.0
 10
-220.0
 20
209.0
 30
515.0
 10
-210.05023075850767
 20
210.97913215470655
 30
515.0
 10
-201.61522368914976
 20
216.61522368914976
 30
515.0
 10
-195.97913215470655
 20
225.05023075850764
 30
515.0
 93
208
 90
3
 90
0
 90
3
 90
2
 90
3
 90
1
 90
18
 90
19
 90
4
 90
2
 90
3
 90
19
 90
18
 90
3
 90
0
 90
4
 90
3
 90
3
 90
1
 90
19
 90
20
 90
4
 90
3
 90
4
 90
20
 90
19
 90
3
 90
0
 90
5
 90
4
 90
3
 90
1
 90
20
 90
21
 90
4
 90
4
 90
5
 90
21
 90
20
 90
3
 90
0
 90
6
 90
5
 90
3
 90
1
 90
21
 90
22
 90
4
 90
5
 90
6
 90
22
 90
21
 90
3
 90
0
 90
7
 90
6
 90
3
 90
1
 90
22
 90
23
 90
4
 90
6
 90
7
 90
23
 90
22
 90
3
 90
0
 90
8
 90
7
 90
3
 90
1
 90
23
 90
24
 90
4
 90
7
 90
8
 90
24
 90
23
 90
3
 90
0
 90
9
 90
8
 90
3
 90
1
 90
24
 90
25
 90
4
 90
8
 90
9
 90
25
 90
24
 90
3
 90
0
 90
10
 90
9
 90
3
 90
1
 90
25
 90
26
 90
4
 90
9
 90
10
 90
26
 90
25
 90
3
 90
0
 90
11
 90
10
 90
3
 90
1
 90
26
 90
27
 90
4
 90
10
 90
11
 90
27
 90
26
 90
3
 90
0
 90
12
 90
11
 90
3
 90
1
 90
27
 90
28
 90
4
 90
11
 90
12
 90
28
 90
27
 90
3
 90
0
 90
13
 90
12
 90
3
 90
1
 90
28
 90
29
 90
4
 90
12
 90
13
 90
29
 90
28
 90
3
 90
0
 90
14
 90
13
 90
3
 90
1
 90
29
 90
30
 90
4
 90
13
 90
14
 90
30
 90
29
 90
3
 90
0
 90
15
 90
14
 90
3
 90
1
 90
30
 90
31
 90
4
 90
14
 90
15
 90
31
 90
30
 90
3
 90
0
 90
16
 90
15
 90
3
 90
1
 90
31
 90
32
 90
4
 90
15
 90
16
 90
32
 90
31
 90
3
 90
0
 90
17
 90
16
 90
3
 90
1
 90
32
 90
33
 90
4
 90
16
 90
17
 90
33
 90
32
 90
3
 90
0
 90
2
 90
17
 90
3
 90
1
 90
33
 90
18
 90
4
 90
17
 90
2
 90
18
 90
33
 94
0
 95
0
 90
0
  0
MESH
  5
60
330
17
100
AcDbEntity
  8
CHASSIS
100
AcDbSubDMesh
 71
2
 72
0
 91
0
 92
34
 10
-220.0
 20
235.0
 30
245.0
 10
-220.0
 20
235.0
 30
275.0
 10
-194.0
 20
235.0
 30
245.0
 10
-195.97913215470655
 20
244.94976924149233
 30
245.0
 10
-201.61522368914976
 20
253.38477631085024
 30
245.0
 10
-210.05023075850767
 20
259.0208678452935
 30
245.0
 10
-220.0
 20
261.0
 30
245.0
 10
-229.94976924149233
 20
259.0208678452935
 30
245.0
 10
-238.38477631085024
 20
253.38477631085024
 30
245.0
 10
-244.02086784529345
 20
244.94976924149233
 30
245.0
 10
-246.0
 20
235.0
 30
245.0
 10
-244.02086784529345
 20
225.05023075850767
 30
245.0
 10
-238.38477631085024
 20
216.61522368914976
 30
245.0
 10
-229.94976924149236
 20
210.97913215470655
 30
245.0
 10
-220.0
 20
209.0
 30
245.0
 10
-210.05023075850767
 20
210.97913215470655
 30
245.0
 10
-201.61522368914976
 20
216.61522368914976
 30
245.0
 10
-195.97913215470655
 20
225.05023075850764
 30
245.0
 10
-194.0
 20
235.0
 30
275.0
 10
-195.97913215470655
 20
244.94976924149233
 30
275.0
 10
-201.61522368914976
 20
253.38477631085024
 30
275.0
 10
-210.05023075850767
 20
259.0208678452935
 30
275.0
 10
-220.0
 20
261.0
 30
275.0
 10
-229.94976924149233
 20
259.0208678452935
 30
275.0
 10
-238.38477631085024
 20
253.38477631085024
 30
275.0
 10
-244.02086784529345
 20
244.94976924149233
 30
275.0
 10
-246.0
 20
235.0
 30
275.0
 10
-244.02086784529345
 20
225.05023075850767
 30
275.0
 10
-238.38477631085024
 20
216.61522368914976
 30
275.0
 10
-229.94976924149236
 20
210.97913215470655
 30
275.0
 10
-220.0
 20
209.0
 30
275.0
 10
-210.05023075850767
 20
210.97913215470655
 30
275.0
 10
-201.61522368914976
 20
216.61522368914976
 30
275.0
 10
-195.97913215470655
 20
225.05023075850764
 30
275.0
 93
208
 90
3
 90
0
 90
3
 90
2
 90
3
 90
1
 90
18
 90
19
 90
4
 90
2
 90
3
 90
19
 90
18
 90
3
 90
0
 90
4
 90
3
 90
3
 90
1
 90
19
 90
20
 90
4
 90
3
 90
4
 90
20
 90
19
 90
3
 90
0
 90
5
 90
4
 90
3
 90
1
 90
20
 90
21
 90
4
 90
4
 90
5
 90
21
 90
20
 90
3
 90
0
 90
6
 90
5
 90
3
 90
1
 90
21
 90
22
 90
4
 90
5
 90
6
 90
22
 90
21
 90
3
 90
0
 90
7
 90
6
 90
3
 90
1
 90
22
 90
23
 90
4
 90
6
 90
7
 90
23
 90
22
 90
3
 90
0
 90
8
 90
7
 90
3
 90
1
 90
23
 90
24
 90
4
 90
7
 90
8
 90
24
 90
23
 90
3
 90
0
 90
9
 90
8
 90
3
 90
1
 90
24
 90
25
 90
4
 90
8
 90
9
 90
25
 90
24
 90
3
 90
0
 90
10
 90
9
 90
3
 90
1
 90
25
 90
26
 90
4
 90
9
 90
10
 90
26
 90
25
 90
3
 90
0
 90
11
 90
10
 90
3
 90
1
 90
26
 90
27
 90
4
 90
10
 90
11
 90
27
 90
26
 90
3
 90
0
 90
12
 90
11
 90
3
 90
1
 90
27
 90
28
 90
4
 90
11
 90
12
 90
28
 90
27
 90
3
 90
0
 90
13
 90
12
 90
3
 90
1
 90
28
 90
29
 90
4
 90
12
 90
13
 90
29
 90
28
 90
3
 90
0
 90
14
 90
13
 90
3
 90
1
 90
29
 90
30
 90
4
 90
13
 90
14
 90
30
 90
29
 90
3
 90
0
 90
15
 90
14
 90
3
 90
1
 90
30
 90
31
 90
4
 90
14
 90
15
 90
31
 90
30
 90
3
 90
0
 90
16
 90
15
 90
3
 90
1
 90
31
 90
32
 90
4
 90
15
 90
16
 90
32
 90
31
 90
3
 90
0
 90
17
 90
16
 90
3
 90
1
 90
32
 90
33
 90
4
 90
16
 90
17
 90
33
 90
32
 90
3
 90
0
 90
2
 90
17
 90
3
 90
1
 90
33
 90
18
 90
4
 90
17
 90
2
 90
18
 90
33
 94
0
 95
0
 90
0
  0
MESH
  5
61
330
17
100
AcDbEntity
  8
SAFETY
100
AcDbSubDMesh
 71
2
 72
0
 91
0
 92
678
 10
-193.5
 20
235.0
 30
270.0
 10
-195.75
 20
235.0
 30
273.89711431702995
 10
-200.25
 20
235.0
 30
273.89711431702995
 10
-202.5
 20
235.0
 30
270.0
 10
-200.25
 20
235.0
 30
266.10288568297005
 10
-195.75
 20
235.0
 30
266.10288568297005
 10
-195.5171923884509
 20
245.14111095767487
 30
271.9642857142857
 10
-197.5959213366013
 20
244.28007323485343
 30
275.86140003131567
 10
-201.7533792329021
 20
242.5579977892105
 30
275.8614000313157
 10
-203.8321081810525
 20
241.69696006638907
 30
271.9642857142857
 10
-201.7533792329021
 20
242.5579977892105
 30
268.0671713972558
 10
-197.5959213366013
 20
244.28007323485343
 30
268.0671713972558
 10
-201.26167029855648
 20
253.73832970144352
 30
273.92857142857144
 10
-202.8526605562262
 20
252.1473394437738
 30
277.8256857456014
 10
-206.0346410715657
 20
248.9653589284343
 30
277.8256857456014
 10
-207.6256313292354
 20
247.3743686707646
 30
273.92857142857144
 10
-206.0346410715657
 20
248.9653589284343
 30
270.0314571115415
 10
-202.8526605562262
 20
252.1473394437738
 30
270.0314571115415
 10
-209.85888904232513
 20
259.4828076115491
 30
275.89285714285717
 10
-210.71992676514657
 20
257.4040786633987
 30
279.7899714598871
 10
-212.4420022107895
 20
253.2466207670979
 30
279.78997145988717
 10
-213.30303993361093
 20
251.1678918189475
 30
275.89285714285717
 10
-212.4420022107895
 20
253.2466207670979
 30
271.9957428258272
 10
-210.71992676514657
 20
257.4040786633987
 30
271.9957428258272
 10
-220.0
 20
261.5
 30
277.85714285714283
 10
-220.0
 20
259.25
 30
281.7542571741728
 10
-220.0
 20
254.75
 30
281.75425717417284
 10
-220.0
 20
252.5
 30
277.85714285714283
 10
-220.0
 20
254.75
 30
273.9600285401129
 10
-220.0
 20
259.25
 30
273.9600285401129
 10
-230.14111095767487
 20
259.4828076115491
 30
279.82142857142856
 10
-229.28007323485343
 20
257.4040786633987
 30
283.7185428884585
 10
-227.5579977892105
 20
253.2466207670979
 30
283.7185428884585
 10
-226.69696006638907
 20
251.1678918189475
 30
279.82142857142856
 10
-227.5579977892105
 20
253.2466207670979
 30
275.9243142543986
 10
-229.28007323485343
 20
257.4040786633987
 30
275.9243142543986
 10
-238.73832970144352
 20
253.73832970144352
 30
281.7857142857143
 10
-237.1473394437738
 20
252.1473394437738
 30
285.6828286027442
 10
-233.9653589284343
 20
248.9653589284343
 30
285.6828286027443
 10
-232.3743686707646
 20
247.3743686707646
 30
281.7857142857143
 10
-233.9653589284343
 20
248.9653589284343
 30
277.88859996868433
 10
-237.1473394437738
 20
252.1473394437738
 30
277.88859996868433
 10
-244.4828076115491
 20
245.14111095767487
 30
283.75
 10
-242.4040786633987
 20
244.28007323485343
 30
287.64711431702995
 10
-238.2466207670979
 20
242.5579977892105
 30
287.64711431702995
 10
-236.1678918189475
 20
241.69696006638907
 30
283.75
 10
-238.2466207670979
 20
242.5579977892105
 30
279.85288568297005
 10
-242.4040786633987
 20
244.28007323485343
 30
279.85288568297005
 10
-246.5
 20
235.0
 30
285.7142857142857
 10
-244.25
 20
235.0
 30
289.61140003131567
 10
-239.75
 20
235.0
 30
289.6114000313157
 10
-237.5
 20
235.0
 30
285.7142857142857
 10
-239.75
 20
235.0
 30
281.8171713972558
 10
-244.25
 20
235.0
 30
281.8171713972558
 10
-244.4828076115491
 20
224.85888904232513
 30
287.67857142857144
 10
-242.4040786633987
 20
225.71992676514657
 30
291.5756857456014
 10
-238.2466207670979
 20
227.4420022107895
 30
291.5756857456014
 10
-236.1678918189475
 20
228.30303993361093
 30
287.67857142857144
 10
-238.2466207670979
 20
227.4420022107895
 30
283.7814571115415
 10
-242.4040786633987
 20
225.71992676514657
 30
283.7814571115415
 10
-238.73832970144352
 20
216.26167029855648
 30
289.64285714285717
 10
-237.1473394437738
 20
217.8526605562262
 30
293.5399714598871
 10
-233.9653589284343
 20
221.0346410715657
 30
293.53997145988717
 10
-232.3743686707646
 20
222.6256313292354
 30
289.64285714285717
 10
-233.9653589284343
 20
221.0346410715657
 30
285.7457428258272
 10
-237.1473394437738
 20
217.8526605562262
 30
285.7457428258272
 10
-230.1411109576749
 20
210.5171923884509
 30
291.60714285714283
 10
-229.28007323485346
 20
212.5959213366013
 30
295.5042571741728
 10
-227.55799778921053
 20
216.7533792329021
 30
295.50425717417284
 10
-226.6969600663891
 20
218.8321081810525
 30
291.60714285714283
 10
-227.55799778921053
 20
216.7533792329021
 30
287.7100285401129
 10
-229.28007323485346
 20
212.5959213366013
 30
287.7100285401129
 10
-220.0
 20
208.5
 30
293.57142857142856
 10
-220.0
 20
210.75
 30
297.4685428884585
 10
-220.0
 20
215.25
 30
297.4685428884585
 10
-220.0
 20
217.5
 30
293.57142857142856
 10
-220.0
 20
215.25
 30
289.6743142543986
 10
-220.0
 20
210.75
 30
289.6743142543986
 10
-209.85888904232513
 20
210.5171923884509
 30
295.5357142857143
 10
-210.71992676514657
 20
212.5959213366013
 30
299.4328286027442
 10
-212.4420022107895
 20
216.7533792329021
 30
299.4328286027443
 10
-213.30303993361093
 20
218.8321081810525
 30
295.5357142857143
 10
-212.4420022107895
 20
216.7533792329021
 30
291.63859996868433
 10
-210.71992676514657
 20
212.5959213366013
 30
291.63859996868433
 10
-201.2616702985565
 20
216.26167029855648
 30
297.5
 10
-202.85266055622623
 20
217.8526605562262
 30
301.39711431702995
 10
-206.03464107156572
 20
221.0346410715657
 30
301.39711431702995
 10
-207.62563132923543
 20
222.6256313292354
 30
297.5
 10
-206.03464107156572
 20
221.0346410715657
 30
293.60288568297005
 10
-202.85266055622623
 20
217.8526605562262
 30
293.60288568297005
 10
-195.5171923884509
 20
224.8588890423251
 30
299.4642857142857
 10
-197.5959213366013
 20
225.71992676514654
 30
303.36140003131567
 10
-201.7533792329021
 20
227.44200221078947
 30
303.3614000313157
 10
-203.8321081810525
 20
228.3030399336109
 30
299.4642857142857
 10
-201.7533792329021
 20
227.44200221078947
 30
295.5671713972558
 10
-197.5959213366013
 20
225.71992676514654
 30
295.5671713972558
 10
-193.5
 20
235.0
 30
301.42857142857144
 10
-195.75
 20
235.0
 30
305.3256857456014
 10
-200.25
 20
235.0
 30
305.3256857456014
 10
-202.5
 20
235.0
 30
301.42857142857144
 10
-200.25
 20
235.0
 30
297.5314571115415
 10
-195.75
 20
235.0
 30
297.5314571115415
 10
-195.5171923884509
 20
245.14111095767487
 30
303.3928571428571
 10
-197.5959213366013
 20
244.28007323485343
 30
307.28997145988706
 10
-201.7533792329021
 20
242.55799778921053
 30
307.28997145988706
 10
-203.8321081810525
 20
241.69696006638907
 30
303.3928571428571
 10
-201.7533792329021
 20
242.5579977892105
 30
299.49574282582716
 10
-197.5959213366013
 20
244.28007323485343
 30
299.49574282582716
 10
-201.26167029855648
 20
253.7383297014435
 30
305.3571428571429
 10
-202.8526605562262
 20
252.14733944377377
 30
309.25425717417284
 10
-206.0346410715657
 20
248.96535892843428
 30
309.25425717417284
 10
-207.6256313292354
 20
247.37436867076457
 30
305.3571428571429
 10
-206.0346410715657
 20
248.96535892843428
 30
301.46002854011294
 10
-202.8526605562262
 20
252.14733944377377
 30
301.46002854011294
 10
-209.8588890423251
 20
259.4828076115491
 30
307.32142857142856
 10
-210.71992676514654
 20
257.4040786633987
 30
311.2185428884585
 10
-212.44200221078947
 20
253.2466207670979
 30
311.2185428884585
 10
-213.3030399336109
 20
251.1678918189475
 30
307.32142857142856
 10
-212.44200221078947
 20
253.2466207670979
 30
303.4243142543986
 10
-210.71992676514654
 20
257.4040786633987
 30
303.4243142543986
 10
-220.0
 20
261.5
 30
309.2857142857143
 10
-220.0
 20
259.25
 30
313.1828286027442
 10
-220.0
 20
254.75
 30
313.1828286027443
 10
-220.0
 20
252.5
 30
309.2857142857143
 10
-220.0
 20
254.75
 30
305.38859996868433
 10
-220.0
 20
259.25
 30
305.38859996868433
 10
-230.14111095767487
 20
259.4828076115491
 30
311.25
 10
-229.28007323485343
 20
257.4040786633987
 30
315.14711431702995
 10
-227.5579977892105
 20
253.2466207670979
 30
315.14711431702995
 10
-226.69696006638907
 20
251.1678918189475
 30
311.25
 10
-227.5579977892105
 20
253.2466207670979
 30
307.35288568297005
 10
-229.28007323485343
 20
257.4040786633987
 30
307.35288568297005
 10
-238.7383297014435
 20
253.73832970144352
 30
313.2142857142857
 10
-237.14733944377375
 20
252.1473394437738
 30
317.11140003131567
 10
-233.9653589284343
 20
248.9653589284343
 30
317.1114000313157
 10
-232.37436867076457
 20
247.3743686707646
 30
313.2142857142857
 10
-233.96535892843428
 20
248.9653589284343
 30
309.3171713972558
 10
-237.14733944377375
 20
252.1473394437738
 30
309.3171713972558
 10
-244.4828076115491
 20
245.1411109576749
 30
315.17857142857144
 10
-242.4040786633987
 20
244.28007323485346
 30
319.0756857456014
 10
-238.2466207670979
 20
242.55799778921053
 30
319.0756857456014
 10
-236.1678918189475
 20
241.6969600663891
 30
315.17857142857144
 10
-238.2466207670979
 20
242.55799778921053
 30
311.2814571115415
 10
-242.4040786633987
 20
244.28007323485346
 30
311.2814571115415
 10
-246.5
 20
235.0
 30
317.1428571428571
 10
-244.25
 20
235.0
 30
321.03997145988706
 10
-239.75
 20
235.0
 30
321.03997145988706
 10
-237.5
 20
235.0
 30
317.1428571428571
 10
-239.75
 20
235.0
 30
313.24574282582716
 10
-244.25
 20
235.0
 30
313.24574282582716
 10
-244.4828076115491
 20
224.85888904232513
 30
319.1071428571429
 10
-242.4040786633987
 20
225.71992676514657
 30
323.00425717417284
 10
-238.2466207670979
 20
227.4420022107895
 30
323.00425717417284
 10
-236.1678918189475
 20
228.30303993361093
 30
319.1071428571429
 10
-238.2466207670979
 20
227.4420022107895
 30
315.21002854011294
 10
-242.4040786633987
 20
225.71992676514657
 30
315.21002854011294
 10
-238.7383297014435
 20
216.26167029855648
 30
321.07142857142856
 10
-237.14733944377377
 20
217.8526605562262
 30
324.9685428884585
 10
-233.9653589284343
 20
221.0346410715657
 30
324.9685428884585
 10
-232.37436867076457
 20
222.6256313292354
 30
321.07142857142856
 10
-233.96535892843428
 20
221.0346410715657
 30
317.1743142543986
 10
-237.14733944377377
 20
217.8526605562262
 30
317.1743142543986
 10
-230.1411109576749
 20
210.5171923884509
 30
323.0357142857143
 10
-229.28007323485346
 20
212.5959213366013
 30
326.9328286027442
 10
-227.55799778921053
 20
216.7533792329021
 30
326.9328286027443
 10
-226.6969600663891
 20
218.8321081810525
 30
323.0357142857143
 10
-227.55799778921053
 20
216.7533792329021
 30
319.13859996868433
 10
-229.28007323485346
 20
212.5959213366013
 30
319.13859996868433
 10
-220.0
 20
208.5
 30
325.0
 10
-220.0
 20
210.75
 30
328.89711431702995
 10
-220.0
 20
215.25
 30
328.89711431702995
 10
-220.0
 20
217.5
 30
325.0
 10
-220.0
 20
215.25
 30
321.10288568297005
 10
-220.0
 20
210.75
 30
321.10288568297005
 10
-209.8588890423251
 20
210.5171923884509
 30
326.9642857142857
 10
-210.71992676514654
 20
212.5959213366013
 30
330.86140003131567
 10
-212.44200221078947
 20
216.7533792329021
 30
330.8614000313157
 10
-213.3030399336109
 20
218.8321081810525
 30
326.9642857142857
 10
-212.44200221078947
 20
216.7533792329021
 30
323.0671713972558
 10
-210.71992676514654
 20
212.5959213366013
 30
323.0671713972558
 10
-201.2616702985565
 20
216.26167029855648
 30
328.92857142857144
 10
-202.85266055622625
 20
217.8526605562262
 30
332.8256857456014
 10
-206.0346410715657
 20
221.0346410715657
 30
332.8256857456014
 10
-207.62563132923543
 20
222.6256313292354
 30
328.92857142857144
 10
-206.03464107156572
 20
221.0346410715657
 30
325.0314571115415
 10
-202.85266055622625
 20
217.8526605562262
 30
325.0314571115415
 10
-195.5171923884509
 20
224.8588890423251
 30
330.89285714285717
 10
-197.5959213366013
 20
225.71992676514654
 30
334.7899714598871
 10
-201.7533792329021
 20
227.44200221078947
 30
334.78997145988717
 10
-203.8321081810525
 20
228.3030399336109
 30
330.89285714285717
 10
-201.7533792329021
 20
227.44200221078947
 30
326.9957428258272
 10
-197.5959213366013
 20
225.71992676514654
 30
326.9957428258272
 10
-193.5
 20
235.0
 30
332.85714285714283
 10
-195.75
 20
235.0
 30
336.7542571741728
 10
-200.25
 20
235.0
 30
336.75425717417284
 10
-202.5
 20
235.0
 30
332.85714285714283
 10
-200.25
 20
235.0
 30
328.9600285401129
 10
-195.75
 20
235.0
 30
328.9600285401129
 10
-195.5171923884509
 20
245.14111095767487
 30
334.82142857142856
 10
-197.5959213366013
 20
244.28007323485343
 30
338.7185428884585
 10
-201.7533792329021
 20
242.5579977892105
 30
338.7185428884585
 10
-203.8321081810525
 20
241.69696006638907
 30
334.82142857142856
 10
-201.7533792329021
 20
242.5579977892105
 30
330.9243142543986
 10
-197.5959213366013
 20
244.28007323485343
 30
330.9243142543986
 10
-201.26167029855648
 20
253.7383297014435
 30
336.7857142857143
 10
-202.8526605562262
 20
252.14733944377375
 30
340.6828286027442
 10
-206.0346410715657
 20
248.9653589284343
 30
340.6828286027443
 10
-207.6256313292354
 20
247.37436867076457
 30
336.7857142857143
 10
-206.0346410715657
 20
248.96535892843428
 30
332.88859996868433
 10
-202.8526605562262
 20
252.14733944377375
 30
332.88859996868433
 10
-209.8588890423251
 20
259.4828076115491
 30
338.75
 10
-210.71992676514654
 20
257.4040786633987
 30
342.64711431702995
 10
-212.44200221078947
 20
253.2466207670979
 30
342.64711431702995
 10
-213.3030399336109
 20
251.1678918189475
 30
338.75
 10
-212.44200221078947
 20
253.2466207670979
 30
334.85288568297005
 10
-210.71992676514654
 20
257.4040786633987
 30
334.85288568297005
 10
-220.0
 20
261.5
 30
340.7142857142857
 10
-220.0
 20
259.25
 30
344.61140003131567
 10
-220.0
 20
254.75
 30
344.6114000313157
 10
-220.0
 20
252.5
 30
340.7142857142857
 10
-220.0
 20
254.75
 30
336.8171713972558
 10
-220.0
 20
259.25
 30
336.8171713972558
 10
-230.14111095767487
 20
259.4828076115491
 30
342.67857142857144
 10
-229.28007323485343
 20
257.4040786633987
 30
346.5756857456014
 10
-227.5579977892105
 20
253.2466207670979
 30
346.5756857456014
 10
-226.69696006638907
 20
251.1678918189475
 30
342.67857142857144
 10
-227.5579977892105
 20
253.2466207670979
 30
338.7814571115415
 10
-229.28007323485343
 20
257.4040786633987
 30
338.7814571115415
 10
-238.7383297014435
 20
253.73832970144352
 30
344.64285714285717
 10
-237.14733944377375
 20
252.1473394437738
 30
348.5399714598871
 10
-233.9653589284343
 20
248.9653589284343
 30
348.53997145988717
 10
-232.37436867076457
 20
247.3743686707646
 30
344.64285714285717
 10
-233.96535892843428
 20
248.9653589284343
 30
340.7457428258272
 10
-237.14733944377375
 20
252.1473394437738
 30
340.7457428258272
 10
-244.4828076115491
 20
245.1411109576749
 30
346.60714285714283
 10
-242.4040786633987
 20
244.28007323485346
 30
350.5042571741728
 10
-238.2466207670979
 20
242.55799778921053
 30
350.50425717417284
 10
-236.1678918189475
 20
241.6969600663891
 30
346.60714285714283
 10
-238.2466207670979
 20
242.55799778921053
 30
342.7100285401129
 10
-242.4040786633987
 20
244.28007323485346
 30
342.7100285401129
 10
-246.5
 20
235.0
 30
348.57142857142856
 10
-244.25
 20
235.0
 30
352.4685428884585
 10
-239.75
 20
235.0
 30
352.4685428884585
 10
-237.5
 20
235.0
 30
348.57142857142856
 10
-239.75
 20
235.0
 30
344.6743142543986
 10
-244.25
 20
235.0
 30
344.6743142543986
 10
-244.48280761154913
 20
224.85888904232516
 30
350.5357142857143
 10
-242.40407866339874
 20
225.71992676514662
 30
354.4328286027442
 10
-238.24662076709794
 20
227.4420022107895
 30
354.4328286027443
 10
-236.16789181894754
 20
228.30303993361096
 30
350.5357142857143
 10
-238.24662076709794
 20
227.4420022107895
 30
346.63859996868433
 10
-242.40407866339874
 20
225.71992676514662
 30
346.63859996868433
 10
-238.7383297014435
 20
216.26167029855648
 30
352.5
 10
-237.14733944377377
 20
217.8526605562262
 30
356.39711431702995
 10
-233.96535892843428
 20
221.0346410715657
 30
356.39711431702995
 10
-232.37436867076457
 20
222.6256313292354
 30
352.5
 10
-233.96535892843428
 20
221.0346410715657
 30
348.60288568297005
 10
-237.14733944377377
 20
217.8526605562262
 30
348.60288568297005
 10
-230.1411109576749
 20
210.5171923884509
 30
354.4642857142857
 10
-229.28007323485346
 20
212.5959213366013
 30
358.36140003131567
 10
-227.55799778921053
 20
216.7533792329021
 30
358.3614000313157
 10
-226.6969600663891
 20
218.8321081810525
 30
354.4642857142857
 10
-227.55799778921053
 20
216.7533792329021
 30
350.5671713972558
 10
-229.28007323485346
 20
212.5959213366013
 30
350.5671713972558
 10
-220.00000000000006
 20
208.5
 30
356.42857142857144
 10
-220.00000000000006
 20
210.75
 30
360.3256857456014
 10
-220.00000000000006
 20
215.25
 30
360.3256857456014
 10
-220.00000000000006
 20
217.5
 30
356.42857142857144
 10
-220.00000000000006
 20
215.25
 30
352.5314571115415
 10
-220.00000000000006
 20
210.75
 30
352.5314571115415
 10
-209.85888904232513
 20
210.5171923884509
 30
358.39285714285717
 10
-210.71992676514657
 20
212.5959213366013
 30
362.2899714598871
 10
-212.4420022107895
 20
216.7533792329021
 30
362.28997145988717
 10
-213.30303993361093
 20
218.8321081810525
 30
358.39285714285717
 10
-212.4420022107895
 20
216.7533792329021
 30
354.4957428258272
 10
-210.71992676514657
 20
212.5959213366013
 30
354.4957428258272
 10
-201.2616702985565
 20
216.26167029855648
 30
360.35714285714283
 10
-202.85266055622625
 20
217.8526605562262
 30
364.2542571741728
 10
-206.0346410715657
 20
221.0346410715657
 30
364.25425717417284
 10
-207.62563132923543
 20
222.6256313292354
 30
360.35714285714283
 10
-206.03464107156572
 20
221.0346410715657
 30
356.4600285401129
 10
-202.85266055622625
 20
217.8526605562262
 30
356.4600285401129
 10
-195.5171923884509
 20
224.85888904232513
 30
362.32142857142856
 10
-197.5959213366013
 20
225.71992676514657
 30
366.2185428884585
 10
-201.7533792329021
 20
227.4420022107895
 30
366.2185428884585
 10
-203.8321081810525
 20
228.30303993361093
 30
362.32142857142856
 10
-201.7533792329021
 20
227.4420022107895
 30
358.4243142543986
 10
-197.5959213366013
 20
225.71992676514657
 30
358.4243142543986
 10
-193.5
 20
234.99999999999997
 30
364.2857142857143
 10
-195.75
 20
234.99999999999997
 30
368.1828286027442
 10
-200.25
 20
234.99999999999997
 30
368.1828286027443
 10
-202.5
 20
234.99999999999997
 30
364.2857142857143
 10
-200.25
 20
234.99999999999997
 30
360.38859996868433
 10
-195.75
 20
234.99999999999997
 30
360.38859996868433
 10
-195.51719238845087
 20
245.14111095767484
 30
366.25
 10
-197.59592133660126
 20
244.28007323485338
 30
370.14711431702995
 10
-201.75337923290206
 20
242.5579977892105
 30
370.14711431702995
 10
-203.83210818105246
 20
241.69696006638904
 30
366.25
 10
-201.75337923290206
 20
242.5579977892105
 30
362.35288568297005
 10
-197.59592133660126
 20
244.28007323485338
 30
362.35288568297005
 10
-201.26167029855648
 20
253.73832970144352
 30
368.2142857142857
 10
-202.8526605562262
 20
252.1473394437738
 30
372.11140003131567
 10
-206.0346410715657
 20
248.9653589284343
 30
372.1114000313157
 10
-207.6256313292354
 20
247.3743686707646
 30
368.2142857142857
 10
-206.0346410715657
 20
248.9653589284343
 30
364.3171713972558
 10
-202.8526605562262
 20
252.1473394437738
 30
364.3171713972558
 10
-209.8588890423251
 20
259.4828076115491
 30
370.17857142857144
 10
-210.71992676514654
 20
257.4040786633987
 30
374.0756857456014
 10
-212.44200221078947
 20
253.2466207670979
 30
374.0756857456014
 10
-213.3030399336109
 20
251.1678918189475
 30
370.17857142857144
 10
-212.44200221078947
 20
253.2466207670979
 30
366.2814571115415
 10
-210.71992676514654
 20
257.4040786633987
 30
366.2814571115415
 10
-220.00000000000003
 20
261.5
 30
372.14285714285717
 10
-220.00000000000003
 20
259.25
 30
376.0399714598871
 10
-220.00000000000003
 20
254.75
 30
376.03997145988717
 10
-220.00000000000003
 20
252.5
 30
372.14285714285717
 10
-220.00000000000003
 20
254.75
 30
368.2457428258272
 10
-220.00000000000003
 20
259.25
 30
368.2457428258272
 10
-230.14111095767487
 20
259.4828076115491
 30
374.10714285714283
 10
-229.28007323485343
 20
257.4040786633987
 30
378.0042571741728
 10
-227.5579977892105
 20
253.2466207670979
 30
378.00425717417284
 10
-226.69696006638907
 20
251.1678918189475
 30
374.10714285714283
 10
-227.5579977892105
 20
253.2466207670979
 30
370.2100285401129
 10
-229.28007323485343
 20
257.4040786633987
 30
370.2100285401129
 10
-238.7383297014435
 20
253.73832970144355
 30
376.07142857142856
 10
-237.14733944377375
 20
252.14733944377383
 30
379.9685428884585
 10
-233.9653589284343
 20
248.96535892843434
 30
379.9685428884585
 10
-232.37436867076457
 20
247.37436867076462
 30
376.07142857142856
 10
-233.96535892843428
 20
248.96535892843434
 30
372.1743142543986
 10
-237.14733944377375
 20
252.14733944377383
 30
372.1743142543986
 10
-244.4828076115491
 20
245.14111095767487
 30
378.0357142857143
 10
-242.4040786633987
 20
244.28007323485343
 30
381.9328286027442
 10
-238.2466207670979
 20
242.5579977892105
 30
381.9328286027443
 10
-236.1678918189475
 20
241.69696006638907
 30
378.0357142857143
 10
-238.2466207670979
 20
242.5579977892105
 30
374.13859996868433
 10
-242.4040786633987
 20
244.28007323485343
 30
374.13859996868433
 10
-246.5
 20
235.00000000000003
 30
380.0
 10
-244.25
 20
235.00000000000003
 30
383.89711431702995
 10
-239.75
 20
235.00000000000003
 30
383.89711431702995
 10
-237.5
 20
235.00000000000003
 30
380.0
 10
-239.75
 20
235.00000000000003
 30
376.10288568297005
 10
-244.25
 20
235.00000000000003
 30
376.10288568297005
 10
-244.48280761154913
 20
224.85888904232516
 30
381.9642857142857
 10
-242.40407866339874
 20
225.71992676514662
 30
385.86140003131567
 10
-238.24662076709794
 20
227.4420022107895
 30
385.8614000313157
 10
-236.16789181894754
 20
228.30303993361096
 30
381.9642857142857
 10
-238.24662076709794
 20
227.4420022107895
 30
378.0671713972558
 10
-242.40407866339874
 20
225.71992676514662
 30
378.0671713972558
 10
-238.73832970144346
 20
216.26167029855642
 30
383.92857142857144
 10
-237.14733944377372
 20
217.85266055622614
 30
387.8256857456014
 10
-233.96535892843428
 20
221.03464107156563
 30
387.8256857456014
 10
-232.37436867076454
 20
222.62563132923535
 30
383.92857142857144
 10
-233.96535892843428
 20
221.03464107156563
 30
380.0314571115415
 10
-237.14733944377372
 20
217.85266055622614
 30
380.0314571115415
 10
-230.1411109576749
 20
210.5171923884509
 30
385.89285714285717
 10
-229.28007323485346
 20
212.5959213366013
 30
389.7899714598871
 10
-227.55799778921053
 20
216.7533792329021
 30
389.78997145988717
 10
-226.6969600663891
 20
218.8321081810525
 30
385.89285714285717
 10
-227.55799778921053
 20
216.7533792329021
 30
381.9957428258272
 10
-229.28007323485346
 20
212.5959213366013
 30
381.9957428258272
 10
-220.00000000000006
 20
208.5
 30
387.85714285714283
 10
-220.00000000000006
 20
210.75
 30
391.7542571741728
 10
-220.00000000000006
 20
215.25
 30
391.75425717417284
 10
-220.00000000000006
 20
217.5
 30
387.85714285714283
 10
-220.00000000000006
 20
215.25
 30
383.9600285401129
 10
-220.00000000000006
 20
210.75
 30
383.9600285401129
 10
-209.85888904232522
 20
210.51719238845087
 30
389.82142857142856
 10
-210.71992676514668
 20
212.59592133660126
 30
393.7185428884585
 10
-212.44200221078955
 20
216.75337923290206
 30
393.7185428884585
 10
-213.30303993361102
 20
218.83210818105246
 30
389.82142857142856
 10
-212.44200221078955
 20
216.75337923290206
 30
385.9243142543986
 10
-210.71992676514668
 20
212.59592133660126
 30
385.9243142543986
 10
-201.2616702985565
 20
216.26167029855645
 30
391.7857142857143
 10
-202.85266055622625
 20
217.85266055622617
 30
395.6828286027442
 10
-206.0346410715657
 20
221.03464107156566
 30
395.6828286027443
 10
-207.62563132923543
 20
222.62563132923538
 30
391.7857142857143
 10
-206.03464107156572
 20
221.03464107156566
 30
387.88859996868433
 10
-202.85266055622625
 20
217.85266055622617
 30
387.88859996868433
 10
-195.5171923884509
 20
224.85888904232513
 30
393.75
 10
-197.5959213366013
 20
225.71992676514657
 30
397.64711431702995
 10
-201.7533792329021
 20
227.4420022107895
 30
397.64711431702995
 10
-203.8321081810525
 20
228.30303993361093
 30
393.75
 10
-201.7533792329021
 20
227.4420022107895
 30
389.85288568297005
 10
-197.5959213366013
 20
225.71992676514657
 30
389.85288568297005
 10
-193.5
 20
234.99999999999997
 30
395.7142857142857
 10
-195.75
 20
234.99999999999997
 30
399.61140003131567
 10
-200.25
 20
234.99999999999997
 30
399.6114000313157
 10
-202.5
 20
234.99999999999997
 30
395.7142857142857
 10
-200.25
 20
234.99999999999997
 30
391.8171713972558
 10
-195.75
 20
234.99999999999997
 30
391.8171713972558
 10
-195.5171923884509
 20
245.1411109576749
 30
397.67857142857144
 10
-197.5959213366013
 20
244.28007323485346
 30
401.5756857456014
 10
-201.7533792329021
 20
242.55799778921053
 30
401.5756857456014
 10
-203.8321081810525
 20
241.6969600663891
 30
397.67857142857144
 10
-201.7533792329021
 20
242.55799778921053
 30
393.7814571115415
 10
-197.5959213366013
 20
244.28007323485346
 30
393.7814571115415
 10
-201.26167029855648
 20
253.73832970144352
 30
399.6428571428571
 10
-202.8526605562262
 20
252.1473394437738
 30
403.53997145988706
 10
-206.0346410715657
 20
248.9653589284343
 30
403.53997145988706
 10
-207.6256313292354
 20
247.3743686707646
 30
399.6428571428571
 10
-206.0346410715657
 20
248.9653589284343
 30
395.74574282582716
 10
-202.8526605562262
 20
252.1473394437738
 30
395.74574282582716
 10
-209.8588890423251
 20
259.4828076115491
 30
401.6071428571429
 10
-210.71992676514654
 20
257.4040786633987
 30
405.50425717417284
 10
-212.44200221078947
 20
253.2466207670979
 30
405.50425717417284
 10
-213.3030399336109
 20
251.1678918189475
 30
401.6071428571429
 10
-212.44200221078947
 20
253.2466207670979
 30
397.71002854011294
 10
-210.71992676514654
 20
257.4040786633987
 30
397.71002854011294
 10
-219.99999999999994
 20
261.5
 30
403.57142857142856
 10
-219.99999999999994
 20
259.25
 30
407.4685428884585
 10
-219.99999999999994
 20
254.75
 30
407.4685428884585
 10
-219.99999999999994
 20
252.5
 30
403.57142857142856
 10
-219.99999999999994
 20
254.75
 30
399.6743142543986
 10
-219.99999999999994
 20
259.25
 30
399.6743142543986
 10
-230.14111095767487
 20
259.4828076115491
 30
405.53571428571433
 10
-229.28007323485343
 20
257.4040786633987
 30
409.4328286027443
 10
-227.5579977892105
 20
253.2466207670979
 30
409.4328286027443
 10
-226.69696006638907
 20
251.1678918189475
 30
405.53571428571433
 10
-227.5579977892105
 20
253.2466207670979
 30
401.6385999686844
 10
-229.28007323485343
 20
257.4040786633987
 30
401.6385999686844
 10
-238.73832970144346
 20
253.73832970144355
 30
407.5
 10
-237.14733944377372
 20
252.14733944377383
 30
411.39711431702995
 10
-233.96535892843428
 20
248.96535892843434
 30
411.39711431702995
 10
-232.37436867076454
 20
247.37436867076462
 30
407.5
 10
-233.96535892843428
 20
248.96535892843434
 30
403.60288568297005
 10
-237.14733944377372
 20
252.14733944377383
 30
403.60288568297005
 10
-244.4828076115491
 20
245.14111095767487
 30
409.46428571428567
 10
-242.4040786633987
 20
244.28007323485343
 30
413.3614000313156
 10
-238.2466207670979
 20
242.5579977892105
 30
413.3614000313156
 10
-236.1678918189475
 20
241.69696006638907
 30
409.46428571428567
 10
-238.2466207670979
 20
242.5579977892105
 30
405.5671713972557
 10
-242.4040786633987
 20
244.28007323485343
 30
405.5671713972557
 10
-246.5
 20
235.00000000000003
 30
411.42857142857144
 10
-244.25
 20
235.00000000000003
 30
415.3256857456014
 10
-239.75
 20
235.00000000000003
 30
415.3256857456014
 10
-237.5
 20
235.00000000000003
 30
411.42857142857144
 10
-239.75
 20
235.00000000000003
 30
407.5314571115415
 10
-244.25
 20
235.00000000000003
 30
407.5314571115415
 10
-244.4828076115491
 20
224.8588890423251
 30
413.3928571428571
 10
-242.4040786633987
 20
225.71992676514654
 30
417.28997145988706
 10
-238.2466207670979
 20
227.44200221078947
 30
417.28997145988706
 10
-236.1678918189475
 20
228.3030399336109
 30
413.3928571428571
 10
-238.2466207670979
 20
227.44200221078947
 30
409.49574282582716
 10
-242.4040786633987
 20
225.71992676514654
 30
409.49574282582716
 10
-238.73832970144352
 20
216.2616702985565
 30
415.3571428571429
 10
-237.1473394437738
 20
217.85266055622623
 30
419.25425717417284
 10
-233.9653589284343
 20
221.03464107156572
 30
419.25425717417284
 10
-232.3743686707646
 20
222.62563132923543
 30
415.3571428571429
 10
-233.9653589284343
 20
221.03464107156572
 30
411.46002854011294
 10
-237.1473394437738
 20
217.85266055622623
 30
411.46002854011294
 10
-230.141110957675
 20
210.51719238845098
 30
417.32142857142856
 10
-229.28007323485355
 20
212.59592133660135
 30
421.2185428884585
 10
-227.55799778921062
 20
216.75337923290215
 30
421.2185428884585
 10
-226.69696006638915
 20
218.83210818105252
 30
417.32142857142856
 10
-227.55799778921062
 20
216.75337923290215
 30
413.4243142543986
 10
-229.28007323485355
 20
212.59592133660135
 30
413.4243142543986
 10
-220.00000000000006
 20
208.5
 30
419.28571428571433
 10
-220.00000000000006
 20
210.75
 30
423.1828286027443
 10
-220.00000000000006
 20
215.25
 30
423.1828286027443
 10
-220.00000000000006
 20
217.5
 30
419.28571428571433
 10
-220.00000000000006
 20
215.25
 30
415.3885999686844
 10
-220.00000000000006
 20
210.75
 30
415.3885999686844
 10
-209.85888904232525
 20
210.51719238845087
 30
421.25
 10
-210.71992676514668
 20
212.59592133660126
 30
425.14711431702995
 10
-212.44200221078955
 20
216.75337923290206
 30
425.14711431702995
 10
-213.303039933611
 20
218.83210818105246
 30
421.25
 10
-212.44200221078955
 20
216.75337923290206
 30
417.35288568297005
 10
-210.71992676514668
 20
212.59592133660126
 30
417.35288568297005
 10
-201.26167029855654
 20
216.26167029855645
 30
423.21428571428567
 10
-202.85266055622628
 20
217.85266055622617
 30
427.1114000313156
 10
-206.03464107156572
 20
221.03464107156566
 30
427.1114000313156
 10
-207.62563132923546
 20
222.62563132923538
 30
423.21428571428567
 10
-206.03464107156572
 20
221.03464107156566
 30
419.3171713972557
 10
-202.85266055622628
 20
217.85266055622617
 30
419.3171713972557
 10
-195.5171923884509
 20
224.85888904232513
 30
425.17857142857144
 10
-197.5959213366013
 20
225.71992676514657
 30
429.0756857456014
 10
-201.7533792329021
 20
227.4420022107895
 30
429.0756857456014
 10
-203.8321081810525
 20
228.30303993361093
 30
425.17857142857144
 10
-201.7533792329021
 20
227.4420022107895
 30
421.2814571115415
 10
-197.5959213366013
 20
225.71992676514657
 30
421.2814571115415
 10
-193.5
 20
234.99999999999997
 30
427.1428571428571
 10
-195.75
 20
234.99999999999997
 30
431.03997145988706
 10
-200.25
 20
234.99999999999997
 30
431.03997145988706
 10
-202.5
 20
234.99999999999997
 30
427.1428571428571
 10
-200.25
 20
234.99999999999997
 30
423.24574282582716
 10
-195.75
 20
234.99999999999997
 30
423.24574282582716
 10
-195.51719238845087
 20
245.1411109576748
 30
429.1071428571429
 10
-197.59592133660126
 20
244.28007323485335
 30
433.00425717417284
 10
-201.75337923290206
 20
242.55799778921048
 30
433.00425717417284
 10
-203.83210818105246
 20
241.696960066389
 30
429.1071428571429
 10
-201.75337923290206
 20
242.55799778921048
 30
425.21002854011294
 10
-197.59592133660126
 20
244.28007323485335
 30
425.21002854011294
 10
-201.2616702985564
 20
253.73832970144346
 30
431.07142857142856
 10
-202.85266055622614
 20
252.14733944377372
 30
434.9685428884585
 10
-206.03464107156563
 20
248.96535892843428
 30
434.9685428884585
 10
-207.62563132923538
 20
247.37436867076454
 30
431.07142857142856
 10
-206.03464107156563
 20
248.96535892843428
 30
427.1743142543986
 10
-202.85266055622614
 20
252.14733944377372
 30
427.1743142543986
 10
-209.85888904232516
 20
259.4828076115491
 30
433.03571428571433
 10
-210.71992676514662
 20
257.4040786633987
 30
436.9328286027443
 10
-212.4420022107895
 20
253.24662076709794
 30
436.9328286027443
 10
-213.30303993361096
 20
251.16789181894754
 30
433.03571428571433
 10
-212.4420022107895
 20
253.24662076709794
 30
429.1385999686844
 10
-210.71992676514662
 20
257.4040786633987
 30
429.1385999686844
 10
-220.0
 20
261.5
 30
435.0
 10
-220.0
 20
259.25
 30
438.89711431702995
 10
-220.0
 20
254.75
 30
438.89711431702995
 10
-220.0
 20
252.5
 30
435.0
 10
-220.0
 20
254.75
 30
431.10288568297005
 10
-220.0
 20
259.25
 30
431.10288568297005
 10
-230.14111095767487
 20
259.4828076115491
 30
436.96428571428567
 10
-229.28007323485343
 20
257.4040786633987
 30
440.8614000313156
 10
-227.55799778921053
 20
253.2466207670979
 30
440.8614000313156
 10
-226.69696006638907
 20
251.1678918189475
 30
436.96428571428567
 10
-227.5579977892105
 20
253.2466207670979
 30
433.0671713972557
 10
-229.28007323485343
 20
257.4040786633987
 30
433.0671713972557
 10
-238.73832970144346
 20
253.73832970144355
 30
438.92857142857144
 10
-237.14733944377372
 20
252.14733944377383
 30
442.8256857456014
 10
-233.96535892843428
 20
248.96535892843434
 30
442.8256857456014
 10
-232.37436867076454
 20
247.37436867076462
 30
438.92857142857144
 10
-233.96535892843428
 20
248.96535892843434
 30
435.0314571115415
 10
-237.14733944377372
 20
252.14733944377383
 30
435.0314571115415
 10
-244.48280761154913
 20
245.1411109576748
 30
440.8928571428571
 10
-242.40407866339874
 20
244.28007323485335
 30
444.78997145988706
 10
-238.24662076709794
 20
242.55799778921048
 30
444.78997145988706
 10
-236.16789181894754
 20
241.696960066389
 30
440.8928571428571
 10
-238.24662076709794
 20
242.55799778921048
 30
436.99574282582716
 10
-242.40407866339874
 20
244.28007323485335
 30
436.99574282582716
 10
-246.5
 20
235.00000000000014
 30
442.8571428571429
 10
-244.25
 20
235.0000000000001
 30
446.75425717417284
 10
-239.75
 20
235.0000000000001
 30
446.75425717417284
 10
-237.5
 20
235.00000000000009
 30
442.8571428571429
 10
-239.75
 20
235.0000000000001
 30
438.96002854011294
 10
-244.25
 20
235.0000000000001
 30
438.96002854011294
 10
-244.48280761154916
 20
224.85888904232527
 30
444.82142857142856
 10
-242.40407866339876
 20
225.7199267651467
 30
448.7185428884585
 10
-238.24662076709797
 20
227.44200221078958
 30
448.7185428884585
 10
-236.16789181894757
 20
228.30303993361102
 30
444.82142857142856
 10
-238.24662076709797
 20
227.44200221078958
 30
440.9243142543986
 10
-242.40407866339876
 20
225.7199267651467
 30
440.9243142543986
 10
-238.73832970144352
 20
216.2616702985565
 30
446.78571428571433
 10
-237.1473394437738
 20
217.85266055622623
 30
450.6828286027443
 10
-233.9653589284343
 20
221.0346410715657
 30
450.6828286027443
 10
-232.3743686707646
 20
222.62563132923543
 30
446.78571428571433
 10
-233.9653589284343
 20
221.03464107156572
 30
442.8885999686844
 10
-237.1473394437738
 20
217.85266055622623
 30
442.8885999686844
 10
-230.14111095767475
 20
210.51719238845084
 30
448.75
 10
-229.28007323485332
 20
212.59592133660124
 30
452.64711431702995
 10
-227.55799778921045
 20
216.75337923290203
 30
452.64711431702995
 10
-226.696960066389
 20
218.83210818105243
 30
448.75
 10
-227.55799778921045
 20
216.75337923290203
 30
444.85288568297005
 10
-229.28007323485332
 20
212.59592133660124
 30
444.85288568297005
 10
-220.00000000000009
 20
208.5
 30
450.71428571428567
 10
-220.00000000000006
 20
210.75
 30
454.6114000313156
 10
-220.00000000000006
 20
215.25
 30
454.6114000313156
 10
-220.00000000000003
 20
217.5
 30
450.71428571428567
 10
-220.00000000000006
 20
215.25
 30
446.8171713972557
 10
-220.00000000000006
 20
210.75
 30
446.8171713972557
 10
-209.85888904232507
 20
210.51719238845092
 30
452.67857142857144
 10
-210.7199267651465
 20
212.59592133660132
 30
456.5756857456014
 10
-212.44200221078944
 20
216.75337923290212
 30
456.5756857456014
 10
-213.30303993361088
 20
218.83210818105252
 30
452.67857142857144
 10
-212.44200221078944
 20
216.75337923290212
 30
448.7814571115415
 10
-210.7199267651465
 20
212.59592133660132
 30
448.7814571115415
 10
-201.26167029855648
 20
216.2616702985565
 30
454.6428571428571
 10
-202.8526605562262
 20
217.85266055622625
 30
458.53997145988706
 10
-206.0346410715657
 20
221.0346410715657
 30
458.53997145988706
 10
-207.6256313292354
 20
222.62563132923543
 30
454.6428571428571
 10
-206.0346410715657
 20
221.03464107156572
 30
450.74574282582716
 10
-202.8526605562262
 20
217.85266055622625
 30
450.74574282582716
 10
-195.51719238845098
 20
224.85888904232496
 30
456.6071428571429
 10
-197.59592133660135
 20
225.71992676514643
 30
460.50425717417284
 10
-201.75337923290215
 20
227.44200221078935
 30
460.50425717417284
 10
-203.83210818105252
 20
228.30303993361082
 30
456.6071428571429
 10
-201.75337923290215
 20
227.44200221078935
 30
452.71002854011294
 10
-197.59592133660135
 20
225.71992676514643
 30
452.71002854011294
 10
-193.5
 20
234.99999999999997
 30
458.57142857142856
 10
-195.75
 20
234.99999999999997
 30
462.4685428884585
 10
-200.25
 20
234.99999999999997
 30
462.4685428884585
 10
-202.5
 20
234.99999999999997
 30
458.57142857142856
 10
-200.25
 20
234.99999999999997
 30
454.6743142543986
 10
-195.75
 20
234.99999999999997
 30
454.6743142543986
 10
-195.51719238845095
 20
245.14111095767498
 30
460.53571428571433
 10
-197.59592133660132
 20
244.28007323485352
 30
464.4328286027443
 10
-201.75337923290212
 20
242.5579977892106
 30
464.4328286027443
 10
-203.8321081810525
 20
241.69696006638912
 30
460.53571428571433
 10
-201.75337923290212
 20
242.5579977892106
 30
456.6385999686844
 10
-197.59592133660132
 20
244.28007323485352
 30
456.6385999686844
 10
-201.2616702985564
 20
253.73832970144343
 30
462.5
 10
-202.85266055622614
 20
252.1473394437737
 30
466.39711431702995
 10
-206.03464107156563
 20
248.96535892843426
 30
466.39711431702995
 10
-207.62563132923538
 20
247.3743686707645
 30
462.5
 10
-206.03464107156563
 20
248.96535892843426
 30
458.60288568297005
 10
-202.85266055622614
 20
252.1473394437737
 30
458.60288568297005
 10
-209.858889042325
 20
259.48280761154905
 30
464.46428571428567
 10
-210.71992676514645
 20
257.40407866339865
 30
468.3614000313156
 10
-212.44200221078938
 20
253.24662076709785
 30
468.3614000313156
 10
-213.30303993361085
 20
251.16789181894748
 30
464.46428571428567
 10
-212.44200221078938
 20
253.24662076709785
 30
460.5671713972557
 10
-210.71992676514645
 20
257.40407866339865
 30
460.5671713972557
 10
-220.0
 20
261.5
 30
466.42857142857144
 10
-220.0
 20
259.25
 30
470.3256857456014
 10
-220.0
 20
254.75
 30
470.3256857456014
 10
-220.0
 20
252.5
 30
466.42857142857144
 10
-220.0
 20
254.75
 30
462.5314571115415
 10
-220.0
 20
259.25
 30
462.5314571115415
 10
-230.14111095767484
 20
259.4828076115491
 30
468.3928571428571
 10
-229.28007323485338
 20
257.4040786633987
 30
472.28997145988706
 10
-227.5579977892105
 20
253.2466207670979
 30
472.28997145988706
 10
-226.69696006638904
 20
251.1678918189475
 30
468.3928571428571
 10
-227.55799778921048
 20
253.2466207670979
 30
464.49574282582716
 10
-229.28007323485338
 20
257.4040786633987
 30
464.49574282582716
 10
-238.73832970144346
 20
253.73832970144355
 30
470.3571428571429
 10
-237.14733944377372
 20
252.14733944377383
 30
474.25425717417284
 10
-233.96535892843428
 20
248.96535892843434
 30
474.25425717417284
 10
-232.37436867076454
 20
247.37436867076462
 30
470.3571428571429
 10
-233.96535892843428
 20
248.96535892843434
 30
466.46002854011294
 10
-237.14733944377372
 20
252.14733944377383
 30
466.46002854011294
 10
-244.48280761154905
 20
245.14111095767498
 30
472.32142857142856
 10
-242.40407866339868
 20
244.28007323485352
 30
476.2185428884585
 10
-238.24662076709788
 20
242.5579977892106
 30
476.2185428884585
 10
-236.1678918189475
 20
241.69696006638912
 30
472.32142857142856
 10
-238.24662076709788
 20
242.5579977892106
 30
468.4243142543986
 10
-242.40407866339868
 20
244.28007323485352
 30
468.4243142543986
 10
-246.5
 20
234.99999999999994
 30
474.28571428571433
 10
-244.25
 20
234.99999999999994
 30
478.1828286027443
 10
-239.75
 20
234.99999999999994
 30
478.1828286027443
 10
-237.5
 20
234.99999999999994
 30
474.28571428571433
 10
-239.75
 20
234.99999999999994
 30
470.3885999686844
 10
-244.25
 20
234.99999999999994
 30
470.3885999686844
 10
-244.48280761154916
 20
224.85888904232527
 30
476.25
 10
-242.40407866339876
 20
225.7199267651467
 30
480.14711431702995
 10
-238.24662076709797
 20
227.44200221078958
 30
480.14711431702995
 10
-236.16789181894757
 20
228.30303993361102
 30
476.25
 10
-238.24662076709797
 20
227.44200221078958
 30
472.35288568297005
 10
-242.40407866339876
 20
225.7199267651467
 30
472.35288568297005
 10
-238.73832970144352
 20
216.2616702985565
 30
478.21428571428567
 10
-237.1473394437738
 20
217.85266055622623
 30
482.1114000313156
 10
-233.9653589284343
 20
221.0346410715657
 30
482.1114000313156
 10
-232.3743686707646
 20
222.62563132923543
 30
478.21428571428567
 10
-233.9653589284343
 20
221.03464107156572
 30
474.3171713972557
 10
-237.1473394437738
 20
217.85266055622623
 30
474.3171713972557
 10
-230.14111095767493
 20
210.51719238845092
 30
480.17857142857144
 10
-229.2800732348535
 20
212.59592133660132
 30
484.0756857456014
 10
-227.55799778921056
 20
216.75337923290212
 30
484.0756857456014
 10
-226.69696006638912
 20
218.83210818105252
 30
480.17857142857144
 10
-227.55799778921056
 20
216.75337923290212
 30
476.2814571115415
 10
-229.2800732348535
 20
212.59592133660132
 30
476.2814571115415
 10
-220.0000000000001
 20
208.5
 30
482.1428571428571
 10
-220.00000000000009
 20
210.75
 30
486.03997145988706
 10
-220.00000000000009
 20
215.25
 30
486.03997145988706
 10
-220.00000000000006
 20
217.5
 30
482.1428571428571
 10
-220.00000000000009
 20
215.25
 30
478.24574282582716
 10
-220.00000000000009
 20
210.75
 30
478.24574282582716
 10
-209.85888904232525
 20
210.51719238845084
 30
484.1071428571429
 10
-210.71992676514668
 20
212.59592133660124
 30
488.00425717417284
 10
-212.44200221078955
 20
216.75337923290203
 30
488.00425717417284
 10
-213.303039933611
 20
218.83210818105243
 30
484.1071428571429
 10
-212.44200221078955
 20
216.75337923290203
 30
480.21002854011294
 10
-210.71992676514668
 20
212.59592133660124
 30
480.21002854011294
 10
-201.26167029855648
 20
216.2616702985565
 30
486.07142857142856
 10
-202.8526605562262
 20
217.85266055622623
 30
489.9685428884585
 10
-206.0346410715657
 20
221.0346410715657
 30
489.9685428884585
 10
-207.6256313292354
 20
222.62563132923543
 30
486.07142857142856
 10
-206.0346410715657
 20
221.03464107156572
 30
482.1743142543986
 10
-202.8526605562262
 20
217.85266055622623
 30
482.1743142543986
 10
-195.5171923884509
 20
224.8588890423251
 30
488.03571428571433
 10
-197.5959213366013
 20
225.71992676514654
 30
491.9328286027443
 10
-201.7533792329021
 20
227.44200221078947
 30
491.9328286027443
 10
-203.8321081810525
 20
228.3030399336109
 30
488.03571428571433
 10
-201.7533792329021
 20
227.44200221078947
 30
484.1385999686844
 10
-197.5959213366013
 20
225.71992676514654
 30
484.1385999686844
 10
-193.5
 20
234.99999999999997
 30
490.0
 10
-195.75
 20
234.99999999999997
 30
493.89711431702995
 10
-200.25
 20
234.99999999999997
 30
493.89711431702995
 10
-202.5
 20
234.99999999999997
 30
490.0
 10
-200.25
 20
234.99999999999997
 30
486.10288568297005
 10
-195.75
 20
234.99999999999997
 30
486.10288568297005
 93
3360
 90
4
 90
0
 90
1
 90
7
 90
6
 90
4
 90
1
 90
2
 90
8
 90
7
 90
4
 90
2
 90
3
 90
9
 90
8
 90
4
 90
3
 90
4
 90
10
 90
9
 90
4
 90
4
 90
5
 90
11
 90
10
 90
4
 90
5
 90
0
 90
6
 90
11
 90
4
 90
6
 90
7
 90
13
 90
12
 90
4
 90
7
 90
8
 90
14
 90
13
 90
4
 90
8
 90
9
 90
15
 90
14
 90
4
 90
9
 90
10
 90
16
 90
15
 90
4
 90
10
 90
11
 90
17
 90
16
 90
4
 90
11
 90
6
 90
12
 90
17
 90
4
 90
12
 90
13
 90
19
 90
18
 90
4
 90
13
 90
14
 90
20
 90
19
 90
4
 90
14
 90
15
 90
21
 90
20
 90
4
 90
15
 90
16
 90
22
 90
21
 90
4
 90
16
 90
17
 90
23
 90
22
 90
4
 90
17
 90
12
 90
18
 90
23
 90
4
 90
18
 90
19
 90
25
 90
24
 90
4
 90
19
 90
20
 90
26
 90
25
 90
4
 90
20
 90
21
 90
27
 90
26
 90
4
 90
21
 90
22
 90
28
 90
27
 90
4
 90
22
 90
23
 90
29
 90
28
 90
4
 90
23
 90
18
 90
24
 90
29
 90
4
 90
24
 90
25
 90
31
 90
30
 90
4
 90
25
 90
26
 90
32
 90
31
 90
4
 90
26
 90
27
 90
33
 90
32
 90
4
 90
27
 90
28
 90
34
 90
33
 90
4
 90
28
 90
29
 90
35
 90
34
 90
4
 90
29
 90
24
 90
30
 90
35
 90
4
 90
30
 90
31
 90
37
 90
36
 90
4
 90
31
 90
32
 90
38
 90
37
 90
4
 90
32
 90
33
 90
39
 90
38
 90
4
 90
33
 90
34
 90
40
 90
39
 90
4
 90
34
 90
35
 90
41
 90
40
 90
4
 90
35
 90
30
 90
36
 90
41
 90
4
 90
36
 90
37
 90
43
 90
42
 90
4
 90
37
 90
38
 90
44
 90
43
 90
4
 90
38
 90
39
 90
45
 90
44
 90
4
 90
39
 90
40
 90
46
 90
45
 90
4
 90
40
 90
41
 90
47
 90
46
 90
4
 90
41
 90
36
 90
42
 90
47
 90
4
 90
42
 90
43
 90
49
 90
48
 90
4
 90
43
 90
44
 90
50
 90
49
 90
4
 90
44
 90
45
 90
51
 90
50
 90
4
 90
45
 90
46
 90
52
 90
51
 90
4
 90
46
 90
47
 90
53
 90
52
 90
4
 90
47
 90
42
 90
48
 90
53
 90
4
 90
48
 90
49
 90
55
 90
54
 90
4
 90
49
 90
50
 90
56
 90
55
 90
4
 90
50
 90
51
 90
57
 90
56
 90
4
 90
51
 90
52
 90
58
 90
57
 90
4
 90
52
 90
53
 90
59
 90
58
 90
4
 90
53
 90
48
 90
54
 90
59
 90
4
 90
54
 90
55
 90
61
 90
60
 90
4
 90
55
 90
56
 90
62
 90
61
 90
4
 90
56
 90
57
 90
63
 90
62
 90
4
 90
57
 90
58
 90
64
 90
63
 90
4
 90
58
 90
59
 90
65
 90
64
 90
4
 90
59
 90
54
 90
60
 90
65
 90
4
 90
60
 90
61
 90
67
 90
66
 90
4
 90
61
 90
62
 90
68
 90
67
 90
4
 90
62
 90
63
 90
69
 90
68
 90
4
 90
63
 90
64
 90
70
 90
69
 90
4
 90
64
 90
65
 90
71
 90
70
 90
4
 90
65
 90
60
 90
66
 90
71
 90
4
 90
66
 90
67
 90
73
 90
72
 90
4
 90
67
 90
68
 90
74
 90
73
 90
4
 90
68
 90
69
 90
75
 90
74
 90
4
 90
69
 90
70
 90
76
 90
75
 90
4
 90
70
 90
71
 90
77
 90
76
 90
4
 90
71
 90
66
 90
72
 90
77
 90
4
 90
72
 90
73
 90
79
 90
78
 90
4
 90
73
 90
74
 90
80
 90
79
 90
4
 90
74
 90
75
 90
81
 90
80
 90
4
 90
75
 90
76
 90
82
 90
81
 90
4
 90
76
 90
77
 90
83
 90
82
 90
4
 90
77
 90
72
 90
78
 90
83
 90
4
 90
78
 90
79
 90
85
 90
84
 90
4
 90
79
 90
80
 90
86
 90
85
 90
4
 90
80
 90
81
 90
87
 90
86
 90
4
 90
81
 90
82
 90
88
 90
87
 90
4
 90
82
 90
83
 90
89
 90
88
 90
4
 90
83
 90
78
 90
84
 90
89
 90
4
 90
84
 90
85
 90
91
 90
90
 90
4
 90
85
 90
86
 90
92
 90
91
 90
4
 90
86
 90
87
 90
93
 90
92
 90
4
 90
87
 90
88
 90
94
 90
93
 90
4
 90
88
 90
89
 90
95
 90
94
 90
4
 90
89
 90
84
 90
90
 90
95
 90
4
 90
90
 90
91
 90
97
 90
96
 90
4
 90
91
 90
92
 90
98
 90
97
 90
4
 90
92
 90
93
 90
99
 90
98
 90
4
 90
93
 90
94
 90
100
 90
99
 90
4
 90
94
 90
95
 90
101
 90
100
 90
4
 90
95
 90
90
 90
96
 90
101
 90
4
 90
96
 90
97
 90
103
 90
102
 90
4
 90
97
 90
98
 90
104
 90
103
 90
4
 90
98
 90
99
 90
105
 90
104
 90
4
 90
99
 90
100
 90
106
 90
105
 90
4
 90
100
 90
101
 90
107
 90
106
 90
4
 90
101
 90
96
 90
102
 90
107
 90
4
 90
102
 90
103
 90
109
 90
108
 90
4
 90
103
 90
104
 90
110
 90
109
 90
4
 90
104
 90
105
 90
111
 90
110
 90
4
 90
105
 90
106
 90
112
 90
111
 90
4
 90
106
 90
107
 90
113
 90
112
 90
4
 90
107
 90
102
 90
108
 90
113
 90
4
 90
108
 90
109
 90
115
 90
114
 90
4
 90
109
 90
110
 90
116
 90
115
 90
4
 90
110
 90
111
 90
117
 90
116
 90
4
 90
111
 90
112
 90
118
 90
117
 90
4
 90
112
 90
113
 90
119
 90
118
 90
4
 90
113
 90
108
 90
114
 90
119
 90
4
 90
114
 90
115
 90
121
 90
120
 90
4
 90
115
 90
116
 90
122
 90
121
 90
4
 90
116
 90
117
 90
123
 90
122
 90
4
 90
117
 90
118
 90
124
 90
123
 90
4
 90
118
 90
119
 90
125
 90
124
 90
4
 90
119
 90
114
 90
120
 90
125
 90
4
 90
120
 90
121
 90
127
 90
126
 90
4
 90
121
 90
122
 90
128
 90
127
 90
4
 90
122
 90
123
 90
129
 90
128
 90
4
 90
123
 90
124
 90
130
 90
129
 90
4
 90
124
 90
125
 90
131
 90
130
 90
4
 90
125
 90
120
 90
126
 90
131
 90
4
 90
126
 90
127
 90
133
 90
132
 90
4
 90
127
 90
128
 90
134
 90
133
 90
4
 90
128
 90
129
 90
135
 90
134
 90
4
 90
129
 90
130
 90
136
 90
135
 90
4
 90
130
 90
131
 90
137
 90
136
 90
4
 90
131
 90
126
 90
132
 90
137
 90
4
 90
132
 90
133
 90
139
 90
138
 90
4
 90
133
 90
134
 90
140
 90
139
 90
4
 90
134
 90
135
 90
141
 90
140
 90
4
 90
135
 90
136
 90
142
 90
141
 90
4
 90
136
 90
137
 90
143
 90
142
 90
4
 90
137
 90
132
 90
138
 90
143
 90
4
 90
138
 90
139
 90
145
 90
144
 90
4
 90
139
 90
140
 90
146
 90
145
 90
4
 90
140
 90
141
 90
147
 90
146
 90
4
 90
141
 90
142
 90
148
 90
147
 90
4
 90
142
 90
143
 90
149
 90
148
 90
4
 90
143
 90
138
 90
144
 90
149
 90
4
 90
144
 90
145
 90
151
 90
150
 90
4
 90
145
 90
146
 90
152
 90
151
 90
4
 90
146
 90
147
 90
153
 90
152
 90
4
 90
147
 90
148
 90
154
 90
153
 90
4
 90
148
 90
149
 90
155
 90
154
 90
4
 90
149
 90
144
 90
150
 90
155
 90
4
 90
150
 90
151
 90
157
 90
156
 90
4
 90
151
 90
152
 90
158
 90
157
 90
4
 90
152
 90
153
 90
159
 90
158
 90
4
 90
153
 90
154
 90
160
 90
159
 90
4
 90
154
 90
155
 90
161
 90
160
 90
4
 90
155
 90
150
 90
156
 90
161
 90
4
 90
156
 90
157
 90
163
 90
162
 90
4
 90
157
 90
158
 90
164
 90
163
 90
4
 90
158
 90
159
 90
165
 90
164
 90
4
 90
159
 90
160
 90
166
 90
165
 90
4
 90
160
 90
161
 90
167
 90
166
 90
4
 90
161
 90
156
 90
162
 90
167
 90
4
 90
162
 90
163
 90
169
 90
168
 90
4
 90
163
 90
164
 90
170
 90
169
 90
4
 90
164
 90
165
 90
171
 90
170
 90
4
 90
165
 90
166
 90
172
 90
171
 90
4
 90
166
 90
167
 90
173
 90
172
 90
4
 90
167
 90
162
 90
168
 90
173
 90
4
 90
168
 90
169
 90
175
 90
174
 90
4
 90
169
 90
170
 90
176
 90
175
 90
4
 90
170
 90
171
 90
177
 90
176
 90
4
 90
171
 90
172
 90
178
 90
177
 90
4
 90
172
 90
173
 90
179
 90
178
 90
4
 90
173
 90
168
 90
174
 90
179
 90
4
 90
174
 90
175
 90
181
 90
180
 90
4
 90
175
 90
176
 90
182
 90
181
 90
4
 90
176
 90
177
 90
183
 90
182
 90
4
 90
177
 90
178
 90
184
 90
183
 90
4
 90
178
 90
179
 90
185
 90
184
 90
4
 90
179
 90
174
 90
180
 90
185
 90
4
 90
180
 90
181
 90
187
 90
186
 90
4
 90
181
 90
182
 90
188
 90
187
 90
4
 90
182
 90
183
 90
189
 90
188
 90
4
 90
183
 90
184
 90
190
 90
189
 90
4
 90
184
 90
185
 90
191
 90
190
 90
4
 90
185
 90
180
 90
186
 90
191
 90
4
 90
186
 90
187
 90
193
 90
192
 90
4
 90
187
 90
188
 90
194
 90
193
 90
4
 90
188
 90
189
 90
195
 90
194
 90
4
 90
189
 90
190
 90
196
 90
195
 90
4
 90
190
 90
191
 90
197
 90
196
 90
4
 90
191
 90
186
 90
192
 90
197
 90
4
 90
192
 90
193
 90
199
 90
198
 90
4
 90
193
 90
194
 90
200
 90
199
 90
4
 90
194
 90
195
 90
201
 90
200
 90
4
 90
195
 90
196
 90
202
 90
201
 90
4
 90
196
 90
197
 90
203
 90
202
 90
4
 90
197
 90
192
 90
198
 90
203
 90
4
 90
198
 90
199
 90
205
 90
204
 90
4
 90
199
 90
200
 90
206
 90
205
 90
4
 90
200
 90
201
 90
207
 90
206
 90
4
 90
201
 90
202
 90
208
 90
207
 90
4
 90
202
 90
203
 90
209
 90
208
 90
4
 90
203
 90
198
 90
204
 90
209
 90
4
 90
204
 90
205
 90
211
 90
210
 90
4
 90
205
 90
206
 90
212
 90
211
 90
4
 90
206
 90
207
 90
213
 90
212
 90
4
 90
207
 90
208
 90
214
 90
213
 90
4
 90
208
 90
209
 90
215
 90
214
 90
4
 90
209
 90
204
 90
210
 90
215
 90
4
 90
210
 90
211
 90
217
 90
216
 90
4
 90
211
 90
212
 90
218
 90
217
 90
4
 90
212
 90
213
 90
219
 90
218
 90
4
 90
213
 90
214
 90
220
 90
219
 90
4
 90
214
 90
215
 90
221
 90
220
 90
4
 90
215
 90
210
 90
216
 90
221
 90
4
 90
216
 90
217
 90
223
 90
222
 90
4
 90
217
 90
218
 90
224
 90
223
 90
4
 90
218
 90
219
 90
225
 90
224
 90
4
 90
219
 90
220
 90
226
 90
225
 90
4
 90
220
 90
221
 90
227
 90
226
 90
4
 90
221
 90
216
 90
222
 90
227
 90
4
 90
222
 90
223
 90
229
 90
228
 90
4
 90
223
 90
224
 90
230
 90
229
 90
4
 90
224
 90
225
 90
231
 90
230
 90
4
 90
225
 90
226
 90
232
 90
231
 90
4
 90
226
 90
227
 90
233
 90
232
 90
4
 90
227
 90
222
 90
228
 90
233
 90
4
 90
228
 90
229
 90
235
 90
234
 90
4
 90
229
 90
230
 90
236
 90
235
 90
4
 90
230
 90
231
 90
237
 90
236
 90
4
 90
231
 90
232
 90
238
 90
237
 90
4
 90
232
 90
233
 90
239
 90
238
 90
4
 90
233
 90
228
 90
234
 90
239
 90
4
 90
234
 90
235
 90
241
 90
240
 90
4
 90
235
 90
236
 90
242
 90
241
 90
4
 90
236
 90
237
 90
243
 90
242
 90
4
 90
237
 90
238
 90
244
 90
243
 90
4
 90
238
 90
239
 90
245
 90
244
 90
4
 90
239
 90
234
 90
240
 90
245
 90
4
 90
240
 90
241
 90
247
 90
246
 90
4
 90
241
 90
242
 90
248
 90
247
 90
4
 90
242
 90
243
 90
249
 90
248
 90
4
 90
243
 90
244
 90
250
 90
249
 90
4
 90
244
 90
245
 90
251
 90
250
 90
4
 90
245
 90
240
 90
246
 90
251
 90
4
 90
246
 90
247
 90
253
 90
252
 90
4
 90
247
 90
248
 90
254
 90
253
 90
4
 90
248
 90
249
 90
255
 90
254
 90
4
 90
249
 90
250
 90
256
 90
255
 90
4
 90
250
 90
251
 90
257
 90
256
 90
4
 90
251
 90
246
 90
252
 90
257
 90
4
 90
252
 90
253
 90
259
 90
258
 90
4
 90
253
 90
254
 90
260
 90
259
 90
4
 90
254
 90
255
 90
261
 90
260
 90
4
 90
255
 90
256
 90
262
 90
261
 90
4
 90
256
 90
257
 90
263
 90
262
 90
4
 90
257
 90
252
 90
258
 90
263
 90
4
 90
258
 90
259
 90
265
 90
264
 90
4
 90
259
 90
260
 90
266
 90
265
 90
4
 90
260
 90
261
 90
267
 90
266
 90
4
 90
261
 90
262
 90
268
 90
267
 90
4
 90
262
 90
263
 90
269
 90
268
 90
4
 90
263
 90
258
 90
264
 90
269
 90
4
 90
264
 90
265
 90
271
 90
270
 90
4
 90
265
 90
266
 90
272
 90
271
 90
4
 90
266
 90
267
 90
273
 90
272
 90
4
 90
267
 90
268
 90
274
 90
273
 90
4
 90
268
 90
269
 90
275
 90
274
 90
4
 90
269
 90
264
 90
270
 90
275
 90
4
 90
270
 90
271
 90
277
 90
276
 90
4
 90
271
 90
272
 90
278
 90
277
 90
4
 90
272
 90
273
 90
279
 90
278
 90
4
 90
273
 90
274
 90
280
 90
279
 90
4
 90
274
 90
275
 90
281
 90
280
 90
4
 90
275
 90
270
 90
276
 90
281
 90
4
 90
276
 90
277
 90
283
 90
282
 90
4
 90
277
 90
278
 90
284
 90
283
 90
4
 90
278
 90
279
 90
285
 90
284
 90
4
 90
279
 90
280
 90
286
 90
285
 90
4
 90
280
 90
281
 90
287
 90
286
 90
4
 90
281
 90
276
 90
282
 90
287
 90
4
 90
282
 90
283
 90
289
 90
288
 90
4
 90
283
 90
284
 90
290
 90
289
 90
4
 90
284
 90
285
 90
291
 90
290
 90
4
 90
285
 90
286
 90
292
 90
291
 90
4
 90
286
 90
287
 90
293
 90
292
 90
4
 90
287
 90
282
 90
288
 90
293
 90
4
 90
288
 90
289
 90
295
 90
294
 90
4
 90
289
 90
290
 90
296
 90
295
 90
4
 90
290
 90
291
 90
297
 90
296
 90
4
 90
291
 90
292
 90
298
 90
297
 90
4
 90
292
 90
293
 90
299
 90
298
 90
4
 90
293
 90
288
 90
294
 90
299
 90
4
 90
294
 90
295
 90
301
 90
300
 90
4
 90
295
 90
296
 90
302
 90
301
 90
4
 90
296
 90
297
 90
303
 90
302
 90
4
 90
297
 90
298
 90
304
 90
303
 90
4
 90
298
 90
299
 90
305
 90
304
 90
4
 90
299
 90
294
 90
300
 90
305
 90
4
 90
300
 90
301
 90
307
 90
306
 90
4
 90
301
 90
302
 90
308
 90
307
 90
4
 90
302
 90
303
 90
309
 90
308
 90
4
 90
303
 90
304
 90
310
 90
309
 90
4
 90
304
 90
305
 90
311
 90
310
 90
4
 90
305
 90
300
 90
306
 90
311
 90
4
 90
306
 90
307
 90
313
 90
312
 90
4
 90
307
 90
308
 90
314
 90
313
 90
4
 90
308
 90
309
 90
315
 90
314
 90
4
 90
309
 90
310
 90
316
 90
315
 90
4
 90
310
 90
311
 90
317
 90
316
 90
4
 90
311
 90
306
 90
312
 90
317
 90
4
 90
312
 90
313
 90
319
 90
318
 90
4
 90
313
 90
314
 90
320
 90
319
 90
4
 90
314
 90
315
 90
321
 90
320
 90
4
 90
315
 90
316
 90
322
 90
321
 90
4
 90
316
 90
317
 90
323
 90
322
 90
4
 90
317
 90
312
 90
318
 90
323
 90
4
 90
318
 90
319
 90
325
 90
324
 90
4
 90
319
 90
320
 90
326
 90
325
 90
4
 90
320
 90
321
 90
327
 90
326
 90
4
 90
321
 90
322
 90
328
 90
327
 90
4
 90
322
 90
323
 90
329
 90
328
 90
4
 90
323
 90
318
 90
324
 90
329
 90
4
 90
324
 90
325
 90
331
 90
330
 90
4
 90
325
 90
326
 90
332
 90
331
 90
4
 90
326
 90
327
 90
333
 90
332
 90
4
 90
327
 90
328
 90
334
 90
333
 90
4
 90
328
 90
329
 90
335
 90
334
 90
4
 90
329
 90
324
 90
330
 90
335
 90
4
 90
330
 90
331
 90
337
 90
336
 90
4
 90
331
 90
332
 90
338
 90
337
 90
4
 90
332
 90
333
 90
339
 90
338
 90
4
 90
333
 90
334
 90
340
 90
339
 90
4
 90
334
 90
335
 90
341
 90
340
 90
4
 90
335
 90
330
 90
336
 90
341
 90
4
 90
336
 90
337
 90
343
 90
342
 90
4
 90
337
 90
338
 90
344
 90
343
 90
4
 90
338
 90
339
 90
345
 90
344
 90
4
 90
339
 90
340
 90
346
 90
345
 90
4
 90
340
 90
341
 90
347
 90
346
 90
4
 90
341
 90
336
 90
342
 90
347
 90
4
 90
342
 90
343
 90
349
 90
348
 90
4
 90
343
 90
344
 90
350
 90
349
 90
4
 90
344
 90
345
 90
351
 90
350
 90
4
 90
345
 90
346
 90
352
 90
351
 90
4
 90
346
 90
347
 90
353
 90
352
 90
4
 90
347
 90
342
 90
348
 90
353
 90
4
 90
348
 90
349
 90
355
 90
354
 90
4
 90
349
 90
350
 90
356
 90
355
 90
4
 90
350
 90
351
 90
357
 90
356
 90
4
 90
351
 90
352
 90
358
 90
357
 90
4
 90
352
 90
353
 90
359
 90
358
 90
4
 90
353
 90
348
 90
354
 90
359
 90
4
 90
354
 90
355
 90
361
 90
360
 90
4
 90
355
 90
356
 90
362
 90
361
 90
4
 90
356
 90
357
 90
363
 90
362
 90
4
 90
357
 90
358
 90
364
 90
363
 90
4
 90
358
 90
359
 90
365
 90
364
 90
4
 90
359
 90
354
 90
360
 90
365
 90
4
 90
360
 90
361
 90
367
 90
366
 90
4
 90
361
 90
362
 90
368
 90
367
 90
4
 90
362
 90
363
 90
369
 90
368
 90
4
 90
363
 90
364
 90
370
 90
369
 90
4
 90
364
 90
365
 90
371
 90
370
 90
4
 90
365
 90
360
 90
366
 90
371
 90
4
 90
366
 90
367
 90
373
 90
372
 90
4
 90
367
 90
368
 90
374
 90
373
 90
4
 90
368
 90
369
 90
375
 90
374
 90
4
 90
369
 90
370
 90
376
 90
375
 90
4
 90
370
 90
371
 90
377
 90
376
 90
4
 90
371
 90
366
 90
372
 90
377
 90
4
 90
372
 90
373
 90
379
 90
378
 90
4
 90
373
 90
374
 90
380
 90
379
 90
4
 90
374
 90
375
 90
381
 90
380
 90
4
 90
375
 90
376
 90
382
 90
381
 90
4
 90
376
 90
377
 90
383
 90
382
 90
4
 90
377
 90
372
 90
378
 90
383
 90
4
 90
378
 90
379
 90
385
 90
384
 90
4
 90
379
 90
380
 90
386
 90
385
 90
4
 90
380
 90
381
 90
387
 90
386
 90
4
 90
381
 90
382
 90
388
 90
387
 90
4
 90
382
 90
383
 90
389
 90
388
 90
4
 90
383
 90
378
 90
384
 90
389
 90
4
 90
384
 90
385
 90
391
 90
390
 90
4
 90
385
 90
386
 90
392
 90
391
 90
4
 90
386
 90
387
 90
393
 90
392
 90
4
 90
387
 90
388
 90
394
 90
393
 90
4
 90
388
 90
389
 90
395
 90
394
 90
4
 90
389
 90
384
 90
390
 90
395
 90
4
 90
390
 90
391
 90
397
 90
396
 90
4
 90
391
 90
392
 90
398
 90
397
 90
4
 90
392
 90
393
 90
399
 90
398
 90
4
 90
393
 90
394
 90
400
 90
399
 90
4
 90
394
 90
395
 90
401
 90
400
 90
4
 90
395
 90
390
 90
396
 90
401
 90
4
 90
396
 90
397
 90
403
 90
402
 90
4
 90
397
 90
398
 90
404
 90
403
 90
4
 90
398
 90
399
 90
405
 90
404
 90
4
 90
399
 90
400
 90
406
 90
405
 90
4
 90
400
 90
401
 90
407
 90
406
 90
4
 90
401
 90
396
 90
402
 90
407
 90
4
 90
402
 90
403
 90
409
 90
408
 90
4
 90
403
 90
404
 90
410
 90
409
 90
4
 90
404
 90
405
 90
411
 90
410
 90
4
 90
405
 90
406
 90
412
 90
411
 90
4
 90
406
 90
407
 90
413
 90
412
 90
4
 90
407
 90
402
 90
408
 90
413
 90
4
 90
408
 90
409
 90
415
 90
414
 90
4
 90
409
 90
410
 90
416
 90
415
 90
4
 90
410
 90
411
 90
417
 90
416
 90
4
 90
411
 90
412
 90
418
 90
417
 90
4
 90
412
 90
413
 90
419
 90
418
 90
4
 90
413
 90
408
 90
414
 90
419
 90
4
 90
414
 90
415
 90
421
 90
420
 90
4
 90
415
 90
416
 90
422
 90
421
 90
4
 90
416
 90
417
 90
423
 90
422
 90
4
 90
417
 90
418
 90
424
 90
423
 90
4
 90
418
 90
419
 90
425
 90
424
 90
4
 90
419
 90
414
 90
420
 90
425
 90
4
 90
420
 90
421
 90
427
 90
426
 90
4
 90
421
 90
422
 90
428
 90
427
 90
4
 90
422
 90
423
 90
429
 90
428
 90
4
 90
423
 90
424
 90
430
 90
429
 90
4
 90
424
 90
425
 90
431
 90
430
 90
4
 90
425
 90
420
 90
426
 90
431
 90
4
 90
426
 90
427
 90
433
 90
432
 90
4
 90
427
 90
428
 90
434
 90
433
 90
4
 90
428
 90
429
 90
435
 90
434
 90
4
 90
429
 90
430
 90
436
 90
435
 90
4
 90
430
 90
431
 90
437
 90
436
 90
4
 90
431
 90
426
 90
432
 90
437
 90
4
 90
432
 90
433
 90
439
 90
438
 90
4
 90
433
 90
434
 90
440
 90
439
 90
4
 90
434
 90
435
 90
441
 90
440
 90
4
 90
435
 90
436
 90
442
 90
441
 90
4
 90
436
 90
437
 90
443
 90
442
 90
4
 90
437
 90
432
 90
438
 90
443
 90
4
 90
438
 90
439
 90
445
 90
444
 90
4
 90
439
 90
440
 90
446
 90
445
 90
4
 90
440
 90
441
 90
447
 90
446
 90
4
 90
441
 90
442
 90
448
 90
447
 90
4
 90
442
 90
443
 90
449
 90
448
 90
4
 90
443
 90
438
 90
444
 90
449
 90
4
 90
444
 90
445
 90
451
 90
450
 90
4
 90
445
 90
446
 90
452
 90
451
 90
4
 90
446
 90
447
 90
453
 90
452
 90
4
 90
447
 90
448
 90
454
 90
453
 90
4
 90
448
 90
449
 90
455
 90
454
 90
4
 90
449
 90
444
 90
450
 90
455
 90
4
 90
450
 90
451
 90
457
 90
456
 90
4
 90
451
 90
452
 90
458
 90
457
 90
4
 90
452
 90
453
 90
459
 90
458
 90
4
 90
453
 90
454
 90
460
 90
459
 90
4
 90
454
 90
455
 90
461
 90
460
 90
4
 90
455
 90
450
 90
456
 90
461
 90
4
 90
456
 90
457
 90
463
 90
462
 90
4
 90
457
 90
458
 90
464
 90
463
 90
4
 90
458
 90
459
 90
465
 90
464
 90
4
 90
459
 90
460
 90
466
 90
465
 90
4
 90
460
 90
461
 90
467
 90
466
 90
4
 90
461
 90
456
 90
462
 90
467
 90
4
 90
462
 90
463
 90
469
 90
468
 90
4
 90
463
 90
464
 90
470
 90
469
 90
4
 90
464
 90
465
 90
471
 90
470
 90
4
 90
465
 90
466
 90
472
 90
471
 90
4
 90
466
 90
467
 90
473
 90
472
 90
4
 90
467
 90
462
 90
468
 90
473
 90
4
 90
468
 90
469
 90
475
 90
474
 90
4
 90
469
 90
470
 90
476
 90
475
 90
4
 90
470
 90
471
 90
477
 90
476
 90
4
 90
471
 90
472
 90
478
 90
477
 90
4
 90
472
 90
473
 90
479
 90
478
 90
4
 90
473
 90
468
 90
474
 90
479
 90
4
 90
474
 90
475
 90
481
 90
480
 90
4
 90
475
 90
476
 90
482
 90
481
 90
4
 90
476
 90
477
 90
483
 90
482
 90
4
 90
477
 90
478
 90
484
 90
483
 90
4
 90
478
 90
479
 90
485
 90
484
 90
4
 90
479
 90
474
 90
480
 90
485
 90
4
 90
480
 90
481
 90
487
 90
486
 90
4
 90
481
 90
482
 90
488
 90
487
 90
4
 90
482
 90
483
 90
489
 90
488
 90
4
 90
483
 90
484
 90
490
 90
489
 90
4
 90
484
 90
485
 90
491
 90
490
 90
4
 90
485
 90
480
 90
486
 90
491
 90
4
 90
486
 90
487
 90
493
 90
492
 90
4
 90
487
 90
488
 90
494
 90
493
 90
4
 90
488
 90
489
 90
495
 90
494
 90
4
 90
489
 90
490
 90
496
 90
495
 90
4
 90
490
 90
491
 90
497
 90
496
 90
4
 90
491
 90
486
 90
492
 90
497
 90
4
 90
492
 90
493
 90
499
 90
498
 90
4
 90
493
 90
494
 90
500
 90
499
 90
4
 90
494
 90
495
 90
501
 90
500
 90
4
 90
495
 90
496
 90
502
 90
501
 90
4
 90
496
 90
497
 90
503
 90
502
 90
4
 90
497
 90
492
 90
498
 90
503
 90
4
 90
498
 90
499
 90
505
 90
504
 90
4
 90
499
 90
500
 90
506
 90
505
 90
4
 90
500
 90
501
 90
507
 90
506
 90
4
 90
501
 90
502
 90
508
 90
507
 90
4
 90
502
 90
503
 90
509
 90
508
 90
4
 90
503
 90
498
 90
504
 90
509
 90
4
 90
504
 90
505
 90
511
 90
510
 90
4
 90
505
 90
506
 90
512
 90
511
 90
4
 90
506
 90
507
 90
513
 90
512
 90
4
 90
507
 90
508
 90
514
 90
513
 90
4
 90
508
 90
509
 90
515
 90
514
 90
4
 90
509
 90
504
 90
510
 90
515
 90
4
 90
510
 90
511
 90
517
 90
516
 90
4
 90
511
 90
512
 90
518
 90
517
 90
4
 90
512
 90
513
 90
519
 90
518
 90
4
 90
513
 90
514
 90
520
 90
519
 90
4
 90
514
 90
515
 90
521
 90
520
 90
4
 90
515
 90
510
 90
516
 90
521
 90
4
 90
516
 90
517
 90
523
 90
522
 90
4
 90
517
 90
518
 90
524
 90
523
 90
4
 90
518
 90
519
 90
525
 90
524
 90
4
 90
519
 90
520
 90
526
 90
525
 90
4
 90
520
 90
521
 90
527
 90
526
 90
4
 90
521
 90
516
 90
522
 90
527
 90
4
 90
522
 90
523
 90
529
 90
528
 90
4
 90
523
 90
524
 90
530
 90
529
 90
4
 90
524
 90
525
 90
531
 90
530
 90
4
 90
525
 90
526
 90
532
 90
531
 90
4
 90
526
 90
527
 90
533
 90
532
 90
4
 90
527
 90
522
 90
528
 90
533
 90
4
 90
528
 90
529
 90
535
 90
534
 90
4
 90
529
 90
530
 90
536
 90
535
 90
4
 90
530
 90
531
 90
537
 90
536
 90
4
 90
531
 90
532
 90
538
 90
537
 90
4
 90
532
 90
533
 90
539
 90
538
 90
4
 90
533
 90
528
 90
534
 90
539
 90
4
 90
534
 90
535
 90
541
 90
540
 90
4
 90
535
 90
536
 90
542
 90
541
 90
4
 90
536
 90
537
 90
543
 90
542
 90
4
 90
537
 90
538
 90
544
 90
543
 90
4
 90
538
 90
539
 90
545
 90
544
 90
4
 90
539
 90
534
 90
540
 90
545
 90
4
 90
540
 90
541
 90
547
 90
546
 90
4
 90
541
 90
542
 90
548
 90
547
 90
4
 90
542
 90
543
 90
549
 90
548
 90
4
 90
543
 90
544
 90
550
 90
549
 90
4
 90
544
 90
545
 90
551
 90
550
 90
4
 90
545
 90
540
 90
546
 90
551
 90
4
 90
546
 90
547
 90
553
 90
552
 90
4
 90
547
 90
548
 90
554
 90
553
 90
4
 90
548
 90
549
 90
555
 90
554
 90
4
 90
549
 90
550
 90
556
 90
555
 90
4
 90
550
 90
551
 90
557
 90
556
 90
4
 90
551
 90
546
 90
552
 90
557
 90
4
 90
552
 90
553
 90
559
 90
558
 90
4
 90
553
 90
554
 90
560
 90
559
 90
4
 90
554
 90
555
 90
561
 90
560
 90
4
 90
555
 90
556
 90
562
 90
561
 90
4
 90
556
 90
557
 90
563
 90
562
 90
4
 90
557
 90
552
 90
558
 90
563
 90
4
 90
558
 90
559
 90
565
 90
564
 90
4
 90
559
 90
560
 90
566
 90
565
 90
4
 90
560
 90
561
 90
567
 90
566
 90
4
 90
561
 90
562
 90
568
 90
567
 90
4
 90
562
 90
563
 90
569
 90
568
 90
4
 90
563
 90
558
 90
564
 90
569
 90
4
 90
564
 90
565
 90
571
 90
570
 90
4
 90
565
 90
566
 90
572
 90
571
 90
4
 90
566
 90
567
 90
573
 90
572
 90
4
 90
567
 90
568
 90
574
 90
573
 90
4
 90
568
 90
569
 90
575
 90
574
 90
4
 90
569
 90
564
 90
570
 90
575
 90
4
 90
570
 90
571
 90
577
 90
576
 90
4
 90
571
 90
572
 90
578
 90
577
 90
4
 90
572
 90
573
 90
579
 90
578
 90
4
 90
573
 90
574
 90
580
 90
579
 90
4
 90
574
 90
575
 90
581
 90
580
 90
4
 90
575
 90
570
 90
576
 90
581
 90
4
 90
576
 90
577
 90
583
 90
582
 90
4
 90
577
 90
578
 90
584
 90
583
 90
4
 90
578
 90
579
 90
585
 90
584
 90
4
 90
579
 90
580
 90
586
 90
585
 90
4
 90
580
 90
581
 90
587
 90
586
 90
4
 90
581
 90
576
 90
582
 90
587
 90
4
 90
582
 90
583
 90
589
 90
588
 90
4
 90
583
 90
584
 90
590
 90
589
 90
4
 90
584
 90
585
 90
591
 90
590
 90
4
 90
585
 90
586
 90
592
 90
591
 90
4
 90
586
 90
587
 90
593
 90
592
 90
4
 90
587
 90
582
 90
588
 90
593
 90
4
 90
588
 90
589
 90
595
 90
594
 90
4
 90
589
 90
590
 90
596
 90
595
 90
4
 90
590
 90
591
 90
597
 90
596
 90
4
 90
591
 90
592
 90
598
 90
597
 90
4
 90
592
 90
593
 90
599
 90
598
 90
4
 90
593
 90
588
 90
594
 90
599
 90
4
 90
594
 90
595
 90
601
 90
600
 90
4
 90
595
 90
596
 90
602
 90
601
 90
4
 90
596
 90
597
 90
603
 90
602
 90
4
 90
597
 90
598
 90
604
 90
603
 90
4
 90
598
 90
599
 90
605
 90
604
 90
4
 90
599
 90
594
 90
600
 90
605
 90
4
 90
600
 90
601
 90
607
 90
606
 90
4
 90
601
 90
602
 90
608
 90
607
 90
4
 90
602
 90
603
 90
609
 90
608
 90
4
 90
603
 90
604
 90
610
 90
609
 90
4
 90
604
 90
605
 90
611
 90
610
 90
4
 90
605
 90
600
 90
606
 90
611
 90
4
 90
606
 90
607
 90
613
 90
612
 90
4
 90
607
 90
608
 90
614
 90
613
 90
4
 90
608
 90
609
 90
615
 90
614
 90
4
 90
609
 90
610
 90
616
 90
615
 90
4
 90
610
 90
611
 90
617
 90
616
 90
4
 90
611
 90
606
 90
612
 90
617
 90
4
 90
612
 90
613
 90
619
 90
618
 90
4
 90
613
 90
614
 90
620
 90
619
 90
4
 90
614
 90
615
 90
621
 90
620
 90
4
 90
615
 90
616
 90
622
 90
621
 90
4
 90
616
 90
617
 90
623
 90
622
 90
4
 90
617
 90
612
 90
618
 90
623
 90
4
 90
618
 90
619
 90
625
 90
624
 90
4
 90
619
 90
620
 90
626
 90
625
 90
4
 90
620
 90
621
 90
627
 90
626
 90
4
 90
621
 90
622
 90
628
 90
627
 90
4
 90
622
 90
623
 90
629
 90
628
 90
4
 90
623
 90
618
 90
624
 90
629
 90
4
 90
624
 90
625
 90
631
 90
630
 90
4
 90
625
 90
626
 90
632
 90
631
 90
4
 90
626
 90
627
 90
633
 90
632
 90
4
 90
627
 90
628
 90
634
 90
633
 90
4
 90
628
 90
629
 90
635
 90
634
 90
4
 90
629
 90
624
 90
630
 90
635
 90
4
 90
630
 90
631
 90
637
 90
636
 90
4
 90
631
 90
632
 90
638
 90
637
 90
4
 90
632
 90
633
 90
639
 90
638
 90
4
 90
633
 90
634
 90
640
 90
639
 90
4
 90
634
 90
635
 90
641
 90
640
 90
4
 90
635
 90
630
 90
636
 90
641
 90
4
 90
636
 90
637
 90
643
 90
642
 90
4
 90
637
 90
638
 90
644
 90
643
 90
4
 90
638
 90
639
 90
645
 90
644
 90
4
 90
639
 90
640
 90
646
 90
645
 90
4
 90
640
 90
641
 90
647
 90
646
 90
4
 90
641
 90
636
 90
642
 90
647
 90
4
 90
642
 90
643
 90
649
 90
648
 90
4
 90
643
 90
644
 90
650
 90
649
 90
4
 90
644
 90
645
 90
651
 90
650
 90
4
 90
645
 90
646
 90
652
 90
651
 90
4
 90
646
 90
647
 90
653
 90
652
 90
4
 90
647
 90
642
 90
648
 90
653
 90
4
 90
648
 90
649
 90
655
 90
654
 90
4
 90
649
 90
650
 90
656
 90
655
 90
4
 90
650
 90
651
 90
657
 90
656
 90
4
 90
651
 90
652
 90
658
 90
657
 90
4
 90
652
 90
653
 90
659
 90
658
 90
4
 90
653
 90
648
 90
654
 90
659
 90
4
 90
654
 90
655
 90
661
 90
660
 90
4
 90
655
 90
656
 90
662
 90
661
 90
4
 90
656
 90
657
 90
663
 90
662
 90
4
 90
657
 90
658
 90
664
 90
663
 90
4
 90
658
 90
659
 90
665
 90
664
 90
4
 90
659
 90
654
 90
660
 90
665
 90
4
 90
660
 90
661
 90
667
 90
666
 90
4
 90
661
 90
662
 90
668
 90
667
 90
4
 90
662
 90
663
 90
669
 90
668
 90
4
 90
663
 90
664
 90
670
 90
669
 90
4
 90
664
 90
665
 90
671
 90
670
 90
4
 90
665
 90
660
 90
666
 90
671
 90
4
 90
666
 90
667
 90
673
 90
672
 90
4
 90
667
 90
668
 90
674
 90
673
 90
4
 90
668
 90
669
 90
675
 90
674
 90
4
 90
669
 90
670
 90
676
 90
675
 90
4
 90
670
 90
671
 90
677
 90
676
 90
4
 90
671
 90
666
 90
672
 90
677
 94
0
 95
0
 90
0
  0
MESH
  5
62
330
17
100
AcDbEntity
  8
CHASSIS
100
AcDbSubDMesh
 71
2
 72
0
 91
0
 92
8
 10
-238.0
 20
-245.0
 30
485.0
 10
-182.0
 20
-245.0
 30
485.0
 10
-182.0
 20
-175.0
 30
485.0
 10
-238.0
 20
-175.0
 30
485.0
 10
-238.0
 20
-245.0
 30
525.0
 10
-182.0
 20
-245.0
 30
525.0
 10
-182.0
 20
-175.0
 30
525.0
 10
-238.0
 20
-175.0
 30
525.0
 93
30
 90
4
 90
0
 90
3
 90
2
 90
1
 90
4
 90
4
 90
5
 90
6
 90
7
 90
4
 90
0
 90
1
 90
5
 90
4
 90
4
 90
1
 90
2
 90
6
 90
5
 90
4
 90
2
 90
3
 90
7
 90
6
 90
4
 90
3
 90
0
 90
4
 90
7
 94
0
 95
0
 90
0
  0
MESH
  5
63
330
17
100
AcDbEntity
  8
CHASSIS
100
AcDbSubDMesh
 71
2
 72
0
 91
0
 92
8
 10
-232.0
 20
-245.0
 30
370.0
 10
-188.0
 20
-245.0
 30
370.0
 10
-188.0
 20
-175.0
 30
370.0
 10
-232.0
 20
-175.0
 30
370.0
 10
-232.0
 20
-245.0
 30
400.0
 10
-188.0
 20
-245.0
 30
400.0
 10
-188.0
 20
-175.0
 30
400.0
 10
-232.0
 20
-175.0
 30
400.0
 93
30
 90
4
 90
0
 90
3
 90
2
 90
1
 90
4
 90
4
 90
5
 90
6
 90
7
 90
4
 90
0
 90
1
 90
5
 90
4
 90
4
 90
1
 90
2
 90
6
 90
5
 90
4
 90
2
 90
3
 90
7
 90
6
 90
4
 90
3
 90
0
 90
4
 90
7
 94
0
 95
0
 90
0
  0
MESH
  5
64
330
17
100
AcDbEntity
  8
CHASSIS
100
AcDbSubDMesh
 71
2
 72
0
 91
0
 92
8
 10
-248.0
 20
-260.0
 30
140.0
 10
-172.0
 20
-260.0
 30
140.0
 10
-172.0
 20
-240.0
 30
140.0
 10
-248.0
 20
-240.0
 30
140.0
 10
-248.0
 20
-260.0
 30
270.0
 10
-172.0
 20
-260.0
 30
270.0
 10
-172.0
 20
-240.0
 30
270.0
 10
-248.0
 20
-240.0
 30
270.0
 93
30
 90
4
 90
0
 90
3
 90
2
 90
1
 90
4
 90
4
 90
5
 90
6
 90
7
 90
4
 90
0
 90
1
 90
5
 90
4
 90
4
 90
1
 90
2
 90
6
 90
5
 90
4
 90
2
 90
3
 90
7
 90
6
 90
4
 90
3
 90
0
 90
4
 90
7
 94
0
 95
0
 90
0
  0
MESH
  5
65
330
17
100
AcDbEntity
  8
FASTENERS
100
AcDbSubDMesh
 71
2
 72
0
 91
0
 92
30
 10
-220.0
 20
-235.0
 30
240.0
 10
-220.0
 20
-235.0
 30
520.0
 10
-211.0
 20
-235.0
 30
240.0
 10
-211.89128018887823
 20
-231.09504634794197
 30
240.0
 10
-214.3885917832714
 20
-227.96351665778772
 30
240.0
 10
-217.99731159439318
 20
-226.22564879036358
 30
240.0
 10
-222.00268840560682
 20
-226.22564879036358
 30
240.0
 10
-225.6114082167286
 20
-227.96351665778772
 30
240.0
 10
-228.10871981112177
 20
-231.09504634794197
 30
240.0
 10
-229.0
 20
-235.0
 30
240.0
 10
-228.10871981112177
 20
-238.90495365205803
 30
240.0
 10
-225.6114082167286
 20
-242.03648334221228
 30
240.0
 10
-222.00268840560682
 20
-243.77435120963642
 30
240.0
 10
-217.99731159439318
 20
-243.77435120963642
 30
240.0
 10
-214.3885917832714
 20
-242.03648334221228
 30
240.0
 10
-211.89128018887823
 20
-238.90495365205803
 30
240.0
 10
-211.0
 20
-235.0
 30
520.0
 10
-211.89128018887823
 20
-231.09504634794197
 30
520.0
 10
-214.3885917832714
 20
-227.96351665778772
 30
520.0
 10
-217.99731159439318
 20
-226.22564879036358
 30
520.0
 10
-222.00268840560682
 20
-226.22564879036358
 30
520.0
 10
-225.6114082167286
 20
-227.96351665778772
 30
520.0
 10
-228.10871981112177
 20
-231.09504634794197
 30
520.0
 10
-229.0
 20
-235.0
 30
520.0
 10
-228.10871981112177
 20
-238.90495365205803
 30
520.0
 10
-225.6114082167286
 20
-242.03648334221228
 30
520.0
 10
-222.00268840560682
 20
-243.77435120963642
 30
520.0
 10
-217.99731159439318
 20
-243.77435120963642
 30
520.0
 10
-214.3885917832714
 20
-242.03648334221228
 30
520.0
 10
-211.89128018887823
 20
-238.90495365205803
 30
520.0
 93
182
 90
3
 90
0
 90
3
 90
2
 90
3
 90
1
 90
16
 90
17
 90
4
 90
2
 90
3
 90
17
 90
16
 90
3
 90
0
 90
4
 90
3
 90
3
 90
1
 90
17
 90
18
 90
4
 90
3
 90
4
 90
18
 90
17
 90
3
 90
0
 90
5
 90
4
 90
3
 90
1
 90
18
 90
19
 90
4
 90
4
 90
5
 90
19
 90
18
 90
3
 90
0
 90
6
 90
5
 90
3
 90
1
 90
19
 90
20
 90
4
 90
5
 90
6
 90
20
 90
19
 90
3
 90
0
 90
7
 90
6
 90
3
 90
1
 90
20
 90
21
 90
4
 90
6
 90
7
 90
21
 90
20
 90
3
 90
0
 90
8
 90
7
 90
3
 90
1
 90
21
 90
22
 90
4
 90
7
 90
8
 90
22
 90
21
 90
3
 90
0
 90
9
 90
8
 90
3
 90
1
 90
22
 90
23
 90
4
 90
8
 90
9
 90
23
 90
22
 90
3
 90
0
 90
10
 90
9
 90
3
 90
1
 90
23
 90
24
 90
4
 90
9
 90
10
 90
24
 90
23
 90
3
 90
0
 90
11
 90
10
 90
3
 90
1
 90
24
 90
25
 90
4
 90
10
 90
11
 90
25
 90
24
 90
3
 90
0
 90
12
 90
11
 90
3
 90
1
 90
25
 90
26
 90
4
 90
11
 90
12
 90
26
 90
25
 90
3
 90
0
 90
13
 90
12
 90
3
 90
1
 90
26
 90
27
 90
4
 90
12
 90
13
 90
27
 90
26
 90
3
 90
0
 90
14
 90
13
 90
3
 90
1
 90
27
 90
28
 90
4
 90
13
 90
14
 90
28
 90
27
 90
3
 90
0
 90
15
 90
14
 90
3
 90
1
 90
28
 90
29
 90
4
 90
14
 90
15
 90
29
 90
28
 90
3
 90
0
 90
2
 90
15
 90
3
 90
1
 90
29
 90
16
 90
4
 90
15
 90
2
 90
16
 90
29
 94
0
 95
0
 90
0
  0
MESH
  5
66
330
17
100
AcDbEntity
  8
CHASSIS
100
AcDbSubDMesh
 71
2
 72
0
 91
0
 92
34
 10
-220.0
 20
-235.0
 30
485.0
 10
-220.0
 20
-235.0
 30
515.0
 10
-194.0
 20
-235.0
 30
485.0
 10
-195.97913215470655
 20
-225.05023075850767
 30
485.0
 10
-201.61522368914976
 20
-216.61522368914976
 30
485.0
 10
-210.05023075850767
 20
-210.97913215470655
 30
485.0
 10
-220.0
 20
-209.0
 30
485.0
 10
-229.94976924149233
 20
-210.97913215470655
 30
485.0
 10
-238.38477631085024
 20
-216.61522368914976
 30
485.0
 10
-244.02086784529345
 20
-225.05023075850767
 30
485.0
 10
-246.0
 20
-235.0
 30
485.0
 10
-244.02086784529345
 20
-244.94976924149233
 30
485.0
 10
-238.38477631085024
 20
-253.38477631085024
 30
485.0
 10
-229.94976924149236
 20
-259.0208678452934
 30
485.0
 10
-220.0
 20
-261.0
 30
485.0
 10
-210.05023075850767
 20
-259.0208678452934
 30
485.0
 10
-201.61522368914976
 20
-253.38477631085024
 30
485.0
 10
-195.97913215470655
 20
-244.94976924149236
 30
485.0
 10
-194.0
 20
-235.0
 30
515.0
 10
-195.97913215470655
 20
-225.05023075850767
 30
515.0
 10
-201.61522368914976
 20
-216.61522368914976
 30
515.0
 10
-210.05023075850767
 20
-210.97913215470655
 30
515.0
 10
-220.0
 20
-209.0
 30
515.0
 10
-229.94976924149233
 20
-210.97913215470655
 30
515.0
 10
-238.38477631085024
 20
-216.61522368914976
 30
515.0
 10
-244.02086784529345
 20
-225.05023075850767
 30
515.0
 10
-246.0
 20
-235.0
 30
515.0
 10
-244.02086784529345
 20
-244.94976924149233
 30
515.0
 10
-238.38477631085024
 20
-253.38477631085024
 30
515.0
 10
-229.94976924149236
 20
-259.0208678452934
 30
515.0
 10
-220.0
 20
-261.0
 30
515.0
 10
-210.05023075850767
 20
-259.0208678452934
 30
515.0
 10
-201.61522368914976
 20
-253.38477631085024
 30
515.0
 10
-195.97913215470655
 20
-244.94976924149236
 30
515.0
 93
208
 90
3
 90
0
 90
3
 90
2
 90
3
 90
1
 90
18
 90
19
 90
4
 90
2
 90
3
 90
19
 90
18
 90
3
 90
0
 90
4
 90
3
 90
3
 90
1
 90
19
 90
20
 90
4
 90
3
 90
4
 90
20
 90
19
 90
3
 90
0
 90
5
 90
4
 90
3
 90
1
 90
20
 90
21
 90
4
 90
4
 90
5
 90
21
 90
20
 90
3
 90
0
 90
6
 90
5
 90
3
 90
1
 90
21
 90
22
 90
4
 90
5
 90
6
 90
22
 90
21
 90
3
 90
0
 90
7
 90
6
 90
3
 90
1
 90
22
 90
23
 90
4
 90
6
 90
7
 90
23
 90
22
 90
3
 90
0
 90
8
 90
7
 90
3
 90
1
 90
23
 90
24
 90
4
 90
7
 90
8
 90
24
 90
23
 90
3
 90
0
 90
9
 90
8
 90
3
 90
1
 90
24
 90
25
 90
4
 90
8
 90
9
 90
25
 90
24
 90
3
 90
0
 90
10
 90
9
 90
3
 90
1
 90
25
 90
26
 90
4
 90
9
 90
10
 90
26
 90
25
 90
3
 90
0
 90
11
 90
10
 90
3
 90
1
 90
26
 90
27
 90
4
 90
10
 90
11
 90
27
 90
26
 90
3
 90
0
 90
12
 90
11
 90
3
 90
1
 90
27
 90
28
 90
4
 90
11
 90
12
 90
28
 90
27
 90
3
 90
0
 90
13
 90
12
 90
3
 90
1
 90
28
 90
29
 90
4
 90
12
 90
13
 90
29
 90
28
 90
3
 90
0
 90
14
 90
13
 90
3
 90
1
 90
29
 90
30
 90
4
 90
13
 90
14
 90
30
 90
29
 90
3
 90
0
 90
15
 90
14
 90
3
 90
1
 90
30
 90
31
 90
4
 90
14
 90
15
 90
31
 90
30
 90
3
 90
0
 90
16
 90
15
 90
3
 90
1
 90
31
 90
32
 90
4
 90
15
 90
16
 90
32
 90
31
 90
3
 90
0
 90
17
 90
16
 90
3
 90
1
 90
32
 90
33
 90
4
 90
16
 90
17
 90
33
 90
32
 90
3
 90
0
 90
2
 90
17
 90
3
 90
1
 90
33
 90
18
 90
4
 90
17
 90
2
 90
18
 90
33
 94
0
 95
0
 90
0
  0
MESH
  5
67
330
17
100
AcDbEntity
  8
CHASSIS
100
AcDbSubDMesh
 71
2
 72
0
 91
0
 92
34
 10
-220.0
 20
-235.0
 30
245.0
 10
-220.0
 20
-235.0
 30
275.0
 10
-194.0
 20
-235.0
 30
245.0
 10
-195.97913215470655
 20
-225.05023075850767
 30
245.0
 10
-201.61522368914976
 20
-216.61522368914976
 30
245.0
 10
-210.05023075850767
 20
-210.97913215470655
 30
245.0
 10
-220.0
 20
-209.0
 30
245.0
 10
-229.94976924149233
 20
-210.97913215470655
 30
245.0
 10
-238.38477631085024
 20
-216.61522368914976
 30
245.0
 10
-244.02086784529345
 20
-225.05023075850767
 30
245.0
 10
-246.0
 20
-235.0
 30
245.0
 10
-244.02086784529345
 20
-244.94976924149233
 30
245.0
 10
-238.38477631085024
 20
-253.38477631085024
 30
245.0
 10
-229.94976924149236
 20
-259.0208678452934
 30
245.0
 10
-220.0
 20
-261.0
 30
245.0
 10
-210.05023075850767
 20
-259.0208678452934
 30
245.0
 10
-201.61522368914976
 20
-253.38477631085024
 30
245.0
 10
-195.97913215470655
 20
-244.94976924149236
 30
245.0
 10
-194.0
 20
-235.0
 30
275.0
 10
-195.97913215470655
 20
-225.05023075850767
 30
275.0
 10
-201.61522368914976
 20
-216.61522368914976
 30
275.0
 10
-210.05023075850767
 20
-210.97913215470655
 30
275.0
 10
-220.0
 20
-209.0
 30
275.0
 10
-229.94976924149233
 20
-210.97913215470655
 30
275.0
 10
-238.38477631085024
 20
-216.61522368914976
 30
275.0
 10
-244.02086784529345
 20
-225.05023075850767
 30
275.0
 10
-246.0
 20
-235.0
 30
275.0
 10
-244.02086784529345
 20
-244.94976924149233
 30
275.0
 10
-238.38477631085024
 20
-253.38477631085024
 30
275.0
 10
-229.94976924149236
 20
-259.0208678452934
 30
275.0
 10
-220.0
 20
-261.0
 30
275.0
 10
-210.05023075850767
 20
-259.0208678452934
 30
275.0
 10
-201.61522368914976
 20
-253.38477631085024
 30
275.0
 10
-195.97913215470655
 20
-244.94976924149236
 30
275.0
 93
208
 90
3
 90
0
 90
3
 90
2
 90
3
 90
1
 90
18
 90
19
 90
4
 90
2
 90
3
 90
19
 90
18
 90
3
 90
0
 90
4
 90
3
 90
3
 90
1
 90
19
 90
20
 90
4
 90
3
 90
4
 90
20
 90
19
 90
3
 90
0
 90
5
 90
4
 90
3
 90
1
 90
20
 90
21
 90
4
 90
4
 90
5
 90
21
 90
20
 90
3
 90
0
 90
6
 90
5
 90
3
 90
1
 90
21
 90
22
 90
4
 90
5
 90
6
 90
22
 90
21
 90
3
 90
0
 90
7
 90
6
 90
3
 90
1
 90
22
 90
23
 90
4
 90
6
 90
7
 90
23
 90
22
 90
3
 90
0
 90
8
 90
7
 90
3
 90
1
 90
23
 90
24
 90
4
 90
7
 90
8
 90
24
 90
23
 90
3
 90
0
 90
9
 90
8
 90
3
 90
1
 90
24
 90
25
 90
4
 90
8
 90
9
 90
25
 90
24
 90
3
 90
0
 90
10
 90
9
 90
3
 90
1
 90
25
 90
26
 90
4
 90
9
 90
10
 90
26
 90
25
 90
3
 90
0
 90
11
 90
10
 90
3
 90
1
 90
26
 90
27
 90
4
 90
10
 90
11
 90
27
 90
26
 90
3
 90
0
 90
12
 90
11
 90
3
 90
1
 90
27
 90
28
 90
4
 90
11
 90
12
 90
28
 90
27
 90
3
 90
0
 90
13
 90
12
 90
3
 90
1
 90
28
 90
29
 90
4
 90
12
 90
13
 90
29
 90
28
 90
3
 90
0
 90
14
 90
13
 90
3
 90
1
 90
29
 90
30
 90
4
 90
13
 90
14
 90
30
 90
29
 90
3
 90
0
 90
15
 90
14
 90
3
 90
1
 90
30
 90
31
 90
4
 90
14
 90
15
 90
31
 90
30
 90
3
 90
0
 90
16
 90
15
 90
3
 90
1
 90
31
 90
32
 90
4
 90
15
 90
16
 90
32
 90
31
 90
3
 90
0
 90
17
 90
16
 90
3
 90
1
 90
32
 90
33
 90
4
 90
16
 90
17
 90
33
 90
32
 90
3
 90
0
 90
2
 90
17
 90
3
 90
1
 90
33
 90
18
 90
4
 90
17
 90
2
 90
18
 90
33
 94
0
 95
0
 90
0
  0
MESH
  5
68
330
17
100
AcDbEntity
  8
SAFETY
100
AcDbSubDMesh
 71
2
 72
0
 91
0
 92
678
 10
-193.5
 20
-235.0
 30
270.0
 10
-195.75
 20
-235.0
 30
273.89711431702995
 10
-200.25
 20
-235.0
 30
273.89711431702995
 10
-202.5
 20
-235.0
 30
270.0
 10
-200.25
 20
-235.0
 30
266.10288568297005
 10
-195.75
 20
-235.0
 30
266.10288568297005
 10
-195.5171923884509
 20
-224.85888904232513
 30
271.9642857142857
 10
-197.5959213366013
 20
-225.71992676514657
 30
275.86140003131567
 10
-201.7533792329021
 20
-227.4420022107895
 30
275.8614000313157
 10
-203.8321081810525
 20
-228.30303993361093
 30
271.9642857142857
 10
-201.7533792329021
 20
-227.4420022107895
 30
268.0671713972558
 10
-197.5959213366013
 20
-225.71992676514657
 30
268.0671713972558
 10
-201.26167029855648
 20
-216.26167029855648
 30
273.92857142857144
 10
-202.8526605562262
 20
-217.8526605562262
 30
277.8256857456014
 10
-206.0346410715657
 20
-221.0346410715657
 30
277.8256857456014
 10
-207.6256313292354
 20
-222.6256313292354
 30
273.92857142857144
 10
-206.0346410715657
 20
-221.0346410715657
 30
270.0314571115415
 10
-202.8526605562262
 20
-217.8526605562262
 30
270.0314571115415
 10
-209.85888904232513
 20
-210.5171923884509
 30
275.89285714285717
 10
-210.71992676514657
 20
-212.5959213366013
 30
279.7899714598871
 10
-212.4420022107895
 20
-216.7533792329021
 30
279.78997145988717
 10
-213.30303993361093
 20
-218.8321081810525
 30
275.89285714285717
 10
-212.4420022107895
 20
-216.7533792329021
 30
271.9957428258272
 10
-210.71992676514657
 20
-212.5959213366013
 30
271.9957428258272
 10
-220.0
 20
-208.5
 30
277.85714285714283
 10
-220.0
 20
-210.75
 30
281.7542571741728
 10
-220.0
 20
-215.25
 30
281.75425717417284
 10
-220.0
 20
-217.5
 30
277.85714285714283
 10
-220.0
 20
-215.25
 30
273.9600285401129
 10
-220.0
 20
-210.75
 30
273.9600285401129
 10
-230.14111095767487
 20
-210.5171923884509
 30
279.82142857142856
 10
-229.28007323485343
 20
-212.5959213366013
 30
283.7185428884585
 10
-227.5579977892105
 20
-216.7533792329021
 30
283.7185428884585
 10
-226.69696006638907
 20
-218.8321081810525
 30
279.82142857142856
 10
-227.5579977892105
 20
-216.7533792329021
 30
275.9243142543986
 10
-229.28007323485343
 20
-212.5959213366013
 30
275.9243142543986
 10
-238.73832970144352
 20
-216.26167029855648
 30
281.7857142857143
 10
-237.1473394437738
 20
-217.8526605562262
 30
285.6828286027442
 10
-233.9653589284343
 20
-221.0346410715657
 30
285.6828286027443
 10
-232.3743686707646
 20
-222.6256313292354
 30
281.7857142857143
 10
-233.9653589284343
 20
-221.0346410715657
 30
277.88859996868433
 10
-237.1473394437738
 20
-217.8526605562262
 30
277.88859996868433
 10
-244.4828076115491
 20
-224.85888904232513
 30
283.75
 10
-242.4040786633987
 20
-225.71992676514657
 30
287.64711431702995
 10
-238.2466207670979
 20
-227.4420022107895
 30
287.64711431702995
 10
-236.1678918189475
 20
-228.30303993361093
 30
283.75
 10
-238.2466207670979
 20
-227.4420022107895
 30
279.85288568297005
 10
-242.4040786633987
 20
-225.71992676514657
 30
279.85288568297005
 10
-246.5
 20
-235.0
 30
285.7142857142857
 10
-244.25
 20
-235.0
 30
289.61140003131567
 10
-239.75
 20
-235.0
 30
289.6114000313157
 10
-237.5
 20
-235.0
 30
285.7142857142857
 10
-239.75
 20
-235.0
 30
281.8171713972558
 10
-244.25
 20
-235.0
 30
281.8171713972558
 10
-244.4828076115491
 20
-245.14111095767487
 30
287.67857142857144
 10
-242.4040786633987
 20
-244.28007323485343
 30
291.5756857456014
 10
-238.2466207670979
 20
-242.5579977892105
 30
291.5756857456014
 10
-236.1678918189475
 20
-241.69696006638907
 30
287.67857142857144
 10
-238.2466207670979
 20
-242.5579977892105
 30
283.7814571115415
 10
-242.4040786633987
 20
-244.28007323485343
 30
283.7814571115415
 10
-238.73832970144352
 20
-253.73832970144352
 30
289.64285714285717
 10
-237.1473394437738
 20
-252.1473394437738
 30
293.5399714598871
 10
-233.9653589284343
 20
-248.9653589284343
 30
293.53997145988717
 10
-232.3743686707646
 20
-247.3743686707646
 30
289.64285714285717
 10
-233.9653589284343
 20
-248.9653589284343
 30
285.7457428258272
 10
-237.1473394437738
 20
-252.1473394437738
 30
285.7457428258272
 10
-230.1411109576749
 20
-259.4828076115491
 30
291.60714285714283
 10
-229.28007323485346
 20
-257.4040786633987
 30
295.5042571741728
 10
-227.55799778921053
 20
-253.2466207670979
 30
295.50425717417284
 10
-226.6969600663891
 20
-251.1678918189475
 30
291.60714285714283
 10
-227.55799778921053
 20
-253.2466207670979
 30
287.7100285401129
 10
-229.28007323485346
 20
-257.4040786633987
 30
287.7100285401129
 10
-220.0
 20
-261.5
 30
293.57142857142856
 10
-220.0
 20
-259.25
 30
297.4685428884585
 10
-220.0
 20
-254.75
 30
297.4685428884585
 10
-220.0
 20
-252.5
 30
293.57142857142856
 10
-220.0
 20
-254.75
 30
289.6743142543986
 10
-220.0
 20
-259.25
 30
289.6743142543986
 10
-209.85888904232513
 20
-259.4828076115491
 30
295.5357142857143
 10
-210.71992676514657
 20
-257.4040786633987
 30
299.4328286027442
 10
-212.4420022107895
 20
-253.2466207670979
 30
299.4328286027443
 10
-213.30303993361093
 20
-251.1678918189475
 30
295.5357142857143
 10
-212.4420022107895
 20
-253.2466207670979
 30
291.63859996868433
 10
-210.71992676514657
 20
-257.4040786633987
 30
291.63859996868433
 10
-201.2616702985565
 20
-253.73832970144352
 30
297.5
 10
-202.85266055622623
 20
-252.1473394437738
 30
301.39711431702995
 10
-206.03464107156572
 20
-248.9653589284343
 30
301.39711431702995
 10
-207.62563132923543
 20
-247.3743686707646
 30
297.5
 10
-206.03464107156572
 20
-248.9653589284343
 30
293.60288568297005
 10
-202.85266055622623
 20
-252.1473394437738
 30
293.60288568297005
 10
-195.5171923884509
 20
-245.1411109576749
 30
299.4642857142857
 10
-197.5959213366013
 20
-244.28007323485346
 30
303.36140003131567
 10
-201.7533792329021
 20
-242.55799778921053
 30
303.3614000313157
 10
-203.8321081810525
 20
-241.6969600663891
 30
299.4642857142857
 10
-201.7533792329021
 20
-242.55799778921053
 30
295.5671713972558
 10
-197.5959213366013
 20
-244.28007323485346
 30
295.5671713972558
 10
-193.5
 20
-235.0
 30
301.42857142857144
 10
-195.75
 20
-235.0
 30
305.3256857456014
 10
-200.25
 20
-235.0
 30
305.3256857456014
 10
-202.5
 20
-235.0
 30
301.42857142857144
 10
-200.25
 20
-235.0
 30
297.5314571115415
 10
-195.75
 20
-235.0
 30
297.5314571115415
 10
-195.5171923884509
 20
-224.85888904232513
 30
303.3928571428571
 10
-197.5959213366013
 20
-225.71992676514657
 30
307.28997145988706
 10
-201.7533792329021
 20
-227.44200221078947
 30
307.28997145988706
 10
-203.8321081810525
 20
-228.30303993361093
 30
303.3928571428571
 10
-201.7533792329021
 20
-227.4420022107895
 30
299.49574282582716
 10
-197.5959213366013
 20
-225.71992676514657
 30
299.49574282582716
 10
-201.26167029855648
 20
-216.2616702985565
 30
305.3571428571429
 10
-202.8526605562262
 20
-217.85266055622623
 30
309.25425717417284
 10
-206.0346410715657
 20
-221.03464107156572
 30
309.25425717417284
 10
-207.6256313292354
 20
-222.62563132923543
 30
305.3571428571429
 10
-206.0346410715657
 20
-221.03464107156572
 30
301.46002854011294
 10
-202.8526605562262
 20
-217.85266055622623
 30
301.46002854011294
 10
-209.8588890423251
 20
-210.5171923884509
 30
307.32142857142856
 10
-210.71992676514654
 20
-212.5959213366013
 30
311.2185428884585
 10
-212.44200221078947
 20
-216.7533792329021
 30
311.2185428884585
 10
-213.3030399336109
 20
-218.8321081810525
 30
307.32142857142856
 10
-212.44200221078947
 20
-216.7533792329021
 30
303.4243142543986
 10
-210.71992676514654
 20
-212.5959213366013
 30
303.4243142543986
 10
-220.0
 20
-208.5
 30
309.2857142857143
 10
-220.0
 20
-210.75
 30
313.1828286027442
 10
-220.0
 20
-215.25
 30
313.1828286027443
 10
-220.0
 20
-217.5
 30
309.2857142857143
 10
-220.0
 20
-215.25
 30
305.38859996868433
 10
-220.0
 20
-210.75
 30
305.38859996868433
 10
-230.14111095767487
 20
-210.5171923884509
 30
311.25
 10
-229.28007323485343
 20
-212.5959213366013
 30
315.14711431702995
 10
-227.5579977892105
 20
-216.7533792329021
 30
315.14711431702995
 10
-226.69696006638907
 20
-218.8321081810525
 30
311.25
 10
-227.5579977892105
 20
-216.7533792329021
 30
307.35288568297005
 10
-229.28007323485343
 20
-212.5959213366013
 30
307.35288568297005
 10
-238.7383297014435
 20
-216.26167029855648
 30
313.2142857142857
 10
-237.14733944377375
 20
-217.8526605562262
 30
317.11140003131567
 10
-233.9653589284343
 20
-221.0346410715657
 30
317.1114000313157
 10
-232.37436867076457
 20
-222.6256313292354
 30
313.2142857142857
 10
-233.96535892843428
 20
-221.0346410715657
 30
309.3171713972558
 10
-237.14733944377375
 20
-217.8526605562262
 30
309.3171713972558
 10
-244.4828076115491
 20
-224.8588890423251
 30
315.17857142857144
 10
-242.4040786633987
 20
-225.71992676514654
 30
319.0756857456014
 10
-238.2466207670979
 20
-227.44200221078947
 30
319.0756857456014
 10
-236.1678918189475
 20
-228.3030399336109
 30
315.17857142857144
 10
-238.2466207670979
 20
-227.44200221078947
 30
311.2814571115415
 10
-242.4040786633987
 20
-225.71992676514654
 30
311.2814571115415
 10
-246.5
 20
-235.0
 30
317.1428571428571
 10
-244.25
 20
-235.0
 30
321.03997145988706
 10
-239.75
 20
-235.0
 30
321.03997145988706
 10
-237.5
 20
-235.0
 30
317.1428571428571
 10
-239.75
 20
-235.0
 30
313.24574282582716
 10
-244.25
 20
-235.0
 30
313.24574282582716
 10
-244.4828076115491
 20
-245.14111095767487
 30
319.1071428571429
 10
-242.4040786633987
 20
-244.28007323485343
 30
323.00425717417284
 10
-238.2466207670979
 20
-242.5579977892105
 30
323.00425717417284
 10
-236.1678918189475
 20
-241.69696006638907
 30
319.1071428571429
 10
-238.2466207670979
 20
-242.5579977892105
 30
315.21002854011294
 10
-242.4040786633987
 20
-244.28007323485343
 30
315.21002854011294
 10
-238.7383297014435
 20
-253.73832970144352
 30
321.07142857142856
 10
-237.14733944377377
 20
-252.1473394437738
 30
324.9685428884585
 10
-233.9653589284343
 20
-248.9653589284343
 30
324.9685428884585
 10
-232.37436867076457
 20
-247.3743686707646
 30
321.07142857142856
 10
-233.96535892843428
 20
-248.9653589284343
 30
317.1743142543986
 10
-237.14733944377377
 20
-252.1473394437738
 30
317.1743142543986
 10
-230.1411109576749
 20
-259.4828076115491
 30
323.0357142857143
 10
-229.28007323485346
 20
-257.4040786633987
 30
326.9328286027442
 10
-227.55799778921053
 20
-253.2466207670979
 30
326.9328286027443
 10
-226.6969600663891
 20
-251.1678918189475
 30
323.0357142857143
 10
-227.55799778921053
 20
-253.2466207670979
 30
319.13859996868433
 10
-229.28007323485346
 20
-257.4040786633987
 30
319.13859996868433
 10
-220.0
 20
-261.5
 30
325.0
 10
-220.0
 20
-259.25
 30
328.89711431702995
 10
-220.0
 20
-254.75
 30
328.89711431702995
 10
-220.0
 20
-252.5
 30
325.0
 10
-220.0
 20
-254.75
 30
321.10288568297005
 10
-220.0
 20
-259.25
 30
321.10288568297005
 10
-209.8588890423251
 20
-259.4828076115491
 30
326.9642857142857
 10
-210.71992676514654
 20
-257.4040786633987
 30
330.86140003131567
 10
-212.44200221078947
 20
-253.2466207670979
 30
330.8614000313157
 10
-213.3030399336109
 20
-251.1678918189475
 30
326.9642857142857
 10
-212.44200221078947
 20
-253.2466207670979
 30
323.0671713972558
 10
-210.71992676514654
 20
-257.4040786633987
 30
323.0671713972558
 10
-201.2616702985565
 20
-253.73832970144352
 30
328.92857142857144
 10
-202.85266055622625
 20
-252.1473394437738
 30
332.8256857456014
 10
-206.0346410715657
 20
-248.9653589284343
 30
332.8256857456014
 10
-207.62563132923543
 20
-247.3743686707646
 30
328.92857142857144
 10
-206.03464107156572
 20
-248.9653589284343
 30
325.0314571115415
 10
-202.85266055622625
 20
-252.1473394437738
 30
325.0314571115415
 10
-195.5171923884509
 20
-245.1411109576749
 30
330.89285714285717
 10
-197.5959213366013
 20
-244.28007323485346
 30
334.7899714598871
 10
-201.7533792329021
 20
-242.55799778921053
 30
334.78997145988717
 10
-203.8321081810525
 20
-241.6969600663891
 30
330.89285714285717
 10
-201.7533792329021
 20
-242.55799778921053
 30
326.9957428258272
 10
-197.5959213366013
 20
-244.28007323485346
 30
326.9957428258272
 10
-193.5
 20
-235.0
 30
332.85714285714283
 10
-195.75
 20
-235.0
 30
336.7542571741728
 10
-200.25
 20
-235.0
 30
336.75425717417284
 10
-202.5
 20
-235.0
 30
332.85714285714283
 10
-200.25
 20
-235.0
 30
328.9600285401129
 10
-195.75
 20
-235.0
 30
328.9600285401129
 10
-195.5171923884509
 20
-224.85888904232513
 30
334.82142857142856
 10
-197.5959213366013
 20
-225.71992676514657
 30
338.7185428884585
 10
-201.7533792329021
 20
-227.4420022107895
 30
338.7185428884585
 10
-203.8321081810525
 20
-228.30303993361093
 30
334.82142857142856
 10
-201.7533792329021
 20
-227.4420022107895
 30
330.9243142543986
 10
-197.5959213366013
 20
-225.71992676514657
 30
330.9243142543986
 10
-201.26167029855648
 20
-216.2616702985565
 30
336.7857142857143
 10
-202.8526605562262
 20
-217.85266055622625
 30
340.6828286027442
 10
-206.0346410715657
 20
-221.0346410715657
 30
340.6828286027443
 10
-207.6256313292354
 20
-222.62563132923543
 30
336.7857142857143
 10
-206.0346410715657
 20
-221.03464107156572
 30
332.88859996868433
 10
-202.8526605562262
 20
-217.85266055622625
 30
332.88859996868433
 10
-209.8588890423251
 20
-210.5171923884509
 30
338.75
 10
-210.71992676514654
 20
-212.5959213366013
 30
342.64711431702995
 10
-212.44200221078947
 20
-216.7533792329021
 30
342.64711431702995
 10
-213.3030399336109
 20
-218.8321081810525
 30
338.75
 10
-212.44200221078947
 20
-216.7533792329021
 30
334.85288568297005
 10
-210.71992676514654
 20
-212.5959213366013
 30
334.85288568297005
 10
-220.0
 20
-208.5
 30
340.7142857142857
 10
-220.0
 20
-210.75
 30
344.61140003131567
 10
-220.0
 20
-215.25
 30
344.6114000313157
 10
-220.0
 20
-217.5
 30
340.7142857142857
 10
-220.0
 20
-215.25
 30
336.8171713972558
 10
-220.0
 20
-210.75
 30
336.8171713972558
 10
-230.14111095767487
 20
-210.5171923884509
 30
342.67857142857144
 10
-229.28007323485343
 20
-212.5959213366013
 30
346.5756857456014
 10
-227.5579977892105
 20
-216.7533792329021
 30
346.5756857456014
 10
-226.69696006638907
 20
-218.8321081810525
 30
342.67857142857144
 10
-227.5579977892105
 20
-216.7533792329021
 30
338.7814571115415
 10
-229.28007323485343
 20
-212.5959213366013
 30
338.7814571115415
 10
-238.7383297014435
 20
-216.26167029855648
 30
344.64285714285717
 10
-237.14733944377375
 20
-217.8526605562262
 30
348.5399714598871
 10
-233.9653589284343
 20
-221.0346410715657
 30
348.53997145988717
 10
-232.37436867076457
 20
-222.6256313292354
 30
344.64285714285717
 10
-233.96535892843428
 20
-221.0346410715657
 30
340.7457428258272
 10
-237.14733944377375
 20
-217.8526605562262
 30
340.7457428258272
 10
-244.4828076115491
 20
-224.8588890423251
 30
346.60714285714283
 10
-242.4040786633987
 20
-225.71992676514654
 30
350.5042571741728
 10
-238.2466207670979
 20
-227.44200221078947
 30
350.50425717417284
 10
-236.1678918189475
 20
-228.3030399336109
 30
346.60714285714283
 10
-238.2466207670979
 20
-227.44200221078947
 30
342.7100285401129
 10
-242.4040786633987
 20
-225.71992676514654
 30
342.7100285401129
 10
-246.5
 20
-235.0
 30
348.57142857142856
 10
-244.25
 20
-235.0
 30
352.4685428884585
 10
-239.75
 20
-235.0
 30
352.4685428884585
 10
-237.5
 20
-235.0
 30
348.57142857142856
 10
-239.75
 20
-235.0
 30
344.6743142543986
 10
-244.25
 20
-235.0
 30
344.6743142543986
 10
-244.48280761154913
 20
-245.14111095767484
 30
350.5357142857143
 10
-242.40407866339874
 20
-244.28007323485338
 30
354.4328286027442
 10
-238.24662076709794
 20
-242.5579977892105
 30
354.4328286027443
 10
-236.16789181894754
 20
-241.69696006638904
 30
350.5357142857143
 10
-238.24662076709794
 20
-242.5579977892105
 30
346.63859996868433
 10
-242.40407866339874
 20
-244.28007323485338
 30
346.63859996868433
 10
-238.7383297014435
 20
-253.73832970144352
 30
352.5
 10
-237.14733944377377
 20
-252.1473394437738
 30
356.39711431702995
 10
-233.96535892843428
 20
-248.9653589284343
 30
356.39711431702995
 10
-232.37436867076457
 20
-247.3743686707646
 30
352.5
 10
-233.96535892843428
 20
-248.9653589284343
 30
348.60288568297005
 10
-237.14733944377377
 20
-252.1473394437738
 30
348.60288568297005
 10
-230.1411109576749
 20
-259.4828076115491
 30
354.4642857142857
 10
-229.28007323485346
 20
-257.4040786633987
 30
358.36140003131567
 10
-227.55799778921053
 20
-253.2466207670979
 30
358.3614000313157
 10
-226.6969600663891
 20
-251.1678918189475
 30
354.4642857142857
 10
-227.55799778921053
 20
-253.2466207670979
 30
350.5671713972558
 10
-229.28007323485346
 20
-257.4040786633987
 30
350.5671713972558
 10
-220.00000000000006
 20
-261.5
 30
356.42857142857144
 10
-220.00000000000006
 20
-259.25
 30
360.3256857456014
 10
-220.00000000000006
 20
-254.75
 30
360.3256857456014
 10
-220.00000000000006
 20
-252.5
 30
356.42857142857144
 10
-220.00000000000006
 20
-254.75
 30
352.5314571115415
 10
-220.00000000000006
 20
-259.25
 30
352.5314571115415
 10
-209.85888904232513
 20
-259.4828076115491
 30
358.39285714285717
 10
-210.71992676514657
 20
-257.4040786633987
 30
362.2899714598871
 10
-212.4420022107895
 20
-253.2466207670979
 30
362.28997145988717
 10
-213.30303993361093
 20
-251.1678918189475
 30
358.39285714285717
 10
-212.4420022107895
 20
-253.2466207670979
 30
354.4957428258272
 10
-210.71992676514657
 20
-257.4040786633987
 30
354.4957428258272
 10
-201.2616702985565
 20
-253.73832970144352
 30
360.35714285714283
 10
-202.85266055622625
 20
-252.1473394437738
 30
364.2542571741728
 10
-206.0346410715657
 20
-248.9653589284343
 30
364.25425717417284
 10
-207.62563132923543
 20
-247.3743686707646
 30
360.35714285714283
 10
-206.03464107156572
 20
-248.9653589284343
 30
356.4600285401129
 10
-202.85266055622625
 20
-252.1473394437738
 30
356.4600285401129
 10
-195.5171923884509
 20
-245.14111095767487
 30
362.32142857142856
 10
-197.5959213366013
 20
-244.28007323485343
 30
366.2185428884585
 10
-201.7533792329021
 20
-242.5579977892105
 30
366.2185428884585
 10
-203.8321081810525
 20
-241.69696006638907
 30
362.32142857142856
 10
-201.7533792329021
 20
-242.5579977892105
 30
358.4243142543986
 10
-197.5959213366013
 20
-244.28007323485343
 30
358.4243142543986
 10
-193.5
 20
-235.00000000000003
 30
364.2857142857143
 10
-195.75
 20
-235.00000000000003
 30
368.1828286027442
 10
-200.25
 20
-235.00000000000003
 30
368.1828286027443
 10
-202.5
 20
-235.00000000000003
 30
364.2857142857143
 10
-200.25
 20
-235.00000000000003
 30
360.38859996868433
 10
-195.75
 20
-235.00000000000003
 30
360.38859996868433
 10
-195.51719238845087
 20
-224.85888904232516
 30
366.25
 10
-197.59592133660126
 20
-225.71992676514662
 30
370.14711431702995
 10
-201.75337923290206
 20
-227.4420022107895
 30
370.14711431702995
 10
-203.83210818105246
 20
-228.30303993361096
 30
366.25
 10
-201.75337923290206
 20
-227.4420022107895
 30
362.35288568297005
 10
-197.59592133660126
 20
-225.71992676514662
 30
362.35288568297005
 10
-201.26167029855648
 20
-216.26167029855648
 30
368.2142857142857
 10
-202.8526605562262
 20
-217.8526605562262
 30
372.11140003131567
 10
-206.0346410715657
 20
-221.0346410715657
 30
372.1114000313157
 10
-207.6256313292354
 20
-222.6256313292354
 30
368.2142857142857
 10
-206.0346410715657
 20
-221.0346410715657
 30
364.3171713972558
 10
-202.8526605562262
 20
-217.8526605562262
 30
364.3171713972558
 10
-209.8588890423251
 20
-210.5171923884509
 30
370.17857142857144
 10
-210.71992676514654
 20
-212.5959213366013
 30
374.0756857456014
 10
-212.44200221078947
 20
-216.7533792329021
 30
374.0756857456014
 10
-213.3030399336109
 20
-218.8321081810525
 30
370.17857142857144
 10
-212.44200221078947
 20
-216.7533792329021
 30
366.2814571115415
 10
-210.71992676514654
 20
-212.5959213366013
 30
366.2814571115415
 10
-220.00000000000003
 20
-208.5
 30
372.14285714285717
 10
-220.00000000000003
 20
-210.75
 30
376.0399714598871
 10
-220.00000000000003
 20
-215.25
 30
376.03997145988717
 10
-220.00000000000003
 20
-217.5
 30
372.14285714285717
 10
-220.00000000000003
 20
-215.25
 30
368.2457428258272
 10
-220.00000000000003
 20
-210.75
 30
368.2457428258272
 10
-230.14111095767487
 20
-210.5171923884509
 30
374.10714285714283
 10
-229.28007323485343
 20
-212.5959213366013
 30
378.0042571741728
 10
-227.5579977892105
 20
-216.7533792329021
 30
378.00425717417284
 10
-226.69696006638907
 20
-218.8321081810525
 30
374.10714285714283
 10
-227.5579977892105
 20
-216.7533792329021
 30
370.2100285401129
 10
-229.28007323485343
 20
-212.5959213366013
 30
370.2100285401129
 10
-238.7383297014435
 20
-216.26167029855645
 30
376.07142857142856
 10
-237.14733944377375
 20
-217.85266055622617
 30
379.9685428884585
 10
-233.9653589284343
 20
-221.03464107156566
 30
379.9685428884585
 10
-232.37436867076457
 20
-222.62563132923538
 30
376.07142857142856
 10
-233.96535892843428
 20
-221.03464107156566
 30
372.1743142543986
 10
-237.14733944377375
 20
-217.85266055622617
 30
372.1743142543986
 10
-244.4828076115491
 20
-224.85888904232513
 30
378.0357142857143
 10
-242.4040786633987
 20
-225.71992676514657
 30
381.9328286027442
 10
-238.2466207670979
 20
-227.4420022107895
 30
381.9328286027443
 10
-236.1678918189475
 20
-228.30303993361093
 30
378.0357142857143
 10
-238.2466207670979
 20
-227.4420022107895
 30
374.13859996868433
 10
-242.4040786633987
 20
-225.71992676514657
 30
374.13859996868433
 10
-246.5
 20
-234.99999999999997
 30
380.0
 10
-244.25
 20
-234.99999999999997
 30
383.89711431702995
 10
-239.75
 20
-234.99999999999997
 30
383.89711431702995
 10
-237.5
 20
-234.99999999999997
 30
380.0
 10
-239.75
 20
-234.99999999999997
 30
376.10288568297005
 10
-244.25
 20
-234.99999999999997
 30
376.10288568297005
 10
-244.48280761154913
 20
-245.14111095767484
 30
381.9642857142857
 10
-242.40407866339874
 20
-244.28007323485338
 30
385.86140003131567
 10
-238.24662076709794
 20
-242.5579977892105
 30
385.8614000313157
 10
-236.16789181894754
 20
-241.69696006638904
 30
381.9642857142857
 10
-238.24662076709794
 20
-242.5579977892105
 30
378.0671713972558
 10
-242.40407866339874
 20
-244.28007323485338
 30
378.0671713972558
 10
-238.73832970144346
 20
-253.73832970144358
 30
383.92857142857144
 10
-237.14733944377372
 20
-252.14733944377386
 30
387.8256857456014
 10
-233.96535892843428
 20
-248.96535892843437
 30
387.8256857456014
 10
-232.37436867076454
 20
-247.37436867076465
 30
383.92857142857144
 10
-233.96535892843428
 20
-248.96535892843437
 30
380.0314571115415
 10
-237.14733944377372
 20
-252.14733944377386
 30
380.0314571115415
 10
-230.1411109576749
 20
-259.4828076115491
 30
385.89285714285717
 10
-229.28007323485346
 20
-257.4040786633987
 30
389.7899714598871
 10
-227.55799778921053
 20
-253.2466207670979
 30
389.78997145988717
 10
-226.6969600663891
 20
-251.1678918189475
 30
385.89285714285717
 10
-227.55799778921053
 20
-253.2466207670979
 30
381.9957428258272
 10
-229.28007323485346
 20
-257.4040786633987
 30
381.9957428258272
 10
-220.00000000000006
 20
-261.5
 30
387.85714285714283
 10
-220.00000000000006
 20
-259.25
 30
391.7542571741728
 10
-220.00000000000006
 20
-254.75
 30
391.75425717417284
 10
-220.00000000000006
 20
-252.5
 30
387.85714285714283
 10
-220.00000000000006
 20
-254.75
 30
383.9600285401129
 10
-220.00000000000006
 20
-259.25
 30
383.9600285401129
 10
-209.85888904232522
 20
-259.4828076115491
 30
389.82142857142856
 10
-210.71992676514668
 20
-257.40407866339876
 30
393.7185428884585
 10
-212.44200221078955
 20
-253.24662076709794
 30
393.7185428884585
 10
-213.30303993361102
 20
-251.16789181894754
 30
389.82142857142856
 10
-212.44200221078955
 20
-253.24662076709794
 30
385.9243142543986
 10
-210.71992676514668
 20
-257.40407866339876
 30
385.9243142543986
 10
-201.2616702985565
 20
-253.73832970144355
 30
391.7857142857143
 10
-202.85266055622625
 20
-252.14733944377383
 30
395.6828286027442
 10
-206.0346410715657
 20
-248.96535892843434
 30
395.6828286027443
 10
-207.62563132923543
 20
-247.37436867076462
 30
391.7857142857143
 10
-206.03464107156572
 20
-248.96535892843434
 30
387.88859996868433
 10
-202.85266055622625
 20
-252.14733944377383
 30
387.88859996868433
 10
-195.5171923884509
 20
-245.14111095767487
 30
393.75
 10
-197.5959213366013
 20
-244.28007323485343
 30
397.64711431702995
 10
-201.7533792329021
 20
-242.5579977892105
 30
397.64711431702995
 10
-203.8321081810525
 20
-241.69696006638907
 30
393.75
 10
-201.7533792329021
 20
-242.5579977892105
 30
389.85288568297005
 10
-197.5959213366013
 20
-244.28007323485343
 30
389.85288568297005
 10
-193.5
 20
-235.00000000000003
 30
395.7142857142857
 10
-195.75
 20
-235.00000000000003
 30
399.61140003131567
 10
-200.25
 20
-235.00000000000003
 30
399.6114000313157
 10
-202.5
 20
-235.00000000000003
 30
395.7142857142857
 10
-200.25
 20
-235.00000000000003
 30
391.8171713972558
 10
-195.75
 20
-235.00000000000003
 30
391.8171713972558
 10
-195.5171923884509
 20
-224.8588890423251
 30
397.67857142857144
 10
-197.5959213366013
 20
-225.71992676514654
 30
401.5756857456014
 10
-201.7533792329021
 20
-227.44200221078947
 30
401.5756857456014
 10
-203.8321081810525
 20
-228.3030399336109
 30
397.67857142857144
 10
-201.7533792329021
 20
-227.44200221078947
 30
393.7814571115415
 10
-197.5959213366013
 20
-225.71992676514654
 30
393.7814571115415
 10
-201.26167029855648
 20
-216.26167029855648
 30
399.6428571428571
 10
-202.8526605562262
 20
-217.8526605562262
 30
403.53997145988706
 10
-206.0346410715657
 20
-221.0346410715657
 30
403.53997145988706
 10
-207.6256313292354
 20
-222.6256313292354
 30
399.6428571428571
 10
-206.0346410715657
 20
-221.0346410715657
 30
395.74574282582716
 10
-202.8526605562262
 20
-217.8526605562262
 30
395.74574282582716
 10
-209.8588890423251
 20
-210.5171923884509
 30
401.6071428571429
 10
-210.71992676514654
 20
-212.5959213366013
 30
405.50425717417284
 10
-212.44200221078947
 20
-216.7533792329021
 30
405.50425717417284
 10
-213.3030399336109
 20
-218.8321081810525
 30
401.6071428571429
 10
-212.44200221078947
 20
-216.7533792329021
 30
397.71002854011294
 10
-210.71992676514654
 20
-212.5959213366013
 30
397.71002854011294
 10
-219.99999999999994
 20
-208.5
 30
403.57142857142856
 10
-219.99999999999994
 20
-210.75
 30
407.4685428884585
 10
-219.99999999999994
 20
-215.25
 30
407.4685428884585
 10
-219.99999999999994
 20
-217.5
 30
403.57142857142856
 10
-219.99999999999994
 20
-215.25
 30
399.6743142543986
 10
-219.99999999999994
 20
-210.75
 30
399.6743142543986
 10
-230.14111095767487
 20
-210.5171923884509
 30
405.53571428571433
 10
-229.28007323485343
 20
-212.5959213366013
 30
409.4328286027443
 10
-227.5579977892105
 20
-216.7533792329021
 30
409.4328286027443
 10
-226.69696006638907
 20
-218.8321081810525
 30
405.53571428571433
 10
-227.5579977892105
 20
-216.7533792329021
 30
401.6385999686844
 10
-229.28007323485343
 20
-212.5959213366013
 30
401.6385999686844
 10
-238.73832970144346
 20
-216.26167029855645
 30
407.5
 10
-237.14733944377372
 20
-217.85266055622617
 30
411.39711431702995
 10
-233.96535892843428
 20
-221.03464107156566
 30
411.39711431702995
 10
-232.37436867076454
 20
-222.62563132923538
 30
407.5
 10
-233.96535892843428
 20
-221.03464107156566
 30
403.60288568297005
 10
-237.14733944377372
 20
-217.85266055622617
 30
403.60288568297005
 10
-244.4828076115491
 20
-224.85888904232513
 30
409.46428571428567
 10
-242.4040786633987
 20
-225.71992676514657
 30
413.3614000313156
 10
-238.2466207670979
 20
-227.4420022107895
 30
413.3614000313156
 10
-236.1678918189475
 20
-228.30303993361093
 30
409.46428571428567
 10
-238.2466207670979
 20
-227.4420022107895
 30
405.5671713972557
 10
-242.4040786633987
 20
-225.71992676514657
 30
405.5671713972557
 10
-246.5
 20
-234.99999999999997
 30
411.42857142857144
 10
-244.25
 20
-234.99999999999997
 30
415.3256857456014
 10
-239.75
 20
-234.99999999999997
 30
415.3256857456014
 10
-237.5
 20
-234.99999999999997
 30
411.42857142857144
 10
-239.75
 20
-234.99999999999997
 30
407.5314571115415
 10
-244.25
 20
-234.99999999999997
 30
407.5314571115415
 10
-244.4828076115491
 20
-245.1411109576749
 30
413.3928571428571
 10
-242.4040786633987
 20
-244.28007323485346
 30
417.28997145988706
 10
-238.2466207670979
 20
-242.55799778921053
 30
417.28997145988706
 10
-236.1678918189475
 20
-241.6969600663891
 30
413.3928571428571
 10
-238.2466207670979
 20
-242.55799778921053
 30
409.49574282582716
 10
-242.4040786633987
 20
-244.28007323485346
 30
409.49574282582716
 10
-238.73832970144352
 20
-253.7383297014435
 30
415.3571428571429
 10
-237.1473394437738
 20
-252.14733944377377
 30
419.25425717417284
 10
-233.9653589284343
 20
-248.96535892843428
 30
419.25425717417284
 10
-232.3743686707646
 20
-247.37436867076457
 30
415.3571428571429
 10
-233.9653589284343
 20
-248.96535892843428
 30
411.46002854011294
 10
-237.1473394437738
 20
-252.14733944377377
 30
411.46002854011294
 10
-230.141110957675
 20
-259.48280761154905
 30
417.32142857142856
 10
-229.28007323485355
 20
-257.40407866339865
 30
421.2185428884585
 10
-227.55799778921062
 20
-253.24662076709785
 30
421.2185428884585
 10
-226.69696006638915
 20
-251.16789181894748
 30
417.32142857142856
 10
-227.55799778921062
 20
-253.24662076709785
 30
413.4243142543986
 10
-229.28007323485355
 20
-257.40407866339865
 30
413.4243142543986
 10
-220.00000000000006
 20
-261.5
 30
419.28571428571433
 10
-220.00000000000006
 20
-259.25
 30
423.1828286027443
 10
-220.00000000000006
 20
-254.75
 30
423.1828286027443
 10
-220.00000000000006
 20
-252.5
 30
419.28571428571433
 10
-220.00000000000006
 20
-254.75
 30
415.3885999686844
 10
-220.00000000000006
 20
-259.25
 30
415.3885999686844
 10
-209.85888904232525
 20
-259.4828076115491
 30
421.25
 10
-210.71992676514668
 20
-257.40407866339876
 30
425.14711431702995
 10
-212.44200221078955
 20
-253.24662076709794
 30
425.14711431702995
 10
-213.303039933611
 20
-251.16789181894754
 30
421.25
 10
-212.44200221078955
 20
-253.24662076709794
 30
417.35288568297005
 10
-210.71992676514668
 20
-257.40407866339876
 30
417.35288568297005
 10
-201.26167029855654
 20
-253.73832970144355
 30
423.21428571428567
 10
-202.85266055622628
 20
-252.14733944377383
 30
427.1114000313156
 10
-206.03464107156572
 20
-248.96535892843434
 30
427.1114000313156
 10
-207.62563132923546
 20
-247.37436867076462
 30
423.21428571428567
 10
-206.03464107156572
 20
-248.96535892843434
 30
419.3171713972557
 10
-202.85266055622628
 20
-252.14733944377383
 30
419.3171713972557
 10
-195.5171923884509
 20
-245.14111095767487
 30
425.17857142857144
 10
-197.5959213366013
 20
-244.28007323485343
 30
429.0756857456014
 10
-201.7533792329021
 20
-242.5579977892105
 30
429.0756857456014
 10
-203.8321081810525
 20
-241.69696006638907
 30
425.17857142857144
 10
-201.7533792329021
 20
-242.5579977892105
 30
421.2814571115415
 10
-197.5959213366013
 20
-244.28007323485343
 30
421.2814571115415
 10
-193.5
 20
-235.00000000000003
 30
427.1428571428571
 10
-195.75
 20
-235.00000000000003
 30
431.03997145988706
 10
-200.25
 20
-235.00000000000003
 30
431.03997145988706
 10
-202.5
 20
-235.00000000000003
 30
427.1428571428571
 10
-200.25
 20
-235.00000000000003
 30
423.24574282582716
 10
-195.75
 20
-235.00000000000003
 30
423.24574282582716
 10
-195.51719238845087
 20
-224.8588890423252
 30
429.1071428571429
 10
-197.59592133660126
 20
-225.71992676514665
 30
433.00425717417284
 10
-201.75337923290206
 20
-227.44200221078952
 30
433.00425717417284
 10
-203.83210818105246
 20
-228.303039933611
 30
429.1071428571429
 10
-201.75337923290206
 20
-227.44200221078952
 30
425.21002854011294
 10
-197.59592133660126
 20
-225.71992676514665
 30
425.21002854011294
 10
-201.2616702985564
 20
-216.26167029855654
 30
431.07142857142856
 10
-202.85266055622614
 20
-217.85266055622628
 30
434.9685428884585
 10
-206.03464107156563
 20
-221.03464107156572
 30
434.9685428884585
 10
-207.62563132923538
 20
-222.62563132923546
 30
431.07142857142856
 10
-206.03464107156563
 20
-221.03464107156572
 30
427.1743142543986
 10
-202.85266055622614
 20
-217.85266055622628
 30
427.1743142543986
 10
-209.85888904232516
 20
-210.51719238845087
 30
433.03571428571433
 10
-210.71992676514662
 20
-212.59592133660126
 30
436.9328286027443
 10
-212.4420022107895
 20
-216.75337923290206
 30
436.9328286027443
 10
-213.30303993361096
 20
-218.83210818105246
 30
433.03571428571433
 10
-212.4420022107895
 20
-216.75337923290206
 30
429.1385999686844
 10
-210.71992676514662
 20
-212.59592133660126
 30
429.1385999686844
 10
-220.0
 20
-208.5
 30
435.0
 10
-220.0
 20
-210.75
 30
438.89711431702995
 10
-220.0
 20
-215.25
 30
438.89711431702995
 10
-220.0
 20
-217.5
 30
435.0
 10
-220.0
 20
-215.25
 30
431.10288568297005
 10
-220.0
 20
-210.75
 30
431.10288568297005
 10
-230.14111095767487
 20
-210.5171923884509
 30
436.96428571428567
 10
-229.28007323485343
 20
-212.5959213366013
 30
440.8614000313156
 10
-227.55799778921053
 20
-216.7533792329021
 30
440.8614000313156
 10
-226.69696006638907
 20
-218.8321081810525
 30
436.96428571428567
 10
-227.5579977892105
 20
-216.7533792329021
 30
433.0671713972557
 10
-229.28007323485343
 20
-212.5959213366013
 30
433.0671713972557
 10
-238.73832970144346
 20
-216.26167029855645
 30
438.92857142857144
 10
-237.14733944377372
 20
-217.85266055622617
 30
442.8256857456014
 10
-233.96535892843428
 20
-221.03464107156566
 30
442.8256857456014
 10
-232.37436867076454
 20
-222.62563132923538
 30
438.92857142857144
 10
-233.96535892843428
 20
-221.03464107156566
 30
435.0314571115415
 10
-237.14733944377372
 20
-217.85266055622617
 30
435.0314571115415
 10
-244.48280761154913
 20
-224.8588890423252
 30
440.8928571428571
 10
-242.40407866339874
 20
-225.71992676514665
 30
444.78997145988706
 10
-238.24662076709794
 20
-227.44200221078952
 30
444.78997145988706
 10
-236.16789181894754
 20
-228.303039933611
 30
440.8928571428571
 10
-238.24662076709794
 20
-227.44200221078952
 30
436.99574282582716
 10
-242.40407866339874
 20
-225.71992676514665
 30
436.99574282582716
 10
-246.5
 20
-234.99999999999986
 30
442.8571428571429
 10
-244.25
 20
-234.9999999999999
 30
446.75425717417284
 10
-239.75
 20
-234.9999999999999
 30
446.75425717417284
 10
-237.5
 20
-234.99999999999991
 30
442.8571428571429
 10
-239.75
 20
-234.9999999999999
 30
438.96002854011294
 10
-244.25
 20
-234.9999999999999
 30
438.96002854011294
 10
-244.48280761154916
 20
-245.14111095767473
 30
444.82142857142856
 10
-242.40407866339876
 20
-244.2800732348533
 30
448.7185428884585
 10
-238.24662076709797
 20
-242.55799778921042
 30
448.7185428884585
 10
-236.16789181894757
 20
-241.69696006638898
 30
444.82142857142856
 10
-238.24662076709797
 20
-242.55799778921042
 30
440.9243142543986
 10
-242.40407866339876
 20
-244.2800732348533
 30
440.9243142543986
 10
-238.73832970144352
 20
-253.7383297014435
 30
446.78571428571433
 10
-237.1473394437738
 20
-252.14733944377377
 30
450.6828286027443
 10
-233.9653589284343
 20
-248.9653589284343
 30
450.6828286027443
 10
-232.3743686707646
 20
-247.37436867076457
 30
446.78571428571433
 10
-233.9653589284343
 20
-248.96535892843428
 30
442.8885999686844
 10
-237.1473394437738
 20
-252.14733944377377
 30
442.8885999686844
 10
-230.14111095767475
 20
-259.48280761154916
 30
448.75
 10
-229.28007323485332
 20
-257.40407866339876
 30
452.64711431702995
 10
-227.55799778921045
 20
-253.24662076709797
 30
452.64711431702995
 10
-226.696960066389
 20
-251.16789181894757
 30
448.75
 10
-227.55799778921045
 20
-253.24662076709797
 30
444.85288568297005
 10
-229.28007323485332
 20
-257.40407866339876
 30
444.85288568297005
 10
-220.00000000000009
 20
-261.5
 30
450.71428571428567
 10
-220.00000000000006
 20
-259.25
 30
454.6114000313156
 10
-220.00000000000006
 20
-254.75
 30
454.6114000313156
 10
-220.00000000000003
 20
-252.5
 30
450.71428571428567
 10
-220.00000000000006
 20
-254.75
 30
446.8171713972557
 10
-220.00000000000006
 20
-259.25
 30
446.8171713972557
 10
-209.85888904232507
 20
-259.48280761154905
 30
452.67857142857144
 10
-210.7199267651465
 20
-257.40407866339865
 30
456.5756857456014
 10
-212.44200221078944
 20
-253.24662076709788
 30
456.5756857456014
 10
-213.30303993361088
 20
-251.16789181894748
 30
452.67857142857144
 10
-212.44200221078944
 20
-253.24662076709788
 30
448.7814571115415
 10
-210.7199267651465
 20
-257.40407866339865
 30
448.7814571115415
 10
-201.26167029855648
 20
-253.7383297014435
 30
454.6428571428571
 10
-202.8526605562262
 20
-252.14733944377375
 30
458.53997145988706
 10
-206.0346410715657
 20
-248.9653589284343
 30
458.53997145988706
 10
-207.6256313292354
 20
-247.37436867076457
 30
454.6428571428571
 10
-206.0346410715657
 20
-248.96535892843428
 30
450.74574282582716
 10
-202.8526605562262
 20
-252.14733944377375
 30
450.74574282582716
 10
-195.51719238845098
 20
-245.14111095767504
 30
456.6071428571429
 10
-197.59592133660135
 20
-244.28007323485357
 30
460.50425717417284
 10
-201.75337923290215
 20
-242.55799778921065
 30
460.50425717417284
 10
-203.83210818105252
 20
-241.69696006638918
 30
456.6071428571429
 10
-201.75337923290215
 20
-242.55799778921065
 30
452.71002854011294
 10
-197.59592133660135
 20
-244.28007323485357
 30
452.71002854011294
 10
-193.5
 20
-235.00000000000003
 30
458.57142857142856
 10
-195.75
 20
-235.00000000000003
 30
462.4685428884585
 10
-200.25
 20
-235.00000000000003
 30
462.4685428884585
 10
-202.5
 20
-235.00000000000003
 30
458.57142857142856
 10
-200.25
 20
-235.00000000000003
 30
454.6743142543986
 10
-195.75
 20
-235.00000000000003
 30
454.6743142543986
 10
-195.51719238845095
 20
-224.85888904232502
 30
460.53571428571433
 10
-197.59592133660132
 20
-225.71992676514648
 30
464.4328286027443
 10
-201.75337923290212
 20
-227.4420022107894
 30
464.4328286027443
 10
-203.8321081810525
 20
-228.30303993361088
 30
460.53571428571433
 10
-201.75337923290212
 20
-227.4420022107894
 30
456.6385999686844
 10
-197.59592133660132
 20
-225.71992676514648
 30
456.6385999686844
 10
-201.2616702985564
 20
-216.26167029855657
 30
462.5
 10
-202.85266055622614
 20
-217.8526605562263
 30
466.39711431702995
 10
-206.03464107156563
 20
-221.03464107156574
 30
466.39711431702995
 10
-207.62563132923538
 20
-222.6256313292355
 30
462.5
 10
-206.03464107156563
 20
-221.03464107156574
 30
458.60288568297005
 10
-202.85266055622614
 20
-217.8526605562263
 30
458.60288568297005
 10
-209.858889042325
 20
-210.51719238845098
 30
464.46428571428567
 10
-210.71992676514645
 20
-212.59592133660135
 30
468.3614000313156
 10
-212.44200221078938
 20
-216.75337923290215
 30
468.3614000313156
 10
-213.30303993361085
 20
-218.83210818105252
 30
464.46428571428567
 10
-212.44200221078938
 20
-216.75337923290215
 30
460.5671713972557
 10
-210.71992676514645
 20
-212.59592133660135
 30
460.5671713972557
 10
-220.0
 20
-208.5
 30
466.42857142857144
 10
-220.0
 20
-210.75
 30
470.3256857456014
 10
-220.0
 20
-215.25
 30
470.3256857456014
 10
-220.0
 20
-217.5
 30
466.42857142857144
 10
-220.0
 20
-215.25
 30
462.5314571115415
 10
-220.0
 20
-210.75
 30
462.5314571115415
 10
-230.14111095767484
 20
-210.5171923884509
 30
468.3928571428571
 10
-229.28007323485338
 20
-212.5959213366013
 30
472.28997145988706
 10
-227.5579977892105
 20
-216.7533792329021
 30
472.28997145988706
 10
-226.69696006638904
 20
-218.8321081810525
 30
468.3928571428571
 10
-227.55799778921048
 20
-216.7533792329021
 30
464.49574282582716
 10
-229.28007323485338
 20
-212.5959213366013
 30
464.49574282582716
 10
-238.73832970144346
 20
-216.26167029855645
 30
470.3571428571429
 10
-237.14733944377372
 20
-217.85266055622617
 30
474.25425717417284
 10
-233.96535892843428
 20
-221.03464107156566
 30
474.25425717417284
 10
-232.37436867076454
 20
-222.62563132923538
 30
470.3571428571429
 10
-233.96535892843428
 20
-221.03464107156566
 30
466.46002854011294
 10
-237.14733944377372
 20
-217.85266055622617
 30
466.46002854011294
 10
-244.48280761154905
 20
-224.85888904232502
 30
472.32142857142856
 10
-242.40407866339868
 20
-225.71992676514648
 30
476.2185428884585
 10
-238.24662076709788
 20
-227.4420022107894
 30
476.2185428884585
 10
-236.1678918189475
 20
-228.30303993361088
 30
472.32142857142856
 10
-238.24662076709788
 20
-227.4420022107894
 30
468.4243142543986
 10
-242.40407866339868
 20
-225.71992676514648
 30
468.4243142543986
 10
-246.5
 20
-235.00000000000006
 30
474.28571428571433
 10
-244.25
 20
-235.00000000000006
 30
478.1828286027443
 10
-239.75
 20
-235.00000000000006
 30
478.1828286027443
 10
-237.5
 20
-235.00000000000006
 30
474.28571428571433
 10
-239.75
 20
-235.00000000000006
 30
470.3885999686844
 10
-244.25
 20
-235.00000000000006
 30
470.3885999686844
 10
-244.48280761154916
 20
-245.14111095767473
 30
476.25
 10
-242.40407866339876
 20
-244.2800732348533
 30
480.14711431702995
 10
-238.24662076709797
 20
-242.55799778921042
 30
480.14711431702995
 10
-236.16789181894757
 20
-241.69696006638898
 30
476.25
 10
-238.24662076709797
 20
-242.55799778921042
 30
472.35288568297005
 10
-242.40407866339876
 20
-244.2800732348533
 30
472.35288568297005
 10
-238.73832970144352
 20
-253.7383297014435
 30
478.21428571428567
 10
-237.1473394437738
 20
-252.14733944377377
 30
482.1114000313156
 10
-233.9653589284343
 20
-248.9653589284343
 30
482.1114000313156
 10
-232.3743686707646
 20
-247.37436867076457
 30
478.21428571428567
 10
-233.9653589284343
 20
-248.96535892843428
 30
474.3171713972557
 10
-237.1473394437738
 20
-252.14733944377377
 30
474.3171713972557
 10
-230.14111095767493
 20
-259.48280761154905
 30
480.17857142857144
 10
-229.2800732348535
 20
-257.40407866339865
 30
484.0756857456014
 10
-227.55799778921056
 20
-253.24662076709788
 30
484.0756857456014
 10
-226.69696006638912
 20
-251.16789181894748
 30
480.17857142857144
 10
-227.55799778921056
 20
-253.24662076709788
 30
476.2814571115415
 10
-229.2800732348535
 20
-257.40407866339865
 30
476.2814571115415
 10
-220.0000000000001
 20
-261.5
 30
482.1428571428571
 10
-220.00000000000009
 20
-259.25
 30
486.03997145988706
 10
-220.00000000000009
 20
-254.75
 30
486.03997145988706
 10
-220.00000000000006
 20
-252.5
 30
482.1428571428571
 10
-220.00000000000009
 20
-254.75
 30
478.24574282582716
 10
-220.00000000000009
 20
-259.25
 30
478.24574282582716
 10
-209.85888904232525
 20
-259.48280761154916
 30
484.1071428571429
 10
-210.71992676514668
 20
-257.40407866339876
 30
488.00425717417284
 10
-212.44200221078955
 20
-253.24662076709797
 30
488.00425717417284
 10
-213.303039933611
 20
-251.16789181894757
 30
484.1071428571429
 10
-212.44200221078955
 20
-253.24662076709797
 30
480.21002854011294
 10
-210.71992676514668
 20
-257.40407866339876
 30
480.21002854011294
 10
-201.26167029855648
 20
-253.7383297014435
 30
486.07142857142856
 10
-202.8526605562262
 20
-252.14733944377377
 30
489.9685428884585
 10
-206.0346410715657
 20
-248.9653589284343
 30
489.9685428884585
 10
-207.6256313292354
 20
-247.37436867076457
 30
486.07142857142856
 10
-206.0346410715657
 20
-248.96535892843428
 30
482.1743142543986
 10
-202.8526605562262
 20
-252.14733944377377
 30
482.1743142543986
 10
-195.5171923884509
 20
-245.1411109576749
 30
488.03571428571433
 10
-197.5959213366013
 20
-244.28007323485346
 30
491.9328286027443
 10
-201.7533792329021
 20
-242.55799778921053
 30
491.9328286027443
 10
-203.8321081810525
 20
-241.6969600663891
 30
488.03571428571433
 10
-201.7533792329021
 20
-242.55799778921053
 30
484.1385999686844
 10
-197.5959213366013
 20
-244.28007323485346
 30
484.1385999686844
 10
-193.5
 20
-235.00000000000003
 30
490.0
 10
-195.75
 20
-235.00000000000003
 30
493.89711431702995
 10
-200.25
 20
-235.00000000000003
 30
493.89711431702995
 10
-202.5
 20
-235.00000000000003
 30
490.0
 10
-200.25
 20
-235.00000000000003
 30
486.10288568297005
 10
-195.75
 20
-235.00000000000003
 30
486.10288568297005
 93
3360
 90
4
 90
0
 90
1
 90
7
 90
6
 90
4
 90
1
 90
2
 90
8
 90
7
 90
4
 90
2
 90
3
 90
9
 90
8
 90
4
 90
3
 90
4
 90
10
 90
9
 90
4
 90
4
 90
5
 90
11
 90
10
 90
4
 90
5
 90
0
 90
6
 90
11
 90
4
 90
6
 90
7
 90
13
 90
12
 90
4
 90
7
 90
8
 90
14
 90
13
 90
4
 90
8
 90
9
 90
15
 90
14
 90
4
 90
9
 90
10
 90
16
 90
15
 90
4
 90
10
 90
11
 90
17
 90
16
 90
4
 90
11
 90
6
 90
12
 90
17
 90
4
 90
12
 90
13
 90
19
 90
18
 90
4
 90
13
 90
14
 90
20
 90
19
 90
4
 90
14
 90
15
 90
21
 90
20
 90
4
 90
15
 90
16
 90
22
 90
21
 90
4
 90
16
 90
17
 90
23
 90
22
 90
4
 90
17
 90
12
 90
18
 90
23
 90
4
 90
18
 90
19
 90
25
 90
24
 90
4
 90
19
 90
20
 90
26
 90
25
 90
4
 90
20
 90
21
 90
27
 90
26
 90
4
 90
21
 90
22
 90
28
 90
27
 90
4
 90
22
 90
23
 90
29
 90
28
 90
4
 90
23
 90
18
 90
24
 90
29
 90
4
 90
24
 90
25
 90
31
 90
30
 90
4
 90
25
 90
26
 90
32
 90
31
 90
4
 90
26
 90
27
 90
33
 90
32
 90
4
 90
27
 90
28
 90
34
 90
33
 90
4
 90
28
 90
29
 90
35
 90
34
 90
4
 90
29
 90
24
 90
30
 90
35
 90
4
 90
30
 90
31
 90
37
 90
36
 90
4
 90
31
 90
32
 90
38
 90
37
 90
4
 90
32
 90
33
 90
39
 90
38
 90
4
 90
33
 90
34
 90
40
 90
39
 90
4
 90
34
 90
35
 90
41
 90
40
 90
4
 90
35
 90
30
 90
36
 90
41
 90
4
 90
36
 90
37
 90
43
 90
42
 90
4
 90
37
 90
38
 90
44
 90
43
 90
4
 90
38
 90
39
 90
45
 90
44
 90
4
 90
39
 90
40
 90
46
 90
45
 90
4
 90
40
 90
41
 90
47
 90
46
 90
4
 90
41
 90
36
 90
42
 90
47
 90
4
 90
42
 90
43
 90
49
 90
48
 90
4
 90
43
 90
44
 90
50
 90
49
 90
4
 90
44
 90
45
 90
51
 90
50
 90
4
 90
45
 90
46
 90
52
 90
51
 90
4
 90
46
 90
47
 90
53
 90
52
 90
4
 90
47
 90
42
 90
48
 90
53
 90
4
 90
48
 90
49
 90
55
 90
54
 90
4
 90
49
 90
50
 90
56
 90
55
 90
4
 90
50
 90
51
 90
57
 90
56
 90
4
 90
51
 90
52
 90
58
 90
57
 90
4
 90
52
 90
53
 90
59
 90
58
 90
4
 90
53
 90
48
 90
54
 90
59
 90
4
 90
54
 90
55
 90
61
 90
60
 90
4
 90
55
 90
56
 90
62
 90
61
 90
4
 90
56
 90
57
 90
63
 90
62
 90
4
 90
57
 90
58
 90
64
 90
63
 90
4
 90
58
 90
59
 90
65
 90
64
 90
4
 90
59
 90
54
 90
60
 90
65
 90
4
 90
60
 90
61
 90
67
 90
66
 90
4
 90
61
 90
62
 90
68
 90
67
 90
4
 90
62
 90
63
 90
69
 90
68
 90
4
 90
63
 90
64
 90
70
 90
69
 90
4
 90
64
 90
65
 90
71
 90
70
 90
4
 90
65
 90
60
 90
66
 90
71
 90
4
 90
66
 90
67
 90
73
 90
72
 90
4
 90
67
 90
68
 90
74
 90
73
 90
4
 90
68
 90
69
 90
75
 90
74
 90
4
 90
69
 90
70
 90
76
 90
75
 90
4
 90
70
 90
71
 90
77
 90
76
 90
4
 90
71
 90
66
 90
72
 90
77
 90
4
 90
72
 90
73
 90
79
 90
78
 90
4
 90
73
 90
74
 90
80
 90
79
 90
4
 90
74
 90
75
 90
81
 90
80
 90
4
 90
75
 90
76
 90
82
 90
81
 90
4
 90
76
 90
77
 90
83
 90
82
 90
4
 90
77
 90
72
 90
78
 90
83
 90
4
 90
78
 90
79
 90
85
 90
84
 90
4
 90
79
 90
80
 90
86
 90
85
 90
4
 90
80
 90
81
 90
87
 90
86
 90
4
 90
81
 90
82
 90
88
 90
87
 90
4
 90
82
 90
83
 90
89
 90
88
 90
4
 90
83
 90
78
 90
84
 90
89
 90
4
 90
84
 90
85
 90
91
 90
90
 90
4
 90
85
 90
86
 90
92
 90
91
 90
4
 90
86
 90
87
 90
93
 90
92
 90
4
 90
87
 90
88
 90
94
 90
93
 90
4
 90
88
 90
89
 90
95
 90
94
 90
4
 90
89
 90
84
 90
90
 90
95
 90
4
 90
90
 90
91
 90
97
 90
96
 90
4
 90
91
 90
92
 90
98
 90
97
 90
4
 90
92
 90
93
 90
99
 90
98
 90
4
 90
93
 90
94
 90
100
 90
99
 90
4
 90
94
 90
95
 90
101
 90
100
 90
4
 90
95
 90
90
 90
96
 90
101
 90
4
 90
96
 90
97
 90
103
 90
102
 90
4
 90
97
 90
98
 90
104
 90
103
 90
4
 90
98
 90
99
 90
105
 90
104
 90
4
 90
99
 90
100
 90
106
 90
105
 90
4
 90
100
 90
101
 90
107
 90
106
 90
4
 90
101
 90
96
 90
102
 90
107
 90
4
 90
102
 90
103
 90
109
 90
108
 90
4
 90
103
 90
104
 90
110
 90
109
 90
4
 90
104
 90
105
 90
111
 90
110
 90
4
 90
105
 90
106
 90
112
 90
111
 90
4
 90
106
 90
107
 90
113
 90
112
 90
4
 90
107
 90
102
 90
108
 90
113
 90
4
 90
108
 90
109
 90
115
 90
114
 90
4
 90
109
 90
110
 90
116
 90
115
 90
4
 90
110
 90
111
 90
117
 90
116
 90
4
 90
111
 90
112
 90
118
 90
117
 90
4
 90
112
 90
113
 90
119
 90
118
 90
4
 90
113
 90
108
 90
114
 90
119
 90
4
 90
114
 90
115
 90
121
 90
120
 90
4
 90
115
 90
116
 90
122
 90
121
 90
4
 90
116
 90
117
 90
123
 90
122
 90
4
 90
117
 90
118
 90
124
 90
123
 90
4
 90
118
 90
119
 90
125
 90
124
 90
4
 90
119
 90
114
 90
120
 90
125
 90
4
 90
120
 90
121
 90
127
 90
126
 90
4
 90
121
 90
122
 90
128
 90
127
 90
4
 90
122
 90
123
 90
129
 90
128
 90
4
 90
123
 90
124
 90
130
 90
129
 90
4
 90
124
 90
125
 90
131
 90
130
 90
4
 90
125
 90
120
 90
126
 90
131
 90
4
 90
126
 90
127
 90
133
 90
132
 90
4
 90
127
 90
128
 90
134
 90
133
 90
4
 90
128
 90
129
 90
135
 90
134
 90
4
 90
129
 90
130
 90
136
 90
135
 90
4
 90
130
 90
131
 90
137
 90
136
 90
4
 90
131
 90
126
 90
132
 90
137
 90
4
 90
132
 90
133
 90
139
 90
138
 90
4
 90
133
 90
134
 90
140
 90
139
 90
4
 90
134
 90
135
 90
141
 90
140
 90
4
 90
135
 90
136
 90
142
 90
141
 90
4
 90
136
 90
137
 90
143
 90
142
 90
4
 90
137
 90
132
 90
138
 90
143
 90
4
 90
138
 90
139
 90
145
 90
144
 90
4
 90
139
 90
140
 90
146
 90
145
 90
4
 90
140
 90
141
 90
147
 90
146
 90
4
 90
141
 90
142
 90
148
 90
147
 90
4
 90
142
 90
143
 90
149
 90
148
 90
4
 90
143
 90
138
 90
144
 90
149
 90
4
 90
144
 90
145
 90
151
 90
150
 90
4
 90
145
 90
146
 90
152
 90
151
 90
4
 90
146
 90
147
 90
153
 90
152
 90
4
 90
147
 90
148
 90
154
 90
153
 90
4
 90
148
 90
149
 90
155
 90
154
 90
4
 90
149
 90
144
 90
150
 90
155
 90
4
 90
150
 90
151
 90
157
 90
156
 90
4
 90
151
 90
152
 90
158
 90
157
 90
4
 90
152
 90
153
 90
159
 90
158
 90
4
 90
153
 90
154
 90
160
 90
159
 90
4
 90
154
 90
155
 90
161
 90
160
 90
4
 90
155
 90
150
 90
156
 90
161
 90
4
 90
156
 90
157
 90
163
 90
162
 90
4
 90
157
 90
158
 90
164
 90
163
 90
4
 90
158
 90
159
 90
165
 90
164
 90
4
 90
159
 90
160
 90
166
 90
165
 90
4
 90
160
 90
161
 90
167
 90
166
 90
4
 90
161
 90
156
 90
162
 90
167
 90
4
 90
162
 90
163
 90
169
 90
168
 90
4
 90
163
 90
164
 90
170
 90
169
 90
4
 90
164
 90
165
 90
171
 90
170
 90
4
 90
165
 90
166
 90
172
 90
171
 90
4
 90
166
 90
167
 90
173
 90
172
 90
4
 90
167
 90
162
 90
168
 90
173
 90
4
 90
168
 90
169
 90
175
 90
174
 90
4
 90
169
 90
170
 90
176
 90
175
 90
4
 90
170
 90
171
 90
177
 90
176
 90
4
 90
171
 90
172
 90
178
 90
177
 90
4
 90
172
 90
173
 90
179
 90
178
 90
4
 90
173
 90
168
 90
174
 90
179
 90
4
 90
174
 90
175
 90
181
 90
180
 90
4
 90
175
 90
176
 90
182
 90
181
 90
4
 90
176
 90
177
 90
183
 90
182
 90
4
 90
177
 90
178
 90
184
 90
183
 90
4
 90
178
 90
179
 90
185
 90
184
 90
4
 90
179
 90
174
 90
180
 90
185
 90
4
 90
180
 90
181
 90
187
 90
186
 90
4
 90
181
 90
182
 90
188
 90
187
 90
4
 90
182
 90
183
 90
189
 90
188
 90
4
 90
183
 90
184
 90
190
 90
189
 90
4
 90
184
 90
185
 90
191
 90
190
 90
4
 90
185
 90
180
 90
186
 90
191
 90
4
 90
186
 90
187
 90
193
 90
192
 90
4
 90
187
 90
188
 90
194
 90
193
 90
4
 90
188
 90
189
 90
195
 90
194
 90
4
 90
189
 90
190
 90
196
 90
195
 90
4
 90
190
 90
191
 90
197
 90
196
 90
4
 90
191
 90
186
 90
192
 90
197
 90
4
 90
192
 90
193
 90
199
 90
198
 90
4
 90
193
 90
194
 90
200
 90
199
 90
4
 90
194
 90
195
 90
201
 90
200
 90
4
 90
195
 90
196
 90
202
 90
201
 90
4
 90
196
 90
197
 90
203
 90
202
 90
4
 90
197
 90
192
 90
198
 90
203
 90
4
 90
198
 90
199
 90
205
 90
204
 90
4
 90
199
 90
200
 90
206
 90
205
 90
4
 90
200
 90
201
 90
207
 90
206
 90
4
 90
201
 90
202
 90
208
 90
207
 90
4
 90
202
 90
203
 90
209
 90
208
 90
4
 90
203
 90
198
 90
204
 90
209
 90
4
 90
204
 90
205
 90
211
 90
210
 90
4
 90
205
 90
206
 90
212
 90
211
 90
4
 90
206
 90
207
 90
213
 90
212
 90
4
 90
207
 90
208
 90
214
 90
213
 90
4
 90
208
 90
209
 90
215
 90
214
 90
4
 90
209
 90
204
 90
210
 90
215
 90
4
 90
210
 90
211
 90
217
 90
216
 90
4
 90
211
 90
212
 90
218
 90
217
 90
4
 90
212
 90
213
 90
219
 90
218
 90
4
 90
213
 90
214
 90
220
 90
219
 90
4
 90
214
 90
215
 90
221
 90
220
 90
4
 90
215
 90
210
 90
216
 90
221
 90
4
 90
216
 90
217
 90
223
 90
222
 90
4
 90
217
 90
218
 90
224
 90
223
 90
4
 90
218
 90
219
 90
225
 90
224
 90
4
 90
219
 90
220
 90
226
 90
225
 90
4
 90
220
 90
221
 90
227
 90
226
 90
4
 90
221
 90
216
 90
222
 90
227
 90
4
 90
222
 90
223
 90
229
 90
228
 90
4
 90
223
 90
224
 90
230
 90
229
 90
4
 90
224
 90
225
 90
231
 90
230
 90
4
 90
225
 90
226
 90
232
 90
231
 90
4
 90
226
 90
227
 90
233
 90
232
 90
4
 90
227
 90
222
 90
228
 90
233
 90
4
 90
228
 90
229
 90
235
 90
234
 90
4
 90
229
 90
230
 90
236
 90
235
 90
4
 90
230
 90
231
 90
237
 90
236
 90
4
 90
231
 90
232
 90
238
 90
237
 90
4
 90
232
 90
233
 90
239
 90
238
 90
4
 90
233
 90
228
 90
234
 90
239
 90
4
 90
234
 90
235
 90
241
 90
240
 90
4
 90
235
 90
236
 90
242
 90
241
 90
4
 90
236
 90
237
 90
243
 90
242
 90
4
 90
237
 90
238
 90
244
 90
243
 90
4
 90
238
 90
239
 90
245
 90
244
 90
4
 90
239
 90
234
 90
240
 90
245
 90
4
 90
240
 90
241
 90
247
 90
246
 90
4
 90
241
 90
242
 90
248
 90
247
 90
4
 90
242
 90
243
 90
249
 90
248
 90
4
 90
243
 90
244
 90
250
 90
249
 90
4
 90
244
 90
245
 90
251
 90
250
 90
4
 90
245
 90
240
 90
246
 90
251
 90
4
 90
246
 90
247
 90
253
 90
252
 90
4
 90
247
 90
248
 90
254
 90
253
 90
4
 90
248
 90
249
 90
255
 90
254
 90
4
 90
249
 90
250
 90
256
 90
255
 90
4
 90
250
 90
251
 90
257
 90
256
 90
4
 90
251
 90
246
 90
252
 90
257
 90
4
 90
252
 90
253
 90
259
 90
258
 90
4
 90
253
 90
254
 90
260
 90
259
 90
4
 90
254
 90
255
 90
261
 90
260
 90
4
 90
255
 90
256
 90
262
 90
261
 90
4
 90
256
 90
257
 90
263
 90
262
 90
4
 90
257
 90
252
 90
258
 90
263
 90
4
 90
258
 90
259
 90
265
 90
264
 90
4
 90
259
 90
260
 90
266
 90
265
 90
4
 90
260
 90
261
 90
267
 90
266
 90
4
 90
261
 90
262
 90
268
 90
267
 90
4
 90
262
 90
263
 90
269
 90
268
 90
4
 90
263
 90
258
 90
264
 90
269
 90
4
 90
264
 90
265
 90
271
 90
270
 90
4
 90
265
 90
266
 90
272
 90
271
 90
4
 90
266
 90
267
 90
273
 90
272
 90
4
 90
267
 90
268
 90
274
 90
273
 90
4
 90
268
 90
269
 90
275
 90
274
 90
4
 90
269
 90
264
 90
270
 90
275
 90
4
 90
270
 90
271
 90
277
 90
276
 90
4
 90
271
 90
272
 90
278
 90
277
 90
4
 90
272
 90
273
 90
279
 90
278
 90
4
 90
273
 90
274
 90
280
 90
279
 90
4
 90
274
 90
275
 90
281
 90
280
 90
4
 90
275
 90
270
 90
276
 90
281
 90
4
 90
276
 90
277
 90
283
 90
282
 90
4
 90
277
 90
278
 90
284
 90
283
 90
4
 90
278
 90
279
 90
285
 90
284
 90
4
 90
279
 90
280
 90
286
 90
285
 90
4
 90
280
 90
281
 90
287
 90
286
 90
4
 90
281
 90
276
 90
282
 90
287
 90
4
 90
282
 90
283
 90
289
 90
288
 90
4
 90
283
 90
284
 90
290
 90
289
 90
4
 90
284
 90
285
 90
291
 90
290
 90
4
 90
285
 90
286
 90
292
 90
291
 90
4
 90
286
 90
287
 90
293
 90
292
 90
4
 90
287
 90
282
 90
288
 90
293
 90
4
 90
288
 90
289
 90
295
 90
294
 90
4
 90
289
 90
290
 90
296
 90
295
 90
4
 90
290
 90
291
 90
297
 90
296
 90
4
 90
291
 90
292
 90
298
 90
297
 90
4
 90
292
 90
293
 90
299
 90
298
 90
4
 90
293
 90
288
 90
294
 90
299
 90
4
 90
294
 90
295
 90
301
 90
300
 90
4
 90
295
 90
296
 90
302
 90
301
 90
4
 90
296
 90
297
 90
303
 90
302
 90
4
 90
297
 90
298
 90
304
 90
303
 90
4
 90
298
 90
299
 90
305
 90
304
 90
4
 90
299
 90
294
 90
300
 90
305
 90
4
 90
300
 90
301
 90
307
 90
306
 90
4
 90
301
 90
302
 90
308
 90
307
 90
4
 90
302
 90
303
 90
309
 90
308
 90
4
 90
303
 90
304
 90
310
 90
309
 90
4
 90
304
 90
305
 90
311
 90
310
 90
4
 90
305
 90
300
 90
306
 90
311
 90
4
 90
306
 90
307
 90
313
 90
312
 90
4
 90
307
 90
308
 90
314
 90
313
 90
4
 90
308
 90
309
 90
315
 90
314
 90
4
 90
309
 90
310
 90
316
 90
315
 90
4
 90
310
 90
311
 90
317
 90
316
 90
4
 90
311
 90
306
 90
312
 90
317
 90
4
 90
312
 90
313
 90
319
 90
318
 90
4
 90
313
 90
314
 90
320
 90
319
 90
4
 90
314
 90
315
 90
321
 90
320
 90
4
 90
315
 90
316
 90
322
 90
321
 90
4
 90
316
 90
317
 90
323
 90
322
 90
4
 90
317
 90
312
 90
318
 90
323
 90
4
 90
318
 90
319
 90
325
 90
324
 90
4
 90
319
 90
320
 90
326
 90
325
 90
4
 90
320
 90
321
 90
327
 90
326
 90
4
 90
321
 90
322
 90
328
 90
327
 90
4
 90
322
 90
323
 90
329
 90
328
 90
4
 90
323
 90
318
 90
324
 90
329
 90
4
 90
324
 90
325
 90
331
 90
330
 90
4
 90
325
 90
326
 90
332
 90
331
 90
4
 90
326
 90
327
 90
333
 90
332
 90
4
 90
327
 90
328
 90
334
 90
333
 90
4
 90
328
 90
329
 90
335
 90
334
 90
4
 90
329
 90
324
 90
330
 90
335
 90
4
 90
330
 90
331
 90
337
 90
336
 90
4
 90
331
 90
332
 90
338
 90
337
 90
4
 90
332
 90
333
 90
339
 90
338
 90
4
 90
333
 90
334
 90
340
 90
339
 90
4
 90
334
 90
335
 90
341
 90
340
 90
4
 90
335
 90
330
 90
336
 90
341
 90
4
 90
336
 90
337
 90
343
 90
342
 90
4
 90
337
 90
338
 90
344
 90
343
 90
4
 90
338
 90
339
 90
345
 90
344
 90
4
 90
339
 90
340
 90
346
 90
345
 90
4
 90
340
 90
341
 90
347
 90
346
 90
4
 90
341
 90
336
 90
342
 90
347
 90
4
 90
342
 90
343
 90
349
 90
348
 90
4
 90
343
 90
344
 90
350
 90
349
 90
4
 90
344
 90
345
 90
351
 90
350
 90
4
 90
345
 90
346
 90
352
 90
351
 90
4
 90
346
 90
347
 90
353
 90
352
 90
4
 90
347
 90
342
 90
348
 90
353
 90
4
 90
348
 90
349
 90
355
 90
354
 90
4
 90
349
 90
350
 90
356
 90
355
 90
4
 90
350
 90
351
 90
357
 90
356
 90
4
 90
351
 90
352
 90
358
 90
357
 90
4
 90
352
 90
353
 90
359
 90
358
 90
4
 90
353
 90
348
 90
354
 90
359
 90
4
 90
354
 90
355
 90
361
 90
360
 90
4
 90
355
 90
356
 90
362
 90
361
 90
4
 90
356
 90
357
 90
363
 90
362
 90
4
 90
357
 90
358
 90
364
 90
363
 90
4
 90
358
 90
359
 90
365
 90
364
 90
4
 90
359
 90
354
 90
360
 90
365
 90
4
 90
360
 90
361
 90
367
 90
366
 90
4
 90
361
 90
362
 90
368
 90
367
 90
4
 90
362
 90
363
 90
369
 90
368
 90
4
 90
363
 90
364
 90
370
 90
369
 90
4
 90
364
 90
365
 90
371
 90
370
 90
4
 90
365
 90
360
 90
366
 90
371
 90
4
 90
366
 90
367
 90
373
 90
372
 90
4
 90
367
 90
368
 90
374
 90
373
 90
4
 90
368
 90
369
 90
375
 90
374
 90
4
 90
369
 90
370
 90
376
 90
375
 90
4
 90
370
 90
371
 90
377
 90
376
 90
4
 90
371
 90
366
 90
372
 90
377
 90
4
 90
372
 90
373
 90
379
 90
378
 90
4
 90
373
 90
374
 90
380
 90
379
 90
4
 90
374
 90
375
 90
381
 90
380
 90
4
 90
375
 90
376
 90
382
 90
381
 90
4
 90
376
 90
377
 90
383
 90
382
 90
4
 90
377
 90
372
 90
378
 90
383
 90
4
 90
378
 90
379
 90
385
 90
384
 90
4
 90
379
 90
380
 90
386
 90
385
 90
4
 90
380
 90
381
 90
387
 90
386
 90
4
 90
381
 90
382
 90
388
 90
387
 90
4
 90
382
 90
383
 90
389
 90
388
 90
4
 90
383
 90
378
 90
384
 90
389
 90
4
 90
384
 90
385
 90
391
 90
390
 90
4
 90
385
 90
386
 90
392
 90
391
 90
4
 90
386
 90
387
 90
393
 90
392
 90
4
 90
387
 90
388
 90
394
 90
393
 90
4
 90
388
 90
389
 90
395
 90
394
 90
4
 90
389
 90
384
 90
390
 90
395
 90
4
 90
390
 90
391
 90
397
 90
396
 90
4
 90
391
 90
392
 90
398
 90
397
 90
4
 90
392
 90
393
 90
399
 90
398
 90
4
 90
393
 90
394
 90
400
 90
399
 90
4
 90
394
 90
395
 90
401
 90
400
 90
4
 90
395
 90
390
 90
396
 90
401
 90
4
 90
396
 90
397
 90
403
 90
402
 90
4
 90
397
 90
398
 90
404
 90
403
 90
4
 90
398
 90
399
 90
405
 90
404
 90
4
 90
399
 90
400
 90
406
 90
405
 90
4
 90
400
 90
401
 90
407
 90
406
 90
4
 90
401
 90
396
 90
402
 90
407
 90
4
 90
402
 90
403
 90
409
 90
408
 90
4
 90
403
 90
404
 90
410
 90
409
 90
4
 90
404
 90
405
 90
411
 90
410
 90
4
 90
405
 90
406
 90
412
 90
411
 90
4
 90
406
 90
407
 90
413
 90
412
 90
4
 90
407
 90
402
 90
408
 90
413
 90
4
 90
408
 90
409
 90
415
 90
414
 90
4
 90
409
 90
410
 90
416
 90
415
 90
4
 90
410
 90
411
 90
417
 90
416
 90
4
 90
411
 90
412
 90
418
 90
417
 90
4
 90
412
 90
413
 90
419
 90
418
 90
4
 90
413
 90
408
 90
414
 90
419
 90
4
 90
414
 90
415
 90
421
 90
420
 90
4
 90
415
 90
416
 90
422
 90
421
 90
4
 90
416
 90
417
 90
423
 90
422
 90
4
 90
417
 90
418
 90
424
 90
423
 90
4
 90
418
 90
419
 90
425
 90
424
 90
4
 90
419
 90
414
 90
420
 90
425
 90
4
 90
420
 90
421
 90
427
 90
426
 90
4
 90
421
 90
422
 90
428
 90
427
 90
4
 90
422
 90
423
 90
429
 90
428
 90
4
 90
423
 90
424
 90
430
 90
429
 90
4
 90
424
 90
425
 90
431
 90
430
 90
4
 90
425
 90
420
 90
426
 90
431
 90
4
 90
426
 90
427
 90
433
 90
432
 90
4
 90
427
 90
428
 90
434
 90
433
 90
4
 90
428
 90
429
 90
435
 90
434
 90
4
 90
429
 90
430
 90
436
 90
435
 90
4
 90
430
 90
431
 90
437
 90
436
 90
4
 90
431
 90
426
 90
432
 90
437
 90
4
 90
432
 90
433
 90
439
 90
438
 90
4
 90
433
 90
434
 90
440
 90
439
 90
4
 90
434
 90
435
 90
441
 90
440
 90
4
 90
435
 90
436
 90
442
 90
441
 90
4
 90
436
 90
437
 90
443
 90
442
 90
4
 90
437
 90
432
 90
438
 90
443
 90
4
 90
438
 90
439
 90
445
 90
444
 90
4
 90
439
 90
440
 90
446
 90
445
 90
4
 90
440
 90
441
 90
447
 90
446
 90
4
 90
441
 90
442
 90
448
 90
447
 90
4
 90
442
 90
443
 90
449
 90
448
 90
4
 90
443
 90
438
 90
444
 90
449
 90
4
 90
444
 90
445
 90
451
 90
450
 90
4
 90
445
 90
446
 90
452
 90
451
 90
4
 90
446
 90
447
 90
453
 90
452
 90
4
 90
447
 90
448
 90
454
 90
453
 90
4
 90
448
 90
449
 90
455
 90
454
 90
4
 90
449
 90
444
 90
450
 90
455
 90
4
 90
450
 90
451
 90
457
 90
456
 90
4
 90
451
 90
452
 90
458
 90
457
 90
4
 90
452
 90
453
 90
459
 90
458
 90
4
 90
453
 90
454
 90
460
 90
459
 90
4
 90
454
 90
455
 90
461
 90
460
 90
4
 90
455
 90
450
 90
456
 90
461
 90
4
 90
456
 90
457
 90
463
 90
462
 90
4
 90
457
 90
458
 90
464
 90
463
 90
4
 90
458
 90
459
 90
465
 90
464
 90
4
 90
459
 90
460
 90
466
 90
465
 90
4
 90
460
 90
461
 90
467
 90
466
 90
4
 90
461
 90
456
 90
462
 90
467
 90
4
 90
462
 90
463
 90
469
 90
468
 90
4
 90
463
 90
464
 90
470
 90
469
 90
4
 90
464
 90
465
 90
471
 90
470
 90
4
 90
465
 90
466
 90
472
 90
471
 90
4
 90
466
 90
467
 90
473
 90
472
 90
4
 90
467
 90
462
 90
468
 90
473
 90
4
 90
468
 90
469
 90
475
 90
474
 90
4
 90
469
 90
470
 90
476
 90
475
 90
4
 90
470
 90
471
 90
477
 90
476
 90
4
 90
471
 90
472
 90
478
 90
477
 90
4
 90
472
 90
473
 90
479
 90
478
 90
4
 90
473
 90
468
 90
474
 90
479
 90
4
 90
474
 90
475
 90
481
 90
480
 90
4
 90
475
 90
476
 90
482
 90
481
 90
4
 90
476
 90
477
 90
483
 90
482
 90
4
 90
477
 90
478
 90
484
 90
483
 90
4
 90
478
 90
479
 90
485
 90
484
 90
4
 90
479
 90
474
 90
480
 90
485
 90
4
 90
480
 90
481
 90
487
 90
486
 90
4
 90
481
 90
482
 90
488
 90
487
 90
4
 90
482
 90
483
 90
489
 90
488
 90
4
 90
483
 90
484
 90
490
 90
489
 90
4
 90
484
 90
485
 90
491
 90
490
 90
4
 90
485
 90
480
 90
486
 90
491
 90
4
 90
486
 90
487
 90
493
 90
492
 90
4
 90
487
 90
488
 90
494
 90
493
 90
4
 90
488
 90
489
 90
495
 90
494
 90
4
 90
489
 90
490
 90
496
 90
495
 90
4
 90
490
 90
491
 90
497
 90
496
 90
4
 90
491
 90
486
 90
492
 90
497
 90
4
 90
492
 90
493
 90
499
 90
498
 90
4
 90
493
 90
494
 90
500
 90
499
 90
4
 90
494
 90
495
 90
501
 90
500
 90
4
 90
495
 90
496
 90
502
 90
501
 90
4
 90
496
 90
497
 90
503
 90
502
 90
4
 90
497
 90
492
 90
498
 90
503
 90
4
 90
498
 90
499
 90
505
 90
504
 90
4
 90
499
 90
500
 90
506
 90
505
 90
4
 90
500
 90
501
 90
507
 90
506
 90
4
 90
501
 90
502
 90
508
 90
507
 90
4
 90
502
 90
503
 90
509
 90
508
 90
4
 90
503
 90
498
 90
504
 90
509
 90
4
 90
504
 90
505
 90
511
 90
510
 90
4
 90
505
 90
506
 90
512
 90
511
 90
4
 90
506
 90
507
 90
513
 90
512
 90
4
 90
507
 90
508
 90
514
 90
513
 90
4
 90
508
 90
509
 90
515
 90
514
 90
4
 90
509
 90
504
 90
510
 90
515
 90
4
 90
510
 90
511
 90
517
 90
516
 90
4
 90
511
 90
512
 90
518
 90
517
 90
4
 90
512
 90
513
 90
519
 90
518
 90
4
 90
513
 90
514
 90
520
 90
519
 90
4
 90
514
 90
515
 90
521
 90
520
 90
4
 90
515
 90
510
 90
516
 90
521
 90
4
 90
516
 90
517
 90
523
 90
522
 90
4
 90
517
 90
518
 90
524
 90
523
 90
4
 90
518
 90
519
 90
525
 90
524
 90
4
 90
519
 90
520
 90
526
 90
525
 90
4
 90
520
 90
521
 90
527
 90
526
 90
4
 90
521
 90
516
 90
522
 90
527
 90
4
 90
522
 90
523
 90
529
 90
528
 90
4
 90
523
 90
524
 90
530
 90
529
 90
4
 90
524
 90
525
 90
531
 90
530
 90
4
 90
525
 90
526
 90
532
 90
531
 90
4
 90
526
 90
527
 90
533
 90
532
 90
4
 90
527
 90
522
 90
528
 90
533
 90
4
 90
528
 90
529
 90
535
 90
534
 90
4
 90
529
 90
530
 90
536
 90
535
 90
4
 90
530
 90
531
 90
537
 90
536
 90
4
 90
531
 90
532
 90
538
 90
537
 90
4
 90
532
 90
533
 90
539
 90
538
 90
4
 90
533
 90
528
 90
534
 90
539
 90
4
 90
534
 90
535
 90
541
 90
540
 90
4
 90
535
 90
536
 90
542
 90
541
 90
4
 90
536
 90
537
 90
543
 90
542
 90
4
 90
537
 90
538
 90
544
 90
543
 90
4
 90
538
 90
539
 90
545
 90
544
 90
4
 90
539
 90
534
 90
540
 90
545
 90
4
 90
540
 90
541
 90
547
 90
546
 90
4
 90
541
 90
542
 90
548
 90
547
 90
4
 90
542
 90
543
 90
549
 90
548
 90
4
 90
543
 90
544
 90
550
 90
549
 90
4
 90
544
 90
545
 90
551
 90
550
 90
4
 90
545
 90
540
 90
546
 90
551
 90
4
 90
546
 90
547
 90
553
 90
552
 90
4
 90
547
 90
548
 90
554
 90
553
 90
4
 90
548
 90
549
 90
555
 90
554
 90
4
 90
549
 90
550
 90
556
 90
555
 90
4
 90
550
 90
551
 90
557
 90
556
 90
4
 90
551
 90
546
 90
552
 90
557
 90
4
 90
552
 90
553
 90
559
 90
558
 90
4
 90
553
 90
554
 90
560
 90
559
 90
4
 90
554
 90
555
 90
561
 90
560
 90
4
 90
555
 90
556
 90
562
 90
561
 90
4
 90
556
 90
557
 90
563
 90
562
 90
4
 90
557
 90
552
 90
558
 90
563
 90
4
 90
558
 90
559
 90
565
 90
564
 90
4
 90
559
 90
560
 90
566
 90
565
 90
4
 90
560
 90
561
 90
567
 90
566
 90
4
 90
561
 90
562
 90
568
 90
567
 90
4
 90
562
 90
563
 90
569
 90
568
 90
4
 90
563
 90
558
 90
564
 90
569
 90
4
 90
564
 90
565
 90
571
 90
570
 90
4
 90
565
 90
566
 90
572
 90
571
 90
4
 90
566
 90
567
 90
573
 90
572
 90
4
 90
567
 90
568
 90
574
 90
573
 90
4
 90
568
 90
569
 90
575
 90
574
 90
4
 90
569
 90
564
 90
570
 90
575
 90
4
 90
570
 90
571
 90
577
 90
576
 90
4
 90
571
 90
572
 90
578
 90
577
 90
4
 90
572
 90
573
 90
579
 90
578
 90
4
 90
573
 90
574
 90
580
 90
579
 90
4
 90
574
 90
575
 90
581
 90
580
 90
4
 90
575
 90
570
 90
576
 90
581
 90
4
 90
576
 90
577
 90
583
 90
582
 90
4
 90
577
 90
578
 90
584
 90
583
 90
4
 90
578
 90
579
 90
585
 90
584
 90
4
 90
579
 90
580
 90
586
 90
585
 90
4
 90
580
 90
581
 90
587
 90
586
 90
4
 90
581
 90
576
 90
582
 90
587
 90
4
 90
582
 90
583
 90
589
 90
588
 90
4
 90
583
 90
584
 90
590
 90
589
 90
4
 90
584
 90
585
 90
591
 90
590
 90
4
 90
585
 90
586
 90
592
 90
591
 90
4
 90
586
 90
587
 90
593
 90
592
 90
4
 90
587
 90
582
 90
588
 90
593
 90
4
 90
588
 90
589
 90
595
 90
594
 90
4
 90
589
 90
590
 90
596
 90
595
 90
4
 90
590
 90
591
 90
597
 90
596
 90
4
 90
591
 90
592
 90
598
 90
597
 90
4
 90
592
 90
593
 90
599
 90
598
 90
4
 90
593
 90
588
 90
594
 90
599
 90
4
 90
594
 90
595
 90
601
 90
600
 90
4
 90
595
 90
596
 90
602
 90
601
 90
4
 90
596
 90
597
 90
603
 90
602
 90
4
 90
597
 90
598
 90
604
 90
603
 90
4
 90
598
 90
599
 90
605
 90
604
 90
4
 90
599
 90
594
 90
600
 90
605
 90
4
 90
600
 90
601
 90
607
 90
606
 90
4
 90
601
 90
602
 90
608
 90
607
 90
4
 90
602
 90
603
 90
609
 90
608
 90
4
 90
603
 90
604
 90
610
 90
609
 90
4
 90
604
 90
605
 90
611
 90
610
 90
4
 90
605
 90
600
 90
606
 90
611
 90
4
 90
606
 90
607
 90
613
 90
612
 90
4
 90
607
 90
608
 90
614
 90
613
 90
4
 90
608
 90
609
 90
615
 90
614
 90
4
 90
609
 90
610
 90
616
 90
615
 90
4
 90
610
 90
611
 90
617
 90
616
 90
4
 90
611
 90
606
 90
612
 90
617
 90
4
 90
612
 90
613
 90
619
 90
618
 90
4
 90
613
 90
614
 90
620
 90
619
 90
4
 90
614
 90
615
 90
621
 90
620
 90
4
 90
615
 90
616
 90
622
 90
621
 90
4
 90
616
 90
617
 90
623
 90
622
 90
4
 90
617
 90
612
 90
618
 90
623
 90
4
 90
618
 90
619
 90
625
 90
624
 90
4
 90
619
 90
620
 90
626
 90
625
 90
4
 90
620
 90
621
 90
627
 90
626
 90
4
 90
621
 90
622
 90
628
 90
627
 90
4
 90
622
 90
623
 90
629
 90
628
 90
4
 90
623
 90
618
 90
624
 90
629
 90
4
 90
624
 90
625
 90
631
 90
630
 90
4
 90
625
 90
626
 90
632
 90
631
 90
4
 90
626
 90
627
 90
633
 90
632
 90
4
 90
627
 90
628
 90
634
 90
633
 90
4
 90
628
 90
629
 90
635
 90
634
 90
4
 90
629
 90
624
 90
630
 90
635
 90
4
 90
630
 90
631
 90
637
 90
636
 90
4
 90
631
 90
632
 90
638
 90
637
 90
4
 90
632
 90
633
 90
639
 90
638
 90
4
 90
633
 90
634
 90
640
 90
639
 90
4
 90
634
 90
635
 90
641
 90
640
 90
4
 90
635
 90
630
 90
636
 90
641
 90
4
 90
636
 90
637
 90
643
 90
642
 90
4
 90
637
 90
638
 90
644
 90
643
 90
4
 90
638
 90
639
 90
645
 90
644
 90
4
 90
639
 90
640
 90
646
 90
645
 90
4
 90
640
 90
641
 90
647
 90
646
 90
4
 90
641
 90
636
 90
642
 90
647
 90
4
 90
642
 90
643
 90
649
 90
648
 90
4
 90
643
 90
644
 90
650
 90
649
 90
4
 90
644
 90
645
 90
651
 90
650
 90
4
 90
645
 90
646
 90
652
 90
651
 90
4
 90
646
 90
647
 90
653
 90
652
 90
4
 90
647
 90
642
 90
648
 90
653
 90
4
 90
648
 90
649
 90
655
 90
654
 90
4
 90
649
 90
650
 90
656
 90
655
 90
4
 90
650
 90
651
 90
657
 90
656
 90
4
 90
651
 90
652
 90
658
 90
657
 90
4
 90
652
 90
653
 90
659
 90
658
 90
4
 90
653
 90
648
 90
654
 90
659
 90
4
 90
654
 90
655
 90
661
 90
660
 90
4
 90
655
 90
656
 90
662
 90
661
 90
4
 90
656
 90
657
 90
663
 90
662
 90
4
 90
657
 90
658
 90
664
 90
663
 90
4
 90
658
 90
659
 90
665
 90
664
 90
4
 90
659
 90
654
 90
660
 90
665
 90
4
 90
660
 90
661
 90
667
 90
666
 90
4
 90
661
 90
662
 90
668
 90
667
 90
4
 90
662
 90
663
 90
669
 90
668
 90
4
 90
663
 90
664
 90
670
 90
669
 90
4
 90
664
 90
665
 90
671
 90
670
 90
4
 90
665
 90
660
 90
666
 90
671
 90
4
 90
666
 90
667
 90
673
 90
672
 90
4
 90
667
 90
668
 90
674
 90
673
 90
4
 90
668
 90
669
 90
675
 90
674
 90
4
 90
669
 90
670
 90
676
 90
675
 90
4
 90
670
 90
671
 90
677
 90
676
 90
4
 90
671
 90
666
 90
672
 90
677
 94
0
 95
0
 90
0
  0
MESH
  5
69
330
17
100
AcDbEntity
  8
WHEELS
100
AcDbSubDMesh
 71
2
 72
0
 91
0
 92
50
 10
210.0
 20
217.5
 30
170.0
 10
210.0
 20
322.5
 30
170.0
 10
380.0
 20
217.5
 30
170.0
 10
374.2073904691416
 20
217.5
 30
213.99923766742853
 10
357.2243186433546
 20
217.5
 30
255.0
 10
330.2081528017131
 20
217.5
 30
290.2081528017131
 10
295.0
 20
217.5
 30
317.22431864335454
 10
253.99923766742853
 20
217.5
 30
334.2073904691416
 10
210.0
 20
217.5
 30
340.0
 10
166.0007623325715
 20
217.5
 30
334.2073904691416
 10
125.00000000000004
 20
217.5
 30
317.2243186433546
 10
89.79184719828693
 20
217.5
 30
290.2081528017131
 10
62.77568135664541
 20
217.5
 30
255.0
 10
45.792609530858414
 20
217.5
 30
213.9992376674286
 10
40.0
 20
217.5
 30
170.00000000000003
 10
45.792609530858385
 20
217.5
 30
126.00076233257147
 10
62.77568135664541
 20
217.5
 30
85.00000000000004
 10
89.79184719828686
 20
217.5
 30
49.79184719828699
 10
124.99999999999993
 20
217.5
 30
22.775681356645464
 10
166.0007623325715
 20
217.5
 30
5.792609530858385
 10
209.99999999999997
 20
217.5
 30
0.0
 10
253.99923766742845
 20
217.5
 30
5.792609530858357
 10
295.0
 20
217.5
 30
22.775681356645435
 10
330.208152801713
 20
217.5
 30
49.79184719828689
 10
357.22431864335454
 20
217.5
 30
84.99999999999993
 10
374.2073904691416
 20
217.5
 30
126.00076233257133
 10
380.0
 20
322.5
 30
170.0
 10
374.2073904691416
 20
322.5
 30
213.99923766742853
 10
357.2243186433546
 20
322.5
 30
255.0
 10
330.2081528017131
 20
322.5
 30
290.2081528017131
 10
295.0
 20
322.5
 30
317.22431864335454
 10
253.99923766742853
 20
322.5
 30
334.2073904691416
 10
210.0
 20
322.5
 30
340.0
 10
166.0007623325715
 20
322.5
 30
334.2073904691416
 10
125.00000000000004
 20
322.5
 30
317.2243186433546
 10
89.79184719828693
 20
322.5
 30
290.2081528017131
 10
62.77568135664541
 20
322.5
 30
255.0
 10
45.792609530858414
 20
322.5
 30
213.9992376674286
 10
40.0
 20
322.5
 30
170.00000000000003
 10
45.792609530858385
 20
322.5
 30
126.00076233257147
 10
62.77568135664541
 20
322.5
 30
85.00000000000004
 10
89.79184719828686
 20
322.5
 30
49.79184719828699
 10
124.99999999999993
 20
322.5
 30
22.775681356645464
 10
166.0007623325715
 20
322.5
 30
5.792609530858385
 10
209.99999999999997
 20
322.5
 30
0.0
 10
253.99923766742845
 20
322.5
 30
5.792609530858357
 10
295.0
 20
322.5
 30
22.775681356645435
 10
330.208152801713
 20
322.5
 30
49.79184719828689
 10
357.22431864335454
 20
322.5
 30
84.99999999999993
 10
374.2073904691416
 20
322.5
 30
126.00076233257133
 93
312
 90
3
 90
0
 90
3
 90
2
 90
3
 90
1
 90
26
 90
27
 90
4
 90
2
 90
3
 90
27
 90
26
 90
3
 90
0
 90
4
 90
3
 90
3
 90
1
 90
27
 90
28
 90
4
 90
3
 90
4
 90
28
 90
27
 90
3
 90
0
 90
5
 90
4
 90
3
 90
1
 90
28
 90
29
 90
4
 90
4
 90
5
 90
29
 90
28
 90
3
 90
0
 90
6
 90
5
 90
3
 90
1
 90
29
 90
30
 90
4
 90
5
 90
6
 90
30
 90
29
 90
3
 90
0
 90
7
 90
6
 90
3
 90
1
 90
30
 90
31
 90
4
 90
6
 90
7
 90
31
 90
30
 90
3
 90
0
 90
8
 90
7
 90
3
 90
1
 90
31
 90
32
 90
4
 90
7
 90
8
 90
32
 90
31
 90
3
 90
0
 90
9
 90
8
 90
3
 90
1
 90
32
 90
33
 90
4
 90
8
 90
9
 90
33
 90
32
 90
3
 90
0
 90
10
 90
9
 90
3
 90
1
 90
33
 90
34
 90
4
 90
9
 90
10
 90
34
 90
33
 90
3
 90
0
 90
11
 90
10
 90
3
 90
1
 90
34
 90
35
 90
4
 90
10
 90
11
 90
35
 90
34
 90
3
 90
0
 90
12
 90
11
 90
3
 90
1
 90
35
 90
36
 90
4
 90
11
 90
12
 90
36
 90
35
 90
3
 90
0
 90
13
 90
12
 90
3
 90
1
 90
36
 90
37
 90
4
 90
12
 90
13
 90
37
 90
36
 90
3
 90
0
 90
14
 90
13
 90
3
 90
1
 90
37
 90
38
 90
4
 90
13
 90
14
 90
38
 90
37
 90
3
 90
0
 90
15
 90
14
 90
3
 90
1
 90
38
 90
39
 90
4
 90
14
 90
15
 90
39
 90
38
 90
3
 90
0
 90
16
 90
15
 90
3
 90
1
 90
39
 90
40
 90
4
 90
15
 90
16
 90
40
 90
39
 90
3
 90
0
 90
17
 90
16
 90
3
 90
1
 90
40
 90
41
 90
4
 90
16
 90
17
 90
41
 90
40
 90
3
 90
0
 90
18
 90
17
 90
3
 90
1
 90
41
 90
42
 90
4
 90
17
 90
18
 90
42
 90
41
 90
3
 90
0
 90
19
 90
18
 90
3
 90
1
 90
42
 90
43
 90
4
 90
18
 90
19
 90
43
 90
42
 90
3
 90
0
 90
20
 90
19
 90
3
 90
1
 90
43
 90
44
 90
4
 90
19
 90
20
 90
44
 90
43
 90
3
 90
0
 90
21
 90
20
 90
3
 90
1
 90
44
 90
45
 90
4
 90
20
 90
21
 90
45
 90
44
 90
3
 90
0
 90
22
 90
21
 90
3
 90
1
 90
45
 90
46
 90
4
 90
21
 90
22
 90
46
 90
45
 90
3
 90
0
 90
23
 90
22
 90
3
 90
1
 90
46
 90
47
 90
4
 90
22
 90
23
 90
47
 90
46
 90
3
 90
0
 90
24
 90
23
 90
3
 90
1
 90
47
 90
48
 90
4
 90
23
 90
24
 90
48
 90
47
 90
3
 90
0
 90
25
 90
24
 90
3
 90
1
 90
48
 90
49
 90
4
 90
24
 90
25
 90
49
 90
48
 90
3
 90
0
 90
2
 90
25
 90
3
 90
1
 90
49
 90
26
 90
4
 90
25
 90
2
 90
26
 90
49
 94
0
 95
0
 90
0
  0
MESH
  5
6A
330
17
100
AcDbEntity
  8
WHEELS
100
AcDbSubDMesh
 71
2
 72
0
 91
0
 92
42
 10
210.0
 20
222.5
 30
170.0
 10
210.0
 20
317.5
 30
170.0
 10
320.0
 20
222.5
 30
170.0
 10
314.6162167924669
 20
222.5
 30
203.99186938124421
 10
298.9918693812442
 20
222.5
 30
234.65637775217203
 10
274.65637775217203
 20
222.5
 30
258.9918693812442
 10
243.99186938124421
 20
222.5
 30
274.6162167924669
 10
210.0
 20
222.5
 30
280.0
 10
176.00813061875579
 20
222.5
 30
274.6162167924669
 10
145.34362224782797
 20
222.5
 30
258.9918693812442
 10
121.00813061875579
 20
222.5
 30
234.65637775217206
 10
105.38378320753311
 20
222.5
 30
203.99186938124421
 10
100.0
 20
222.5
 30
170.0
 10
105.38378320753309
 20
222.5
 30
136.00813061875584
 10
121.00813061875579
 20
222.5
 30
105.34362224782797
 10
145.34362224782794
 20
222.5
 30
81.00813061875579
 10
176.00813061875579
 20
222.5
 30
65.38378320753311
 10
209.99999999999997
 20
222.5
 30
60.0
 10
243.9918693812442
 20
222.5
 30
65.3837832075331
 10
274.65637775217203
 20
222.5
 30
81.00813061875577
 10
298.9918693812442
 20
222.5
 30
105.34362224782794
 10
314.6162167924669
 20
222.5
 30
136.00813061875576
 10
320.0
 20
317.5
 30
170.0
 10
314.6162167924669
 20
317.5
 30
203.99186938124421
 10
298.9918693812442
 20
317.5
 30
234.65637775217203
 10
274.65637775217203
 20
317.5
 30
258.9918693812442
 10
243.99186938124421
 20
317.5
 30
274.6162167924669
 10
210.0
 20
317.5
 30
280.0
 10
176.00813061875579
 20
317.5
 30
274.6162167924669
 10
145.34362224782797
 20
317.5
 30
258.9918693812442
 10
121.00813061875579
 20
317.5
 30
234.65637775217206
 10
105.38378320753311
 20
317.5
 30
203.99186938124421
 10
100.0
 20
317.5
 30
170.0
 10
105.38378320753309
 20
317.5
 30
136.00813061875584
 10
121.00813061875579
 20
317.5
 30
105.34362224782797
 10
145.34362224782794
 20
317.5
 30
81.00813061875579
 10
176.00813061875579
 20
317.5
 30
65.38378320753311
 10
209.99999999999997
 20
317.5
 30
60.0
 10
243.9918693812442
 20
317.5
 30
65.3837832075331
 10
274.65637775217203
 20
317.5
 30
81.00813061875577
 10
298.9918693812442
 20
317.5
 30
105.34362224782794
 10
314.6162167924669
 20
317.5
 30
136.00813061875576
 93
260
 90
3
 90
0
 90
3
 90
2
 90
3
 90
1
 90
22
 90
23
 90
4
 90
2
 90
3
 90
23
 90
22
 90
3
 90
0
 90
4
 90
3
 90
3
 90
1
 90
23
 90
24
 90
4
 90
3
 90
4
 90
24
 90
23
 90
3
 90
0
 90
5
 90
4
 90
3
 90
1
 90
24
 90
25
 90
4
 90
4
 90
5
 90
25
 90
24
 90
3
 90
0
 90
6
 90
5
 90
3
 90
1
 90
25
 90
26
 90
4
 90
5
 90
6
 90
26
 90
25
 90
3
 90
0
 90
7
 90
6
 90
3
 90
1
 90
26
 90
27
 90
4
 90
6
 90
7
 90
27
 90
26
 90
3
 90
0
 90
8
 90
7
 90
3
 90
1
 90
27
 90
28
 90
4
 90
7
 90
8
 90
28
 90
27
 90
3
 90
0
 90
9
 90
8
 90
3
 90
1
 90
28
 90
29
 90
4
 90
8
 90
9
 90
29
 90
28
 90
3
 90
0
 90
10
 90
9
 90
3
 90
1
 90
29
 90
30
 90
4
 90
9
 90
10
 90
30
 90
29
 90
3
 90
0
 90
11
 90
10
 90
3
 90
1
 90
30
 90
31
 90
4
 90
10
 90
11
 90
31
 90
30
 90
3
 90
0
 90
12
 90
11
 90
3
 90
1
 90
31
 90
32
 90
4
 90
11
 90
12
 90
32
 90
31
 90
3
 90
0
 90
13
 90
12
 90
3
 90
1
 90
32
 90
33
 90
4
 90
12
 90
13
 90
33
 90
32
 90
3
 90
0
 90
14
 90
13
 90
3
 90
1
 90
33
 90
34
 90
4
 90
13
 90
14
 90
34
 90
33
 90
3
 90
0
 90
15
 90
14
 90
3
 90
1
 90
34
 90
35
 90
4
 90
14
 90
15
 90
35
 90
34
 90
3
 90
0
 90
16
 90
15
 90
3
 90
1
 90
35
 90
36
 90
4
 90
15
 90
16
 90
36
 90
35
 90
3
 90
0
 90
17
 90
16
 90
3
 90
1
 90
36
 90
37
 90
4
 90
16
 90
17
 90
37
 90
36
 90
3
 90
0
 90
18
 90
17
 90
3
 90
1
 90
37
 90
38
 90
4
 90
17
 90
18
 90
38
 90
37
 90
3
 90
0
 90
19
 90
18
 90
3
 90
1
 90
38
 90
39
 90
4
 90
18
 90
19
 90
39
 90
38
 90
3
 90
0
 90
20
 90
19
 90
3
 90
1
 90
39
 90
40
 90
4
 90
19
 90
20
 90
40
 90
39
 90
3
 90
0
 90
21
 90
20
 90
3
 90
1
 90
40
 90
41
 90
4
 90
20
 90
21
 90
41
 90
40
 90
3
 90
0
 90
2
 90
21
 90
3
 90
1
 90
41
 90
22
 90
4
 90
21
 90
2
 90
22
 90
41
 94
0
 95
0
 90
0
  0
MESH
  5
6B
330
17
100
AcDbEntity
  8
FASTENERS
100
AcDbSubDMesh
 71
2
 72
0
 91
0
 92
42
 10
210.0
 20
314.5
 30
170.0
 10
210.0
 20
322.5
 30
170.0
 10
328.0
 20
314.5
 30
170.0
 10
322.22466892282813
 20
314.5
 30
206.4640053362438
 10
305.4640053362438
 20
314.5
 30
239.35865977051185
 10
279.35865977051185
 20
314.5
 30
265.4640053362438
 10
246.46400533624382
 20
314.5
 30
282.22466892282813
 10
210.0
 20
314.5
 30
288.0
 10
173.5359946637562
 20
314.5
 30
282.22466892282813
 10
140.64134022948818
 20
314.5
 30
265.4640053362438
 10
114.53599466375621
 20
314.5
 30
239.35865977051185
 10
97.77533107717188
 20
314.5
 30
206.46400533624382
 10
92.0
 20
314.5
 30
170.00000000000003
 10
97.77533107717186
 20
314.5
 30
133.53599466375627
 10
114.5359946637562
 20
314.5
 30
100.64134022948818
 10
140.64134022948815
 20
314.5
 30
74.53599466375621
 10
173.53599466375618
 20
314.5
 30
57.775331077171884
 10
209.99999999999997
 20
314.5
 30
52.0
 10
246.46400533624376
 20
314.5
 30
57.77533107717187
 10
279.3586597705118
 20
314.5
 30
74.53599466375618
 10
305.46400533624376
 20
314.5
 30
100.64134022948815
 10
322.22466892282813
 20
314.5
 30
133.53599466375618
 10
328.0
 20
322.5
 30
170.0
 10
322.22466892282813
 20
322.5
 30
206.4640053362438
 10
305.4640053362438
 20
322.5
 30
239.35865977051185
 10
279.35865977051185
 20
322.5
 30
265.4640053362438
 10
246.46400533624382
 20
322.5
 30
282.22466892282813
 10
210.0
 20
322.5
 30
288.0
 10
173.5359946637562
 20
322.5
 30
282.22466892282813
 10
140.64134022948818
 20
322.5
 30
265.4640053362438
 10
114.53599466375621
 20
322.5
 30
239.35865977051185
 10
97.77533107717188
 20
322.5
 30
206.46400533624382
 10
92.0
 20
322.5
 30
170.00000000000003
 10
97.77533107717186
 20
322.5
 30
133.53599466375627
 10
114.5359946637562
 20
322.5
 30
100.64134022948818
 10
140.64134022948815
 20
322.5
 30
74.53599466375621
 10
173.53599466375618
 20
322.5
 30
57.775331077171884
 10
209.99999999999997
 20
322.5
 30
52.0
 10
246.46400533624376
 20
322.5
 30
57.77533107717187
 10
279.3586597705118
 20
322.5
 30
74.53599466375618
 10
305.46400533624376
 20
322.5
 30
100.64134022948815
 10
322.22466892282813
 20
322.5
 30
133.53599466375618
 93
260
 90
3
 90
0
 90
3
 90
2
 90
3
 90
1
 90
22
 90
23
 90
4
 90
2
 90
3
 90
23
 90
22
 90
3
 90
0
 90
4
 90
3
 90
3
 90
1
 90
23
 90
24
 90
4
 90
3
 90
4
 90
24
 90
23
 90
3
 90
0
 90
5
 90
4
 90
3
 90
1
 90
24
 90
25
 90
4
 90
4
 90
5
 90
25
 90
24
 90
3
 90
0
 90
6
 90
5
 90
3
 90
1
 90
25
 90
26
 90
4
 90
5
 90
6
 90
26
 90
25
 90
3
 90
0
 90
7
 90
6
 90
3
 90
1
 90
26
 90
27
 90
4
 90
6
 90
7
 90
27
 90
26
 90
3
 90
0
 90
8
 90
7
 90
3
 90
1
 90
27
 90
28
 90
4
 90
7
 90
8
 90
28
 90
27
 90
3
 90
0
 90
9
 90
8
 90
3
 90
1
 90
28
 90
29
 90
4
 90
8
 90
9
 90
29
 90
28
 90
3
 90
0
 90
10
 90
9
 90
3
 90
1
 90
29
 90
30
 90
4
 90
9
 90
10
 90
30
 90
29
 90
3
 90
0
 90
11
 90
10
 90
3
 90
1
 90
30
 90
31
 90
4
 90
10
 90
11
 90
31
 90
30
 90
3
 90
0
 90
12
 90
11
 90
3
 90
1
 90
31
 90
32
 90
4
 90
11
 90
12
 90
32
 90
31
 90
3
 90
0
 90
13
 90
12
 90
3
 90
1
 90
32
 90
33
 90
4
 90
12
 90
13
 90
33
 90
32
 90
3
 90
0
 90
14
 90
13
 90
3
 90
1
 90
33
 90
34
 90
4
 90
13
 90
14
 90
34
 90
33
 90
3
 90
0
 90
15
 90
14
 90
3
 90
1
 90
34
 90
35
 90
4
 90
14
 90
15
 90
35
 90
34
 90
3
 90
0
 90
16
 90
15
 90
3
 90
1
 90
35
 90
36
 90
4
 90
15
 90
16
 90
36
 90
35
 90
3
 90
0
 90
17
 90
16
 90
3
 90
1
 90
36
 90
37
 90
4
 90
16
 90
17
 90
37
 90
36
 90
3
 90
0
 90
18
 90
17
 90
3
 90
1
 90
37
 90
38
 90
4
 90
17
 90
18
 90
38
 90
37
 90
3
 90
0
 90
19
 90
18
 90
3
 90
1
 90
38
 90
39
 90
4
 90
18
 90
19
 90
39
 90
38
 90
3
 90
0
 90
20
 90
19
 90
3
 90
1
 90
39
 90
40
 90
4
 90
19
 90
20
 90
40
 90
39
 90
3
 90
0
 90
21
 90
20
 90
3
 90
1
 90
40
 90
41
 90
4
 90
20
 90
21
 90
41
 90
40
 90
3
 90
0
 90
2
 90
21
 90
3
 90
1
 90
41
 90
22
 90
4
 90
21
 90
2
 90
22
 90
41
 94
0
 95
0
 90
0
  0
MESH
  5
6C
330
17
100
AcDbEntity
  8
WHEELS
100
AcDbSubDMesh
 71
2
 72
0
 91
0
 92
8
 10
365.0
 20
224.0
 30
165.0
 10
385.0
 20
224.0
 30
165.0
 10
385.0
 20
270.0
 30
165.0
 10
365.0
 20
270.0
 30
165.0
 10
365.0
 20
224.0
 30
175.0
 10
385.0
 20
224.0
 30
175.0
 10
385.0
 20
270.0
 30
175.0
 10
365.0
 20
270.0
 30
175.0
 93
30
 90
4
 90
0
 90
3
 90
2
 90
1
 90
4
 90
4
 90
5
 90
6
 90
7
 90
4
 90
0
 90
1
 90
5
 90
4
 90
4
 90
1
 90
2
 90
6
 90
5
 90
4
 90
2
 90
3
 90
7
 90
6
 90
4
 90
3
 90
0
 90
4
 90
7
 94
0
 95
0
 90
0
  0
MESH
  5
6D
330
17
100
AcDbEntity
  8
WHEELS
100
AcDbSubDMesh
 71
2
 72
0
 91
0
 92
8
 10
365.0
 20
270.0
 30
165.0
 10
385.0
 20
270.0
 30
165.0
 10
385.0
 20
316.0
 30
165.0
 10
365.0
 20
316.0
 30
165.0
 10
365.0
 20
270.0
 30
175.0
 10
385.0
 20
270.0
 30
175.0
 10
385.0
 20
316.0
 30
175.0
 10
365.0
 20
316.0
 30
175.0
 93
30
 90
4
 90
0
 90
3
 90
2
 90
1
 90
4
 90
4
 90
5
 90
6
 90
7
 90
4
 90
0
 90
1
 90
5
 90
4
 90
4
 90
1
 90
2
 90
6
 90
5
 90
4
 90
2
 90
3
 90
7
 90
6
 90
4
 90
3
 90
0
 90
4
 90
7
 94
0
 95
0
 90
0
  0
MESH
  5
6E
330
17
100
AcDbEntity
  8
WHEELS
100
AcDbSubDMesh
 71
2
 72
0
 91
0
 92
8
 10
348.65986320389914
 20
224.0
 30
236.5908169543971
 10
368.65986320389914
 20
224.0
 30
236.5908169543971
 10
368.65986320389914
 20
270.0
 30
236.5908169543971
 10
348.65986320389914
 20
270.0
 30
236.5908169543971
 10
348.65986320389914
 20
224.0
 30
246.5908169543971
 10
368.65986320389914
 20
224.0
 30
246.5908169543971
 10
368.65986320389914
 20
270.0
 30
246.5908169543971
 10
348.65986320389914
 20
270.0
 30
246.5908169543971
 93
30
 90
4
 90
0
 90
3
 90
2
 90
1
 90
4
 90
4
 90
5
 90
6
 90
7
 90
4
 90
0
 90
1
 90
5
 90
4
 90
4
 90
1
 90
2
 90
6
 90
5
 90
4
 90
2
 90
3
 90
7
 90
6
 90
4
 90
3
 90
0
 90
4
 90
7
 94
0
 95
0
 90
0
  0
MESH
  5
6F
330
17
100
AcDbEntity
  8
WHEELS
100
AcDbSubDMesh
 71
2
 72
0
 91
0
 92
8
 10
348.65986320389914
 20
270.0
 30
236.5908169543971
 10
368.65986320389914
 20
270.0
 30
236.5908169543971
 10
368.65986320389914
 20
316.0
 30
236.5908169543971
 10
348.65986320389914
 20
316.0
 30
236.5908169543971
 10
348.65986320389914
 20
270.0
 30
246.5908169543971
 10
368.65986320389914
 20
270.0
 30
246.5908169543971
 10
368.65986320389914
 20
316.0
 30
246.5908169543971
 10
348.65986320389914
 20
316.0
 30
246.5908169543971
 93
30
 90
4
 90
0
 90
3
 90
2
 90
1
 90
4
 90
4
 90
5
 90
6
 90
7
 90
4
 90
0
 90
1
 90
5
 90
4
 90
4
 90
1
 90
2
 90
6
 90
5
 90
4
 90
2
 90
3
 90
7
 90
6
 90
4
 90
3
 90
0
 90
4
 90
7
 94
0
 95
0
 90
0
  0
MESH
  5
70
330
17
100
AcDbEntity
  8
WHEELS
100
AcDbSubDMesh
 71
2
 72
0
 91
0
 92
8
 10
302.87581730669103
 20
224.0
 30
294.0021946072249
 10
322.87581730669103
 20
224.0
 30
294.0021946072249
 10
322.87581730669103
 20
270.0
 30
294.0021946072249
 10
302.87581730669103
 20
270.0
 30
294.0021946072249
 10
302.87581730669103
 20
224.0
 30
304.0021946072249
 10
322.87581730669103
 20
224.0
 30
304.0021946072249
 10
322.87581730669103
 20
270.0
 30
304.0021946072249
 10
302.87581730669103
 20
270.0
 30
304.0021946072249
 93
30
 90
4
 90
0
 90
3
 90
2
 90
1
 90
4
 90
4
 90
5
 90
6
 90
7
 90
4
 90
0
 90
1
 90
5
 90
4
 90
4
 90
1
 90
2
 90
6
 90
5
 90
4
 90
2
 90
3
 90
7
 90
6
 90
4
 90
3
 90
0
 90
4
 90
7
 94
0
 95
0
 90
0
  0
MESH
  5
71
330
17
100
AcDbEntity
  8
WHEELS
100
AcDbSubDMesh
 71
2
 72
0
 91
0
 92
8
 10
302.87581730669103
 20
270.0
 30
294.0021946072249
 10
322.87581730669103
 20
270.0
 30
294.0021946072249
 10
322.87581730669103
 20
316.0
 30
294.0021946072249
 10
302.87581730669103
 20
316.0
 30
294.0021946072249
 10
302.87581730669103
 20
270.0
 30
304.0021946072249
 10
322.87581730669103
 20
270.0
 30
304.0021946072249
 10
322.87581730669103
 20
316.0
 30
304.0021946072249
 10
302.87581730669103
 20
316.0
 30
304.0021946072249
 93
30
 90
4
 90
0
 90
3
 90
2
 90
1
 90
4
 90
4
 90
5
 90
6
 90
7
 90
4
 90
0
 90
1
 90
5
 90
4
 90
4
 90
1
 90
2
 90
6
 90
5
 90
4
 90
2
 90
3
 90
7
 90
6
 90
4
 90
3
 90
0
 90
4
 90
7
 94
0
 95
0
 90
0
  0
MESH
  5
72
330
17
100
AcDbEntity
  8
WHEELS
100
AcDbSubDMesh
 71
2
 72
0
 91
0
 92
8
 10
236.7159541027919
 20
224.0
 30
325.8631055100009
 10
256.7159541027919
 20
224.0
 30
325.8631055100009
 10
256.7159541027919
 20
270.0
 30
325.8631055100009
 10
236.7159541027919
 20
270.0
 30
325.8631055100009
 10
236.7159541027919
 20
224.0
 30
335.8631055100009
 10
256.7159541027919
 20
224.0
 30
335.8631055100009
 10
256.7159541027919
 20
270.0
 30
335.8631055100009
 10
236.7159541027919
 20
270.0
 30
335.8631055100009
 93
30
 90
4
 90
0
 90
3
 90
2
 90
1
 90
4
 90
4
 90
5
 90
6
 90
7
 90
4
 90
0
 90
1
 90
5
 90
4
 90
4
 90
1
 90
2
 90
6
 90
5
 90
4
 90
2
 90
3
 90
7
 90
6
 90
4
 90
3
 90
0
 90
4
 90
7
 94
0
 95
0
 90
0
  0
MESH
  5
73
330
17
100
AcDbEntity
  8
WHEELS
100
AcDbSubDMesh
 71
2
 72
0
 91
0
 92
8
 10
236.7159541027919
 20
270.0
 30
325.8631055100009
 10
256.7159541027919
 20
270.0
 30
325.8631055100009
 10
256.7159541027919
 20
316.0
 30
325.8631055100009
 10
236.7159541027919
 20
316.0
 30
325.8631055100009
 10
236.7159541027919
 20
270.0
 30
335.8631055100009
 10
256.7159541027919
 20
270.0
 30
335.8631055100009
 10
256.7159541027919
 20
316.0
 30
335.8631055100009
 10
236.7159541027919
 20
316.0
 30
335.8631055100009
 93
30
 90
4
 90
0
 90
3
 90
2
 90
1
 90
4
 90
4
 90
5
 90
6
 90
7
 90
4
 90
0
 90
1
 90
5
 90
4
 90
4
 90
1
 90
2
 90
6
 90
5
 90
4
 90
2
 90
3
 90
7
 90
6
 90
4
 90
3
 90
0
 90
4
 90
7
 94
0
 95
0
 90
0
  0
MESH
  5
74
330
17
100
AcDbEntity
  8
WHEELS
100
AcDbSubDMesh
 71
2
 72
0
 91
0
 92
8
 10
163.28404589720813
 20
224.0
 30
325.8631055100009
 10
183.28404589720813
 20
224.0
 30
325.8631055100009
 10
183.28404589720813
 20
270.0
 30
325.8631055100009
 10
163.28404589720813
 20
270.0
 30
325.8631055100009
 10
163.28404589720813
 20
224.0
 30
335.8631055100009
 10
183.28404589720813
 20
224.0
 30
335.8631055100009
 10
183.28404589720813
 20
270.0
 30
335.8631055100009
 10
163.28404589720813
 20
270.0
 30
335.8631055100009
 93
30
 90
4
 90
0
 90
3
 90
2
 90
1
 90
4
 90
4
 90
5
 90
6
 90
7
 90
4
 90
0
 90
1
 90
5
 90
4
 90
4
 90
1
 90
2
 90
6
 90
5
 90
4
 90
2
 90
3
 90
7
 90
6
 90
4
 90
3
 90
0
 90
4
 90
7
 94
0
 95
0
 90
0
  0
MESH
  5
75
330
17
100
AcDbEntity
  8
WHEELS
100
AcDbSubDMesh
 71
2
 72
0
 91
0
 92
8
 10
163.28404589720813
 20
270.0
 30
325.8631055100009
 10
183.28404589720813
 20
270.0
 30
325.8631055100009
 10
183.28404589720813
 20
316.0
 30
325.8631055100009
 10
163.28404589720813
 20
316.0
 30
325.8631055100009
 10
163.28404589720813
 20
270.0
 30
335.8631055100009
 10
183.28404589720813
 20
270.0
 30
335.8631055100009
 10
183.28404589720813
 20
316.0
 30
335.8631055100009
 10
163.28404589720813
 20
316.0
 30
335.8631055100009
 93
30
 90
4
 90
0
 90
3
 90
2
 90
1
 90
4
 90
4
 90
5
 90
6
 90
7
 90
4
 90
0
 90
1
 90
5
 90
4
 90
4
 90
1
 90
2
 90
6
 90
5
 90
4
 90
2
 90
3
 90
7
 90
6
 90
4
 90
3
 90
0
 90
4
 90
7
 94
0
 95
0
 90
0
  0
MESH
  5
76
330
17
100
AcDbEntity
  8
WHEELS
100
AcDbSubDMesh
 71
2
 72
0
 91
0
 92
8
 10
97.12418269330898
 20
224.0
 30
294.00219460722496
 10
117.12418269330898
 20
224.0
 30
294.00219460722496
 10
117.12418269330898
 20
270.0
 30
294.00219460722496
 10
97.12418269330898
 20
270.0
 30
294.00219460722496
 10
97.12418269330898
 20
224.0
 30
304.00219460722496
 10
117.12418269330898
 20
224.0
 30
304.00219460722496
 10
117.12418269330898
 20
270.0
 30
304.00219460722496
 10
97.12418269330898
 20
270.0
 30
304.00219460722496
 93
30
 90
4
 90
0
 90
3
 90
2
 90
1
 90
4
 90
4
 90
5
 90
6
 90
7
 90
4
 90
0
 90
1
 90
5
 90
4
 90
4
 90
1
 90
2
 90
6
 90
5
 90
4
 90
2
 90
3
 90
7
 90
6
 90
4
 90
3
 90
0
 90
4
 90
7
 94
0
 95
0
 90
0
  0
MESH
  5
77
330
17
100
AcDbEntity
  8
WHEELS
100
AcDbSubDMesh
 71
2
 72
0
 91
0
 92
8
 10
97.12418269330898
 20
270.0
 30
294.00219460722496
 10
117.12418269330898
 20
270.0
 30
294.00219460722496
 10
117.12418269330898
 20
316.0
 30
294.00219460722496
 10
97.12418269330898
 20
316.0
 30
294.00219460722496
 10
97.12418269330898
 20
270.0
 30
304.00219460722496
 10
117.12418269330898
 20
270.0
 30
304.00219460722496
 10
117.12418269330898
 20
316.0
 30
304.00219460722496
 10
97.12418269330898
 20
316.0
 30
304.00219460722496
 93
30
 90
4
 90
0
 90
3
 90
2
 90
1
 90
4
 90
4
 90
5
 90
6
 90
7
 90
4
 90
0
 90
1
 90
5
 90
4
 90
4
 90
1
 90
2
 90
6
 90
5
 90
4
 90
2
 90
3
 90
7
 90
6
 90
4
 90
3
 90
0
 90
4
 90
7
 94
0
 95
0
 90
0
  0
MESH
  5
78
330
17
100
AcDbEntity
  8
WHEELS
100
AcDbSubDMesh
 71
2
 72
0
 91
0
 92
8
 10
51.340136796100865
 20
224.0
 30
236.5908169543971
 10
71.34013679610086
 20
224.0
 30
236.5908169543971
 10
71.34013679610086
 20
270.0
 30
236.5908169543971
 10
51.340136796100865
 20
270.0
 30
236.5908169543971
 10
51.340136796100865
 20
224.0
 30
246.5908169543971
 10
71.34013679610086
 20
224.0
 30
246.5908169543971
 10
71.34013679610086
 20
270.0
 30
246.5908169543971
 10
51.340136796100865
 20
270.0
 30
246.5908169543971
 93
30
 90
4
 90
0
 90
3
 90
2
 90
1
 90
4
 90
4
 90
5
 90
6
 90
7
 90
4
 90
0
 90
1
 90
5
 90
4
 90
4
 90
1
 90
2
 90
6
 90
5
 90
4
 90
2
 90
3
 90
7
 90
6
 90
4
 90
3
 90
0
 90
4
 90
7
 94
0
 95
0
 90
0
  0
MESH
  5
79
330
17
100
AcDbEntity
  8
WHEELS
100
AcDbSubDMesh
 71
2
 72
0
 91
0
 92
8
 10
51.340136796100865
 20
270.0
 30
236.5908169543971
 10
71.34013679610086
 20
270.0
 30
236.5908169543971
 10
71.34013679610086
 20
316.0
 30
236.5908169543971
 10
51.340136796100865
 20
316.0
 30
236.5908169543971
 10
51.340136796100865
 20
270.0
 30
246.5908169543971
 10
71.34013679610086
 20
270.0
 30
246.5908169543971
 10
71.34013679610086
 20
316.0
 30
246.5908169543971
 10
51.340136796100865
 20
316.0
 30
246.5908169543971
 93
30
 90
4
 90
0
 90
3
 90
2
 90
1
 90
4
 90
4
 90
5
 90
6
 90
7
 90
4
 90
0
 90
1
 90
5
 90
4
 90
4
 90
1
 90
2
 90
6
 90
5
 90
4
 90
2
 90
3
 90
7
 90
6
 90
4
 90
3
 90
0
 90
4
 90
7
 94
0
 95
0
 90
0
  0
MESH
  5
7A
330
17
100
AcDbEntity
  8
WHEELS
100
AcDbSubDMesh
 71
2
 72
0
 91
0
 92
8
 10
35.0
 20
224.0
 30
165.00000000000003
 10
55.0
 20
224.0
 30
165.00000000000003
 10
55.0
 20
270.0
 30
165.00000000000003
 10
35.0
 20
270.0
 30
165.00000000000003
 10
35.0
 20
224.0
 30
175.00000000000003
 10
55.0
 20
224.0
 30
175.00000000000003
 10
55.0
 20
270.0
 30
175.00000000000003
 10
35.0
 20
270.0
 30
175.00000000000003
 93
30
 90
4
 90
0
 90
3
 90
2
 90
1
 90
4
 90
4
 90
5
 90
6
 90
7
 90
4
 90
0
 90
1
 90
5
 90
4
 90
4
 90
1
 90
2
 90
6
 90
5
 90
4
 90
2
 90
3
 90
7
 90
6
 90
4
 90
3
 90
0
 90
4
 90
7
 94
0
 95
0
 90
0
  0
MESH
  5
7B
330
17
100
AcDbEntity
  8
WHEELS
100
AcDbSubDMesh
 71
2
 72
0
 91
0
 92
8
 10
35.0
 20
270.0
 30
165.00000000000003
 10
55.0
 20
270.0
 30
165.00000000000003
 10
55.0
 20
316.0
 30
165.00000000000003
 10
35.0
 20
316.0
 30
165.00000000000003
 10
35.0
 20
270.0
 30
175.00000000000003
 10
55.0
 20
270.0
 30
175.00000000000003
 10
55.0
 20
316.0
 30
175.00000000000003
 10
35.0
 20
316.0
 30
175.00000000000003
 93
30
 90
4
 90
0
 90
3
 90
2
 90
1
 90
4
 90
4
 90
5
 90
6
 90
7
 90
4
 90
0
 90
1
 90
5
 90
4
 90
4
 90
1
 90
2
 90
6
 90
5
 90
4
 90
2
 90
3
 90
7
 90
6
 90
4
 90
3
 90
0
 90
4
 90
7
 94
0
 95
0
 90
0
  0
MESH
  5
7C
330
17
100
AcDbEntity
  8
WHEELS
100
AcDbSubDMesh
 71
2
 72
0
 91
0
 92
8
 10
51.340136796100836
 20
224.0
 30
93.40918304560293
 10
71.34013679610084
 20
224.0
 30
93.40918304560293
 10
71.34013679610084
 20
270.0
 30
93.40918304560293
 10
51.340136796100836
 20
270.0
 30
93.40918304560293
 10
51.340136796100836
 20
224.0
 30
103.40918304560293
 10
71.34013679610084
 20
224.0
 30
103.40918304560293
 10
71.34013679610084
 20
270.0
 30
103.40918304560293
 10
51.340136796100836
 20
270.0
 30
103.40918304560293
 93
30
 90
4
 90
0
 90
3
 90
2
 90
1
 90
4
 90
4
 90
5
 90
6
 90
7
 90
4
 90
0
 90
1
 90
5
 90
4
 90
4
 90
1
 90
2
 90
6
 90
5
 90
4
 90
2
 90
3
 90
7
 90
6
 90
4
 90
3
 90
0
 90
4
 90
7
 94
0
 95
0
 90
0
  0
MESH
  5
7D
330
17
100
AcDbEntity
  8
WHEELS
100
AcDbSubDMesh
 71
2
 72
0
 91
0
 92
8
 10
51.340136796100836
 20
270.0
 30
93.40918304560293
 10
71.34013679610084
 20
270.0
 30
93.40918304560293
 10
71.34013679610084
 20
316.0
 30
93.40918304560293
 10
51.340136796100836
 20
316.0
 30
93.40918304560293
 10
51.340136796100836
 20
270.0
 30
103.40918304560293
 10
71.34013679610084
 20
270.0
 30
103.40918304560293
 10
71.34013679610084
 20
316.0
 30
103.40918304560293
 10
51.340136796100836
 20
316.0
 30
103.40918304560293
 93
30
 90
4
 90
0
 90
3
 90
2
 90
1
 90
4
 90
4
 90
5
 90
6
 90
7
 90
4
 90
0
 90
1
 90
5
 90
4
 90
4
 90
1
 90
2
 90
6
 90
5
 90
4
 90
2
 90
3
 90
7
 90
6
 90
4
 90
3
 90
0
 90
4
 90
7
 94
0
 95
0
 90
0
  0
MESH
  5
7E
330
17
100
AcDbEntity
  8
WHEELS
100
AcDbSubDMesh
 71
2
 72
0
 91
0
 92
8
 10
97.12418269330894
 20
224.0
 30
35.99780539277509
 10
117.12418269330894
 20
224.0
 30
35.99780539277509
 10
117.12418269330894
 20
270.0
 30
35.99780539277509
 10
97.12418269330894
 20
270.0
 30
35.99780539277509
 10
97.12418269330894
 20
224.0
 30
45.99780539277509
 10
117.12418269330894
 20
224.0
 30
45.99780539277509
 10
117.12418269330894
 20
270.0
 30
45.99780539277509
 10
97.12418269330894
 20
270.0
 30
45.99780539277509
 93
30
 90
4
 90
0
 90
3
 90
2
 90
1
 90
4
 90
4
 90
5
 90
6
 90
7
 90
4
 90
0
 90
1
 90
5
 90
4
 90
4
 90
1
 90
2
 90
6
 90
5
 90
4
 90
2
 90
3
 90
7
 90
6
 90
4
 90
3
 90
0
 90
4
 90
7
 94
0
 95
0
 90
0
  0
MESH
  5
7F
330
17
100
AcDbEntity
  8
WHEELS
100
AcDbSubDMesh
 71
2
 72
0
 91
0
 92
8
 10
97.12418269330894
 20
270.0
 30
35.99780539277509
 10
117.12418269330894
 20
270.0
 30
35.99780539277509
 10
117.12418269330894
 20
316.0
 30
35.99780539277509
 10
97.12418269330894
 20
316.0
 30
35.99780539277509
 10
97.12418269330894
 20
270.0
 30
45.99780539277509
 10
117.12418269330894
 20
270.0
 30
45.99780539277509
 10
117.12418269330894
 20
316.0
 30
45.99780539277509
 10
97.12418269330894
 20
316.0
 30
45.99780539277509
 93
30
 90
4
 90
0
 90
3
 90
2
 90
1
 90
4
 90
4
 90
5
 90
6
 90
7
 90
4
 90
0
 90
1
 90
5
 90
4
 90
4
 90
1
 90
2
 90
6
 90
5
 90
4
 90
2
 90
3
 90
7
 90
6
 90
4
 90
3
 90
0
 90
4
 90
7
 94
0
 95
0
 90
0
  0
MESH
  5
80
330
17
100
AcDbEntity
  8
WHEELS
100
AcDbSubDMesh
 71
2
 72
0
 91
0
 92
8
 10
163.2840458972081
 20
224.0
 30
4.136894489999094
 10
183.2840458972081
 20
224.0
 30
4.136894489999094
 10
183.2840458972081
 20
270.0
 30
4.136894489999094
 10
163.2840458972081
 20
270.0
 30
4.136894489999094
 10
163.2840458972081
 20
224.0
 30
14.136894489999094
 10
183.2840458972081
 20
224.0
 30
14.136894489999094
 10
183.2840458972081
 20
270.0
 30
14.136894489999094
 10
163.2840458972081
 20
270.0
 30
14.136894489999094
 93
30
 90
4
 90
0
 90
3
 90
2
 90
1
 90
4
 90
4
 90
5
 90
6
 90
7
 90
4
 90
0
 90
1
 90
5
 90
4
 90
4
 90
1
 90
2
 90
6
 90
5
 90
4
 90
2
 90
3
 90
7
 90
6
 90
4
 90
3
 90
0
 90
4
 90
7
 94
0
 95
0
 90
0
  0
MESH
  5
81
330
17
100
AcDbEntity
  8
WHEELS
100
AcDbSubDMesh
 71
2
 72
0
 91
0
 92
8
 10
163.2840458972081
 20
270.0
 30
4.136894489999094
 10
183.2840458972081
 20
270.0
 30
4.136894489999094
 10
183.2840458972081
 20
316.0
 30
4.136894489999094
 10
163.2840458972081
 20
316.0
 30
4.136894489999094
 10
163.2840458972081
 20
270.0
 30
14.136894489999094
 10
183.2840458972081
 20
270.0
 30
14.136894489999094
 10
183.2840458972081
 20
316.0
 30
14.136894489999094
 10
163.2840458972081
 20
316.0
 30
14.136894489999094
 93
30
 90
4
 90
0
 90
3
 90
2
 90
1
 90
4
 90
4
 90
5
 90
6
 90
7
 90
4
 90
0
 90
1
 90
5
 90
4
 90
4
 90
1
 90
2
 90
6
 90
5
 90
4
 90
2
 90
3
 90
7
 90
6
 90
4
 90
3
 90
0
 90
4
 90
7
 94
0
 95
0
 90
0
  0
MESH
  5
82
330
17
100
AcDbEntity
  8
WHEELS
100
AcDbSubDMesh
 71
2
 72
0
 91
0
 92
8
 10
236.7159541027917
 20
224.0
 30
4.136894489999065
 10
256.71595410279167
 20
224.0
 30
4.136894489999065
 10
256.71595410279167
 20
270.0
 30
4.136894489999065
 10
236.7159541027917
 20
270.0
 30
4.136894489999065
 10
236.7159541027917
 20
224.0
 30
14.136894489999065
 10
256.71595410279167
 20
224.0
 30
14.136894489999065
 10
256.71595410279167
 20
270.0
 30
14.136894489999065
 10
236.7159541027917
 20
270.0
 30
14.136894489999065
 93
30
 90
4
 90
0
 90
3
 90
2
 90
1
 90
4
 90
4
 90
5
 90
6
 90
7
 90
4
 90
0
 90
1
 90
5
 90
4
 90
4
 90
1
 90
2
 90
6
 90
5
 90
4
 90
2
 90
3
 90
7
 90
6
 90
4
 90
3
 90
0
 90
4
 90
7
 94
0
 95
0
 90
0
  0
MESH
  5
83
330
17
100
AcDbEntity
  8
WHEELS
100
AcDbSubDMesh
 71
2
 72
0
 91
0
 92
8
 10
236.7159541027917
 20
270.0
 30
4.136894489999065
 10
256.71595410279167
 20
270.0
 30
4.136894489999065
 10
256.71595410279167
 20
316.0
 30
4.136894489999065
 10
236.7159541027917
 20
316.0
 30
4.136894489999065
 10
236.7159541027917
 20
270.0
 30
14.136894489999065
 10
256.71595410279167
 20
270.0
 30
14.136894489999065
 10
256.71595410279167
 20
316.0
 30
14.136894489999065
 10
236.7159541027917
 20
316.0
 30
14.136894489999065
 93
30
 90
4
 90
0
 90
3
 90
2
 90
1
 90
4
 90
4
 90
5
 90
6
 90
7
 90
4
 90
0
 90
1
 90
5
 90
4
 90
4
 90
1
 90
2
 90
6
 90
5
 90
4
 90
2
 90
3
 90
7
 90
6
 90
4
 90
3
 90
0
 90
4
 90
7
 94
0
 95
0
 90
0
  0
MESH
  5
84
330
17
100
AcDbEntity
  8
WHEELS
100
AcDbSubDMesh
 71
2
 72
0
 91
0
 92
8
 10
302.87581730669103
 20
224.0
 30
35.997805392775064
 10
322.87581730669103
 20
224.0
 30
35.997805392775064
 10
322.87581730669103
 20
270.0
 30
35.997805392775064
 10
302.87581730669103
 20
270.0
 30
35.997805392775064
 10
302.87581730669103
 20
224.0
 30
45.997805392775064
 10
322.87581730669103
 20
224.0
 30
45.997805392775064
 10
322.87581730669103
 20
270.0
 30
45.997805392775064
 10
302.87581730669103
 20
270.0
 30
45.997805392775064
 93
30
 90
4
 90
0
 90
3
 90
2
 90
1
 90
4
 90
4
 90
5
 90
6
 90
7
 90
4
 90
0
 90
1
 90
5
 90
4
 90
4
 90
1
 90
2
 90
6
 90
5
 90
4
 90
2
 90
3
 90
7
 90
6
 90
4
 90
3
 90
0
 90
4
 90
7
 94
0
 95
0
 90
0
  0
MESH
  5
85
330
17
100
AcDbEntity
  8
WHEELS
100
AcDbSubDMesh
 71
2
 72
0
 91
0
 92
8
 10
302.87581730669103
 20
270.0
 30
35.997805392775064
 10
322.87581730669103
 20
270.0
 30
35.997805392775064
 10
322.87581730669103
 20
316.0
 30
35.997805392775064
 10
302.87581730669103
 20
316.0
 30
35.997805392775064
 10
302.87581730669103
 20
270.0
 30
45.997805392775064
 10
322.87581730669103
 20
270.0
 30
45.997805392775064
 10
322.87581730669103
 20
316.0
 30
45.997805392775064
 10
302.87581730669103
 20
316.0
 30
45.997805392775064
 93
30
 90
4
 90
0
 90
3
 90
2
 90
1
 90
4
 90
4
 90
5
 90
6
 90
7
 90
4
 90
0
 90
1
 90
5
 90
4
 90
4
 90
1
 90
2
 90
6
 90
5
 90
4
 90
2
 90
3
 90
7
 90
6
 90
4
 90
3
 90
0
 90
4
 90
7
 94
0
 95
0
 90
0
  0
MESH
  5
86
330
17
100
AcDbEntity
  8
WHEELS
100
AcDbSubDMesh
 71
2
 72
0
 91
0
 92
8
 10
348.6598632038992
 20
224.0
 30
93.40918304560302
 10
368.6598632038992
 20
224.0
 30
93.40918304560302
 10
368.6598632038992
 20
270.0
 30
93.40918304560302
 10
348.6598632038992
 20
270.0
 30
93.40918304560302
 10
348.6598632038992
 20
224.0
 30
103.40918304560302
 10
368.6598632038992
 20
224.0
 30
103.40918304560302
 10
368.6598632038992
 20
270.0
 30
103.40918304560302
 10
348.6598632038992
 20
270.0
 30
103.40918304560302
 93
30
 90
4
 90
0
 90
3
 90
2
 90
1
 90
4
 90
4
 90
5
 90
6
 90
7
 90
4
 90
0
 90
1
 90
5
 90
4
 90
4
 90
1
 90
2
 90
6
 90
5
 90
4
 90
2
 90
3
 90
7
 90
6
 90
4
 90
3
 90
0
 90
4
 90
7
 94
0
 95
0
 90
0
  0
MESH
  5
87
330
17
100
AcDbEntity
  8
WHEELS
100
AcDbSubDMesh
 71
2
 72
0
 91
0
 92
8
 10
348.6598632038992
 20
270.0
 30
93.40918304560302
 10
368.6598632038992
 20
270.0
 30
93.40918304560302
 10
368.6598632038992
 20
316.0
 30
93.40918304560302
 10
348.6598632038992
 20
316.0
 30
93.40918304560302
 10
348.6598632038992
 20
270.0
 30
103.40918304560302
 10
368.6598632038992
 20
270.0
 30
103.40918304560302
 10
368.6598632038992
 20
316.0
 30
103.40918304560302
 10
348.6598632038992
 20
316.0
 30
103.40918304560302
 93
30
 90
4
 90
0
 90
3
 90
2
 90
1
 90
4
 90
4
 90
5
 90
6
 90
7
 90
4
 90
0
 90
1
 90
5
 90
4
 90
4
 90
1
 90
2
 90
6
 90
5
 90
4
 90
2
 90
3
 90
7
 90
6
 90
4
 90
3
 90
0
 90
4
 90
7
 94
0
 95
0
 90
0
  0
MESH
  5
88
330
17
100
AcDbEntity
  8
FASTENERS
100
AcDbSubDMesh
 71
2
 72
0
 91
0
 92
30
 10
210.0
 20
310.5
 30
170.0
 10
210.0
 20
334.5
 30
170.0
 10
248.0
 20
310.5
 30
170.0
 10
244.23681698029193
 20
310.5
 30
186.4875820864672
 10
233.69261247063187
 20
310.5
 30
199.70959633378513
 10
218.45579549033994
 20
310.5
 30
207.0472606629093
 10
201.54420450966006
 20
310.5
 30
207.0472606629093
 10
186.30738752936813
 20
310.5
 30
199.70959633378513
 10
175.7631830197081
 20
310.5
 30
186.48758208646723
 10
172.0
 20
310.5
 30
170.0
 10
175.76318301970807
 20
310.5
 30
153.5124179135328
 10
186.30738752936813
 20
310.5
 30
140.29040366621487
 10
201.54420450966003
 20
310.5
 30
132.9527393370907
 10
218.4557954903399
 20
310.5
 30
132.9527393370907
 10
233.69261247063187
 20
310.5
 30
140.29040366621487
 10
244.23681698029193
 20
310.5
 30
153.51241791353283
 10
248.0
 20
334.5
 30
170.0
 10
244.23681698029193
 20
334.5
 30
186.4875820864672
 10
233.69261247063187
 20
334.5
 30
199.70959633378513
 10
218.45579549033994
 20
334.5
 30
207.0472606629093
 10
201.54420450966006
 20
334.5
 30
207.0472606629093
 10
186.30738752936813
 20
334.5
 30
199.70959633378513
 10
175.7631830197081
 20
334.5
 30
186.48758208646723
 10
172.0
 20
334.5
 30
170.0
 10
175.76318301970807
 20
334.5
 30
153.5124179135328
 10
186.30738752936813
 20
334.5
 30
140.29040366621487
 10
201.54420450966003
 20
334.5
 30
132.9527393370907
 10
218.4557954903399
 20
334.5
 30
132.9527393370907
 10
233.69261247063187
 20
334.5
 30
140.29040366621487
 10
244.23681698029193
 20
334.5
 30
153.51241791353283
 93
182
 90
3
 90
0
 90
3
 90
2
 90
3
 90
1
 90
16
 90
17
 90
4
 90
2
 90
3
 90
17
 90
16
 90
3
 90
0
 90
4
 90
3
 90
3
 90
1
 90
17
 90
18
 90
4
 90
3
 90
4
 90
18
 90
17
 90
3
 90
0
 90
5
 90
4
 90
3
 90
1
 90
18
 90
19
 90
4
 90
4
 90
5
 90
19
 90
18
 90
3
 90
0
 90
6
 90
5
 90
3
 90
1
 90
19
 90
20
 90
4
 90
5
 90
6
 90
20
 90
19
 90
3
 90
0
 90
7
 90
6
 90
3
 90
1
 90
20
 90
21
 90
4
 90
6
 90
7
 90
21
 90
20
 90
3
 90
0
 90
8
 90
7
 90
3
 90
1
 90
21
 90
22
 90
4
 90
7
 90
8
 90
22
 90
21
 90
3
 90
0
 90
9
 90
8
 90
3
 90
1
 90
22
 90
23
 90
4
 90
8
 90
9
 90
23
 90
22
 90
3
 90
0
 90
10
 90
9
 90
3
 90
1
 90
23
 90
24
 90
4
 90
9
 90
10
 90
24
 90
23
 90
3
 90
0
 90
11
 90
10
 90
3
 90
1
 90
24
 90
25
 90
4
 90
10
 90
11
 90
25
 90
24
 90
3
 90
0
 90
12
 90
11
 90
3
 90
1
 90
25
 90
26
 90
4
 90
11
 90
12
 90
26
 90
25
 90
3
 90
0
 90
13
 90
12
 90
3
 90
1
 90
26
 90
27
 90
4
 90
12
 90
13
 90
27
 90
26
 90
3
 90
0
 90
14
 90
13
 90
3
 90
1
 90
27
 90
28
 90
4
 90
13
 90
14
 90
28
 90
27
 90
3
 90
0
 90
15
 90
14
 90
3
 90
1
 90
28
 90
29
 90
4
 90
14
 90
15
 90
29
 90
28
 90
3
 90
0
 90
2
 90
15
 90
3
 90
1
 90
29
 90
16
 90
4
 90
15
 90
2
 90
16
 90
29
 94
0
 95
0
 90
0
  0
MESH
  5
89
330
17
100
AcDbEntity
  8
FASTENERS
100
AcDbSubDMesh
 71
2
 72
0
 91
0
 92
22
 10
236.0
 20
317.5
 30
170.0
 10
236.0
 20
332.5
 30
170.0
 10
242.0
 20
317.5
 30
170.0
 10
240.8541019662497
 20
317.5
 30
173.52671151375483
 10
237.8541019662497
 20
317.5
 30
175.70633909777092
 10
234.1458980337503
 20
317.5
 30
175.70633909777092
 10
231.1458980337503
 20
317.5
 30
173.52671151375483
 10
230.0
 20
317.5
 30
170.0
 10
231.1458980337503
 20
317.5
 30
166.47328848624517
 10
234.1458980337503
 20
317.5
 30
164.29366090222908
 10
237.8541019662497
 20
317.5
 30
164.29366090222908
 10
240.8541019662497
 20
317.5
 30
166.47328848624517
 10
242.0
 20
332.5
 30
170.0
 10
240.8541019662497
 20
332.5
 30
173.52671151375483
 10
237.8541019662497
 20
332.5
 30
175.70633909777092
 10
234.1458980337503
 20
332.5
 30
175.70633909777092
 10
231.1458980337503
 20
332.5
 30
173.52671151375483
 10
230.0
 20
332.5
 30
170.0
 10
231.1458980337503
 20
332.5
 30
166.47328848624517
 10
234.1458980337503
 20
332.5
 30
164.29366090222908
 10
237.8541019662497
 20
332.5
 30
164.29366090222908
 10
240.8541019662497
 20
332.5
 30
166.47328848624517
 93
130
 90
3
 90
0
 90
3
 90
2
 90
3
 90
1
 90
12
 90
13
 90
4
 90
2
 90
3
 90
13
 90
12
 90
3
 90
0
 90
4
 90
3
 90
3
 90
1
 90
13
 90
14
 90
4
 90
3
 90
4
 90
14
 90
13
 90
3
 90
0
 90
5
 90
4
 90
3
 90
1
 90
14
 90
15
 90
4
 90
4
 90
5
 90
15
 90
14
 90
3
 90
0
 90
6
 90
5
 90
3
 90
1
 90
15
 90
16
 90
4
 90
5
 90
6
 90
16
 90
15
 90
3
 90
0
 90
7
 90
6
 90
3
 90
1
 90
16
 90
17
 90
4
 90
6
 90
7
 90
17
 90
16
 90
3
 90
0
 90
8
 90
7
 90
3
 90
1
 90
17
 90
18
 90
4
 90
7
 90
8
 90
18
 90
17
 90
3
 90
0
 90
9
 90
8
 90
3
 90
1
 90
18
 90
19
 90
4
 90
8
 90
9
 90
19
 90
18
 90
3
 90
0
 90
10
 90
9
 90
3
 90
1
 90
19
 90
20
 90
4
 90
9
 90
10
 90
20
 90
19
 90
3
 90
0
 90
11
 90
10
 90
3
 90
1
 90
20
 90
21
 90
4
 90
10
 90
11
 90
21
 90
20
 90
3
 90
0
 90
2
 90
11
 90
3
 90
1
 90
21
 90
12
 90
4
 90
11
 90
2
 90
12
 90
21
 94
0
 95
0
 90
0
  0
MESH
  5
8A
330
17
100
AcDbEntity
  8
FASTENERS
100
AcDbSubDMesh
 71
2
 72
0
 91
0
 92
22
 10
223.0
 20
317.5
 30
192.5166604983954
 10
223.0
 20
332.5
 30
192.5166604983954
 10
229.0
 20
317.5
 30
192.5166604983954
 10
227.8541019662497
 20
317.5
 30
196.04337201215023
 10
224.8541019662497
 20
317.5
 30
198.22299959616632
 10
221.1458980337503
 20
317.5
 30
198.22299959616632
 10
218.1458980337503
 20
317.5
 30
196.04337201215023
 10
217.0
 20
317.5
 30
192.5166604983954
 10
218.1458980337503
 20
317.5
 30
188.98994898464056
 10
221.1458980337503
 20
317.5
 30
186.81032140062447
 10
224.8541019662497
 20
317.5
 30
186.81032140062447
 10
227.8541019662497
 20
317.5
 30
188.98994898464056
 10
229.0
 20
332.5
 30
192.5166604983954
 10
227.8541019662497
 20
332.5
 30
196.04337201215023
 10
224.8541019662497
 20
332.5
 30
198.22299959616632
 10
221.1458980337503
 20
332.5
 30
198.22299959616632
 10
218.1458980337503
 20
332.5
 30
196.04337201215023
 10
217.0
 20
332.5
 30
192.5166604983954
 10
218.1458980337503
 20
332.5
 30
188.98994898464056
 10
221.1458980337503
 20
332.5
 30
186.81032140062447
 10
224.8541019662497
 20
332.5
 30
186.81032140062447
 10
227.8541019662497
 20
332.5
 30
188.98994898464056
 93
130
 90
3
 90
0
 90
3
 90
2
 90
3
 90
1
 90
12
 90
13
 90
4
 90
2
 90
3
 90
13
 90
12
 90
3
 90
0
 90
4
 90
3
 90
3
 90
1
 90
13
 90
14
 90
4
 90
3
 90
4
 90
14
 90
13
 90
3
 90
0
 90
5
 90
4
 90
3
 90
1
 90
14
 90
15
 90
4
 90
4
 90
5
 90
15
 90
14
 90
3
 90
0
 90
6
 90
5
 90
3
 90
1
 90
15
 90
16
 90
4
 90
5
 90
6
 90
16
 90
15
 90
3
 90
0
 90
7
 90
6
 90
3
 90
1
 90
16
 90
17
 90
4
 90
6
 90
7
 90
17
 90
16
 90
3
 90
0
 90
8
 90
7
 90
3
 90
1
 90
17
 90
18
 90
4
 90
7
 90
8
 90
18
 90
17
 90
3
 90
0
 90
9
 90
8
 90
3
 90
1
 90
18
 90
19
 90
4
 90
8
 90
9
 90
19
 90
18
 90
3
 90
0
 90
10
 90
9
 90
3
 90
1
 90
19
 90
20
 90
4
 90
9
 90
10
 90
20
 90
19
 90
3
 90
0
 90
11
 90
10
 90
3
 90
1
 90
20
 90
21
 90
4
 90
10
 90
11
 90
21
 90
20
 90
3
 90
0
 90
2
 90
11
 90
3
 90
1
 90
21
 90
12
 90
4
 90
11
 90
2
 90
12
 90
21
 94
0
 95
0
 90
0
  0
MESH
  5
8B
330
17
100
AcDbEntity
  8
FASTENERS
100
AcDbSubDMesh
 71
2
 72
0
 91
0
 92
22
 10
197.0
 20
317.5
 30
192.5166604983954
 10
197.0
 20
332.5
 30
192.5166604983954
 10
203.0
 20
317.5
 30
192.5166604983954
 10
201.8541019662497
 20
317.5
 30
196.04337201215023
 10
198.8541019662497
 20
317.5
 30
198.22299959616632
 10
195.1458980337503
 20
317.5
 30
198.22299959616632
 10
192.1458980337503
 20
317.5
 30
196.04337201215023
 10
191.0
 20
317.5
 30
192.5166604983954
 10
192.1458980337503
 20
317.5
 30
188.98994898464056
 10
195.1458980337503
 20
317.5
 30
186.81032140062447
 10
198.8541019662497
 20
317.5
 30
186.81032140062447
 10
201.8541019662497
 20
317.5
 30
188.98994898464056
 10
203.0
 20
332.5
 30
192.5166604983954
 10
201.8541019662497
 20
332.5
 30
196.04337201215023
 10
198.8541019662497
 20
332.5
 30
198.22299959616632
 10
195.1458980337503
 20
332.5
 30
198.22299959616632
 10
192.1458980337503
 20
332.5
 30
196.04337201215023
 10
191.0
 20
332.5
 30
192.5166604983954
 10
192.1458980337503
 20
332.5
 30
188.98994898464056
 10
195.1458980337503
 20
332.5
 30
186.81032140062447
 10
198.8541019662497
 20
332.5
 30
186.81032140062447
 10
201.8541019662497
 20
332.5
 30
188.98994898464056
 93
130
 90
3
 90
0
 90
3
 90
2
 90
3
 90
1
 90
12
 90
13
 90
4
 90
2
 90
3
 90
13
 90
12
 90
3
 90
0
 90
4
 90
3
 90
3
 90
1
 90
13
 90
14
 90
4
 90
3
 90
4
 90
14
 90
13
 90
3
 90
0
 90
5
 90
4
 90
3
 90
1
 90
14
 90
15
 90
4
 90
4
 90
5
 90
15
 90
14
 90
3
 90
0
 90
6
 90
5
 90
3
 90
1
 90
15
 90
16
 90
4
 90
5
 90
6
 90
16
 90
15
 90
3
 90
0
 90
7
 90
6
 90
3
 90
1
 90
16
 90
17
 90
4
 90
6
 90
7
 90
17
 90
16
 90
3
 90
0
 90
8
 90
7
 90
3
 90
1
 90
17
 90
18
 90
4
 90
7
 90
8
 90
18
 90
17
 90
3
 90
0
 90
9
 90
8
 90
3
 90
1
 90
18
 90
19
 90
4
 90
8
 90
9
 90
19
 90
18
 90
3
 90
0
 90
10
 90
9
 90
3
 90
1
 90
19
 90
20
 90
4
 90
9
 90
10
 90
20
 90
19
 90
3
 90
0
 90
11
 90
10
 90
3
 90
1
 90
20
 90
21
 90
4
 90
10
 90
11
 90
21
 90
20
 90
3
 90
0
 90
2
 90
11
 90
3
 90
1
 90
21
 90
12
 90
4
 90
11
 90
2
 90
12
 90
21
 94
0
 95
0
 90
0
  0
MESH
  5
8C
330
17
100
AcDbEntity
  8
FASTENERS
100
AcDbSubDMesh
 71
2
 72
0
 91
0
 92
22
 10
184.0
 20
317.5
 30
170.0
 10
184.0
 20
332.5
 30
170.0
 10
190.0
 20
317.5
 30
170.0
 10
188.8541019662497
 20
317.5
 30
173.52671151375483
 10
185.8541019662497
 20
317.5
 30
175.70633909777092
 10
182.1458980337503
 20
317.5
 30
175.70633909777092
 10
179.1458980337503
 20
317.5
 30
173.52671151375483
 10
178.0
 20
317.5
 30
170.0
 10
179.1458980337503
 20
317.5
 30
166.47328848624517
 10
182.1458980337503
 20
317.5
 30
164.29366090222908
 10
185.8541019662497
 20
317.5
 30
164.29366090222908
 10
188.8541019662497
 20
317.5
 30
166.47328848624517
 10
190.0
 20
332.5
 30
170.0
 10
188.8541019662497
 20
332.5
 30
173.52671151375483
 10
185.8541019662497
 20
332.5
 30
175.70633909777092
 10
182.1458980337503
 20
332.5
 30
175.70633909777092
 10
179.1458980337503
 20
332.5
 30
173.52671151375483
 10
178.0
 20
332.5
 30
170.0
 10
179.1458980337503
 20
332.5
 30
166.47328848624517
 10
182.1458980337503
 20
332.5
 30
164.29366090222908
 10
185.8541019662497
 20
332.5
 30
164.29366090222908
 10
188.8541019662497
 20
332.5
 30
166.47328848624517
 93
130
 90
3
 90
0
 90
3
 90
2
 90
3
 90
1
 90
12
 90
13
 90
4
 90
2
 90
3
 90
13
 90
12
 90
3
 90
0
 90
4
 90
3
 90
3
 90
1
 90
13
 90
14
 90
4
 90
3
 90
4
 90
14
 90
13
 90
3
 90
0
 90
5
 90
4
 90
3
 90
1
 90
14
 90
15
 90
4
 90
4
 90
5
 90
15
 90
14
 90
3
 90
0
 90
6
 90
5
 90
3
 90
1
 90
15
 90
16
 90
4
 90
5
 90
6
 90
16
 90
15
 90
3
 90
0
 90
7
 90
6
 90
3
 90
1
 90
16
 90
17
 90
4
 90
6
 90
7
 90
17
 90
16
 90
3
 90
0
 90
8
 90
7
 90
3
 90
1
 90
17
 90
18
 90
4
 90
7
 90
8
 90
18
 90
17
 90
3
 90
0
 90
9
 90
8
 90
3
 90
1
 90
18
 90
19
 90
4
 90
8
 90
9
 90
19
 90
18
 90
3
 90
0
 90
10
 90
9
 90
3
 90
1
 90
19
 90
20
 90
4
 90
9
 90
10
 90
20
 90
19
 90
3
 90
0
 90
11
 90
10
 90
3
 90
1
 90
20
 90
21
 90
4
 90
10
 90
11
 90
21
 90
20
 90
3
 90
0
 90
2
 90
11
 90
3
 90
1
 90
21
 90
12
 90
4
 90
11
 90
2
 90
12
 90
21
 94
0
 95
0
 90
0
  0
MESH
  5
8D
330
17
100
AcDbEntity
  8
FASTENERS
100
AcDbSubDMesh
 71
2
 72
0
 91
0
 92
22
 10
197.0
 20
317.5
 30
147.4833395016046
 10
197.0
 20
332.5
 30
147.4833395016046
 10
203.0
 20
317.5
 30
147.4833395016046
 10
201.8541019662497
 20
317.5
 30
151.01005101535944
 10
198.8541019662497
 20
317.5
 30
153.18967859937553
 10
195.1458980337503
 20
317.5
 30
153.18967859937553
 10
192.1458980337503
 20
317.5
 30
151.01005101535944
 10
191.0
 20
317.5
 30
147.4833395016046
 10
192.1458980337503
 20
317.5
 30
143.95662798784977
 10
195.1458980337503
 20
317.5
 30
141.77700040383368
 10
198.8541019662497
 20
317.5
 30
141.77700040383368
 10
201.8541019662497
 20
317.5
 30
143.95662798784977
 10
203.0
 20
332.5
 30
147.4833395016046
 10
201.8541019662497
 20
332.5
 30
151.01005101535944
 10
198.8541019662497
 20
332.5
 30
153.18967859937553
 10
195.1458980337503
 20
332.5
 30
153.18967859937553
 10
192.1458980337503
 20
332.5
 30
151.01005101535944
 10
191.0
 20
332.5
 30
147.4833395016046
 10
192.1458980337503
 20
332.5
 30
143.95662798784977
 10
195.1458980337503
 20
332.5
 30
141.77700040383368
 10
198.8541019662497
 20
332.5
 30
141.77700040383368
 10
201.8541019662497
 20
332.5
 30
143.95662798784977
 93
130
 90
3
 90
0
 90
3
 90
2
 90
3
 90
1
 90
12
 90
13
 90
4
 90
2
 90
3
 90
13
 90
12
 90
3
 90
0
 90
4
 90
3
 90
3
 90
1
 90
13
 90
14
 90
4
 90
3
 90
4
 90
14
 90
13
 90
3
 90
0
 90
5
 90
4
 90
3
 90
1
 90
14
 90
15
 90
4
 90
4
 90
5
 90
15
 90
14
 90
3
 90
0
 90
6
 90
5
 90
3
 90
1
 90
15
 90
16
 90
4
 90
5
 90
6
 90
16
 90
15
 90
3
 90
0
 90
7
 90
6
 90
3
 90
1
 90
16
 90
17
 90
4
 90
6
 90
7
 90
17
 90
16
 90
3
 90
0
 90
8
 90
7
 90
3
 90
1
 90
17
 90
18
 90
4
 90
7
 90
8
 90
18
 90
17
 90
3
 90
0
 90
9
 90
8
 90
3
 90
1
 90
18
 90
19
 90
4
 90
8
 90
9
 90
19
 90
18
 90
3
 90
0
 90
10
 90
9
 90
3
 90
1
 90
19
 90
20
 90
4
 90
9
 90
10
 90
20
 90
19
 90
3
 90
0
 90
11
 90
10
 90
3
 90
1
 90
20
 90
21
 90
4
 90
10
 90
11
 90
21
 90
20
 90
3
 90
0
 90
2
 90
11
 90
3
 90
1
 90
21
 90
12
 90
4
 90
11
 90
2
 90
12
 90
21
 94
0
 95
0
 90
0
  0
MESH
  5
8E
330
17
100
AcDbEntity
  8
FASTENERS
100
AcDbSubDMesh
 71
2
 72
0
 91
0
 92
22
 10
223.0
 20
317.5
 30
147.4833395016046
 10
223.0
 20
332.5
 30
147.4833395016046
 10
229.0
 20
317.5
 30
147.4833395016046
 10
227.8541019662497
 20
317.5
 30
151.01005101535944
 10
224.8541019662497
 20
317.5
 30
153.18967859937553
 10
221.1458980337503
 20
317.5
 30
153.18967859937553
 10
218.1458980337503
 20
317.5
 30
151.01005101535944
 10
217.0
 20
317.5
 30
147.4833395016046
 10
218.1458980337503
 20
317.5
 30
143.95662798784977
 10
221.1458980337503
 20
317.5
 30
141.77700040383368
 10
224.8541019662497
 20
317.5
 30
141.77700040383368
 10
227.8541019662497
 20
317.5
 30
143.95662798784977
 10
229.0
 20
332.5
 30
147.4833395016046
 10
227.8541019662497
 20
332.5
 30
151.01005101535944
 10
224.8541019662497
 20
332.5
 30
153.18967859937553
 10
221.1458980337503
 20
332.5
 30
153.18967859937553
 10
218.1458980337503
 20
332.5
 30
151.01005101535944
 10
217.0
 20
332.5
 30
147.4833395016046
 10
218.1458980337503
 20
332.5
 30
143.95662798784977
 10
221.1458980337503
 20
332.5
 30
141.77700040383368
 10
224.8541019662497
 20
332.5
 30
141.77700040383368
 10
227.8541019662497
 20
332.5
 30
143.95662798784977
 93
130
 90
3
 90
0
 90
3
 90
2
 90
3
 90
1
 90
12
 90
13
 90
4
 90
2
 90
3
 90
13
 90
12
 90
3
 90
0
 90
4
 90
3
 90
3
 90
1
 90
13
 90
14
 90
4
 90
3
 90
4
 90
14
 90
13
 90
3
 90
0
 90
5
 90
4
 90
3
 90
1
 90
14
 90
15
 90
4
 90
4
 90
5
 90
15
 90
14
 90
3
 90
0
 90
6
 90
5
 90
3
 90
1
 90
15
 90
16
 90
4
 90
5
 90
6
 90
16
 90
15
 90
3
 90
0
 90
7
 90
6
 90
3
 90
1
 90
16
 90
17
 90
4
 90
6
 90
7
 90
17
 90
16
 90
3
 90
0
 90
8
 90
7
 90
3
 90
1
 90
17
 90
18
 90
4
 90
7
 90
8
 90
18
 90
17
 90
3
 90
0
 90
9
 90
8
 90
3
 90
1
 90
18
 90
19
 90
4
 90
8
 90
9
 90
19
 90
18
 90
3
 90
0
 90
10
 90
9
 90
3
 90
1
 90
19
 90
20
 90
4
 90
9
 90
10
 90
20
 90
19
 90
3
 90
0
 90
11
 90
10
 90
3
 90
1
 90
20
 90
21
 90
4
 90
10
 90
11
 90
21
 90
20
 90
3
 90
0
 90
2
 90
11
 90
3
 90
1
 90
21
 90
12
 90
4
 90
11
 90
2
 90
12
 90
21
 94
0
 95
0
 90
0
  0
MESH
  5
8F
330
17
100
AcDbEntity
  8
MOTORS
100
AcDbSubDMesh
 71
2
 72
0
 91
0
 92
34
 10
210.0
 20
160.0
 30
170.0
 10
210.0
 20
235.0
 30
170.0
 10
254.0
 20
160.0
 30
170.0
 10
250.65069943049662
 20
160.0
 30
186.83807102406394
 10
241.1126983722081
 20
160.0
 30
201.1126983722081
 10
226.83807102406396
 20
160.0
 30
210.65069943049662
 10
210.0
 20
160.0
 30
214.0
 10
193.16192897593606
 20
160.0
 30
210.65069943049662
 10
178.8873016277919
 20
160.0
 30
201.1126983722081
 10
169.34930056950338
 20
160.0
 30
186.83807102406396
 10
166.0
 20
160.0
 30
170.0
 10
169.34930056950338
 20
160.0
 30
153.16192897593606
 10
178.8873016277919
 20
160.0
 30
138.8873016277919
 10
193.16192897593604
 20
160.0
 30
129.34930056950338
 10
210.0
 20
160.0
 30
126.0
 10
226.83807102406396
 20
160.0
 30
129.34930056950338
 10
241.1126983722081
 20
160.0
 30
138.8873016277919
 10
250.65069943049662
 20
160.0
 30
153.161928975936
 10
254.0
 20
235.0
 30
170.0
 10
250.65069943049662
 20
235.0
 30
186.83807102406394
 10
241.1126983722081
 20
235.0
 30
201.1126983722081
 10
226.83807102406396
 20
235.0
 30
210.65069943049662
 10
210.0
 20
235.0
 30
214.0
 10
193.16192897593606
 20
235.0
 30
210.65069943049662
 10
178.8873016277919
 20
235.0
 30
201.1126983722081
 10
169.34930056950338
 20
235.0
 30
186.83807102406396
 10
166.0
 20
235.0
 30
170.0
 10
169.34930056950338
 20
235.0
 30
153.16192897593606
 10
178.8873016277919
 20
235.0
 30
138.8873016277919
 10
193.16192897593604
 20
235.0
 30
129.34930056950338
 10
210.0
 20
235.0
 30
126.0
 10
226.83807102406396
 20
235.0
 30
129.34930056950338
 10
241.1126983722081
 20
235.0
 30
138.8873016277919
 10
250.65069943049662
 20
235.0
 30
153.161928975936
 93
208
 90
3
 90
0
 90
3
 90
2
 90
3
 90
1
 90
18
 90
19
 90
4
 90
2
 90
3
 90
19
 90
18
 90
3
 90
0
 90
4
 90
3
 90
3
 90
1
 90
19
 90
20
 90
4
 90
3
 90
4
 90
20
 90
19
 90
3
 90
0
 90
5
 90
4
 90
3
 90
1
 90
20
 90
21
 90
4
 90
4
 90
5
 90
21
 90
20
 90
3
 90
0
 90
6
 90
5
 90
3
 90
1
 90
21
 90
22
 90
4
 90
5
 90
6
 90
22
 90
21
 90
3
 90
0
 90
7
 90
6
 90
3
 90
1
 90
22
 90
23
 90
4
 90
6
 90
7
 90
23
 90
22
 90
3
 90
0
 90
8
 90
7
 90
3
 90
1
 90
23
 90
24
 90
4
 90
7
 90
8
 90
24
 90
23
 90
3
 90
0
 90
9
 90
8
 90
3
 90
1
 90
24
 90
25
 90
4
 90
8
 90
9
 90
25
 90
24
 90
3
 90
0
 90
10
 90
9
 90
3
 90
1
 90
25
 90
26
 90
4
 90
9
 90
10
 90
26
 90
25
 90
3
 90
0
 90
11
 90
10
 90
3
 90
1
 90
26
 90
27
 90
4
 90
10
 90
11
 90
27
 90
26
 90
3
 90
0
 90
12
 90
11
 90
3
 90
1
 90
27
 90
28
 90
4
 90
11
 90
12
 90
28
 90
27
 90
3
 90
0
 90
13
 90
12
 90
3
 90
1
 90
28
 90
29
 90
4
 90
12
 90
13
 90
29
 90
28
 90
3
 90
0
 90
14
 90
13
 90
3
 90
1
 90
29
 90
30
 90
4
 90
13
 90
14
 90
30
 90
29
 90
3
 90
0
 90
15
 90
14
 90
3
 90
1
 90
30
 90
31
 90
4
 90
14
 90
15
 90
31
 90
30
 90
3
 90
0
 90
16
 90
15
 90
3
 90
1
 90
31
 90
32
 90
4
 90
15
 90
16
 90
32
 90
31
 90
3
 90
0
 90
17
 90
16
 90
3
 90
1
 90
32
 90
33
 90
4
 90
16
 90
17
 90
33
 90
32
 90
3
 90
0
 90
2
 90
17
 90
3
 90
1
 90
33
 90
18
 90
4
 90
17
 90
2
 90
18
 90
33
 94
0
 95
0
 90
0
  0
MESH
  5
90
330
17
100
AcDbEntity
  8
WHEELS
100
AcDbSubDMesh
 71
2
 72
0
 91
0
 92
50
 10
210.0
 20
-322.5
 30
170.0
 10
210.0
 20
-217.5
 30
170.0
 10
380.0
 20
-322.5
 30
170.0
 10
374.2073904691416
 20
-322.5
 30
213.99923766742853
 10
357.2243186433546
 20
-322.5
 30
255.0
 10
330.2081528017131
 20
-322.5
 30
290.2081528017131
 10
295.0
 20
-322.5
 30
317.22431864335454
 10
253.99923766742853
 20
-322.5
 30
334.2073904691416
 10
210.0
 20
-322.5
 30
340.0
 10
166.0007623325715
 20
-322.5
 30
334.2073904691416
 10
125.00000000000004
 20
-322.5
 30
317.2243186433546
 10
89.79184719828693
 20
-322.5
 30
290.2081528017131
 10
62.77568135664541
 20
-322.5
 30
255.0
 10
45.792609530858414
 20
-322.5
 30
213.9992376674286
 10
40.0
 20
-322.5
 30
170.00000000000003
 10
45.792609530858385
 20
-322.5
 30
126.00076233257147
 10
62.77568135664541
 20
-322.5
 30
85.00000000000004
 10
89.79184719828686
 20
-322.5
 30
49.79184719828699
 10
124.99999999999993
 20
-322.5
 30
22.775681356645464
 10
166.0007623325715
 20
-322.5
 30
5.792609530858385
 10
209.99999999999997
 20
-322.5
 30
0.0
 10
253.99923766742845
 20
-322.5
 30
5.792609530858357
 10
295.0
 20
-322.5
 30
22.775681356645435
 10
330.208152801713
 20
-322.5
 30
49.79184719828689
 10
357.22431864335454
 20
-322.5
 30
84.99999999999993
 10
374.2073904691416
 20
-322.5
 30
126.00076233257133
 10
380.0
 20
-217.5
 30
170.0
 10
374.2073904691416
 20
-217.5
 30
213.99923766742853
 10
357.2243186433546
 20
-217.5
 30
255.0
 10
330.2081528017131
 20
-217.5
 30
290.2081528017131
 10
295.0
 20
-217.5
 30
317.22431864335454
 10
253.99923766742853
 20
-217.5
 30
334.2073904691416
 10
210.0
 20
-217.5
 30
340.0
 10
166.0007623325715
 20
-217.5
 30
334.2073904691416
 10
125.00000000000004
 20
-217.5
 30
317.2243186433546
 10
89.79184719828693
 20
-217.5
 30
290.2081528017131
 10
62.77568135664541
 20
-217.5
 30
255.0
 10
45.792609530858414
 20
-217.5
 30
213.9992376674286
 10
40.0
 20
-217.5
 30
170.00000000000003
 10
45.792609530858385
 20
-217.5
 30
126.00076233257147
 10
62.77568135664541
 20
-217.5
 30
85.00000000000004
 10
89.79184719828686
 20
-217.5
 30
49.79184719828699
 10
124.99999999999993
 20
-217.5
 30
22.775681356645464
 10
166.0007623325715
 20
-217.5
 30
5.792609530858385
 10
209.99999999999997
 20
-217.5
 30
0.0
 10
253.99923766742845
 20
-217.5
 30
5.792609530858357
 10
295.0
 20
-217.5
 30
22.775681356645435
 10
330.208152801713
 20
-217.5
 30
49.79184719828689
 10
357.22431864335454
 20
-217.5
 30
84.99999999999993
 10
374.2073904691416
 20
-217.5
 30
126.00076233257133
 93
312
 90
3
 90
0
 90
3
 90
2
 90
3
 90
1
 90
26
 90
27
 90
4
 90
2
 90
3
 90
27
 90
26
 90
3
 90
0
 90
4
 90
3
 90
3
 90
1
 90
27
 90
28
 90
4
 90
3
 90
4
 90
28
 90
27
 90
3
 90
0
 90
5
 90
4
 90
3
 90
1
 90
28
 90
29
 90
4
 90
4
 90
5
 90
29
 90
28
 90
3
 90
0
 90
6
 90
5
 90
3
 90
1
 90
29
 90
30
 90
4
 90
5
 90
6
 90
30
 90
29
 90
3
 90
0
 90
7
 90
6
 90
3
 90
1
 90
30
 90
31
 90
4
 90
6
 90
7
 90
31
 90
30
 90
3
 90
0
 90
8
 90
7
 90
3
 90
1
 90
31
 90
32
 90
4
 90
7
 90
8
 90
32
 90
31
 90
3
 90
0
 90
9
 90
8
 90
3
 90
1
 90
32
 90
33
 90
4
 90
8
 90
9
 90
33
 90
32
 90
3
 90
0
 90
10
 90
9
 90
3
 90
1
 90
33
 90
34
 90
4
 90
9
 90
10
 90
34
 90
33
 90
3
 90
0
 90
11
 90
10
 90
3
 90
1
 90
34
 90
35
 90
4
 90
10
 90
11
 90
35
 90
34
 90
3
 90
0
 90
12
 90
11
 90
3
 90
1
 90
35
 90
36
 90
4
 90
11
 90
12
 90
36
 90
35
 90
3
 90
0
 90
13
 90
12
 90
3
 90
1
 90
36
 90
37
 90
4
 90
12
 90
13
 90
37
 90
36
 90
3
 90
0
 90
14
 90
13
 90
3
 90
1
 90
37
 90
38
 90
4
 90
13
 90
14
 90
38
 90
37
 90
3
 90
0
 90
15
 90
14
 90
3
 90
1
 90
38
 90
39
 90
4
 90
14
 90
15
 90
39
 90
38
 90
3
 90
0
 90
16
 90
15
 90
3
 90
1
 90
39
 90
40
 90
4
 90
15
 90
16
 90
40
 90
39
 90
3
 90
0
 90
17
 90
16
 90
3
 90
1
 90
40
 90
41
 90
4
 90
16
 90
17
 90
41
 90
40
 90
3
 90
0
 90
18
 90
17
 90
3
 90
1
 90
41
 90
42
 90
4
 90
17
 90
18
 90
42
 90
41
 90
3
 90
0
 90
19
 90
18
 90
3
 90
1
 90
42
 90
43
 90
4
 90
18
 90
19
 90
43
 90
42
 90
3
 90
0
 90
20
 90
19
 90
3
 90
1
 90
43
 90
44
 90
4
 90
19
 90
20
 90
44
 90
43
 90
3
 90
0
 90
21
 90
20
 90
3
 90
1
 90
44
 90
45
 90
4
 90
20
 90
21
 90
45
 90
44
 90
3
 90
0
 90
22
 90
21
 90
3
 90
1
 90
45
 90
46
 90
4
 90
21
 90
22
 90
46
 90
45
 90
3
 90
0
 90
23
 90
22
 90
3
 90
1
 90
46
 90
47
 90
4
 90
22
 90
23
 90
47
 90
46
 90
3
 90
0
 90
24
 90
23
 90
3
 90
1
 90
47
 90
48
 90
4
 90
23
 90
24
 90
48
 90
47
 90
3
 90
0
 90
25
 90
24
 90
3
 90
1
 90
48
 90
49
 90
4
 90
24
 90
25
 90
49
 90
48
 90
3
 90
0
 90
2
 90
25
 90
3
 90
1
 90
49
 90
26
 90
4
 90
25
 90
2
 90
26
 90
49
 94
0
 95
0
 90
0
  0
MESH
  5
91
330
17
100
AcDbEntity
  8
WHEELS
100
AcDbSubDMesh
 71
2
 72
0
 91
0
 92
42
 10
210.0
 20
-317.5
 30
170.0
 10
210.0
 20
-222.5
 30
170.0
 10
320.0
 20
-317.5
 30
170.0
 10
314.6162167924669
 20
-317.5
 30
203.99186938124421
 10
298.9918693812442
 20
-317.5
 30
234.65637775217203
 10
274.65637775217203
 20
-317.5
 30
258.9918693812442
 10
243.99186938124421
 20
-317.5
 30
274.6162167924669
 10
210.0
 20
-317.5
 30
280.0
 10
176.00813061875579
 20
-317.5
 30
274.6162167924669
 10
145.34362224782797
 20
-317.5
 30
258.9918693812442
 10
121.00813061875579
 20
-317.5
 30
234.65637775217206
 10
105.38378320753311
 20
-317.5
 30
203.99186938124421
 10
100.0
 20
-317.5
 30
170.0
 10
105.38378320753309
 20
-317.5
 30
136.00813061875584
 10
121.00813061875579
 20
-317.5
 30
105.34362224782797
 10
145.34362224782794
 20
-317.5
 30
81.00813061875579
 10
176.00813061875579
 20
-317.5
 30
65.38378320753311
 10
209.99999999999997
 20
-317.5
 30
60.0
 10
243.9918693812442
 20
-317.5
 30
65.3837832075331
 10
274.65637775217203
 20
-317.5
 30
81.00813061875577
 10
298.9918693812442
 20
-317.5
 30
105.34362224782794
 10
314.6162167924669
 20
-317.5
 30
136.00813061875576
 10
320.0
 20
-222.5
 30
170.0
 10
314.6162167924669
 20
-222.5
 30
203.99186938124421
 10
298.9918693812442
 20
-222.5
 30
234.65637775217203
 10
274.65637775217203
 20
-222.5
 30
258.9918693812442
 10
243.99186938124421
 20
-222.5
 30
274.6162167924669
 10
210.0
 20
-222.5
 30
280.0
 10
176.00813061875579
 20
-222.5
 30
274.6162167924669
 10
145.34362224782797
 20
-222.5
 30
258.9918693812442
 10
121.00813061875579
 20
-222.5
 30
234.65637775217206
 10
105.38378320753311
 20
-222.5
 30
203.99186938124421
 10
100.0
 20
-222.5
 30
170.0
 10
105.38378320753309
 20
-222.5
 30
136.00813061875584
 10
121.00813061875579
 20
-222.5
 30
105.34362224782797
 10
145.34362224782794
 20
-222.5
 30
81.00813061875579
 10
176.00813061875579
 20
-222.5
 30
65.38378320753311
 10
209.99999999999997
 20
-222.5
 30
60.0
 10
243.9918693812442
 20
-222.5
 30
65.3837832075331
 10
274.65637775217203
 20
-222.5
 30
81.00813061875577
 10
298.9918693812442
 20
-222.5
 30
105.34362224782794
 10
314.6162167924669
 20
-222.5
 30
136.00813061875576
 93
260
 90
3
 90
0
 90
3
 90
2
 90
3
 90
1
 90
22
 90
23
 90
4
 90
2
 90
3
 90
23
 90
22
 90
3
 90
0
 90
4
 90
3
 90
3
 90
1
 90
23
 90
24
 90
4
 90
3
 90
4
 90
24
 90
23
 90
3
 90
0
 90
5
 90
4
 90
3
 90
1
 90
24
 90
25
 90
4
 90
4
 90
5
 90
25
 90
24
 90
3
 90
0
 90
6
 90
5
 90
3
 90
1
 90
25
 90
26
 90
4
 90
5
 90
6
 90
26
 90
25
 90
3
 90
0
 90
7
 90
6
 90
3
 90
1
 90
26
 90
27
 90
4
 90
6
 90
7
 90
27
 90
26
 90
3
 90
0
 90
8
 90
7
 90
3
 90
1
 90
27
 90
28
 90
4
 90
7
 90
8
 90
28
 90
27
 90
3
 90
0
 90
9
 90
8
 90
3
 90
1
 90
28
 90
29
 90
4
 90
8
 90
9
 90
29
 90
28
 90
3
 90
0
 90
10
 90
9
 90
3
 90
1
 90
29
 90
30
 90
4
 90
9
 90
10
 90
30
 90
29
 90
3
 90
0
 90
11
 90
10
 90
3
 90
1
 90
30
 90
31
 90
4
 90
10
 90
11
 90
31
 90
30
 90
3
 90
0
 90
12
 90
11
 90
3
 90
1
 90
31
 90
32
 90
4
 90
11
 90
12
 90
32
 90
31
 90
3
 90
0
 90
13
 90
12
 90
3
 90
1
 90
32
 90
33
 90
4
 90
12
 90
13
 90
33
 90
32
 90
3
 90
0
 90
14
 90
13
 90
3
 90
1
 90
33
 90
34
 90
4
 90
13
 90
14
 90
34
 90
33
 90
3
 90
0
 90
15
 90
14
 90
3
 90
1
 90
34
 90
35
 90
4
 90
14
 90
15
 90
35
 90
34
 90
3
 90
0
 90
16
 90
15
 90
3
 90
1
 90
35
 90
36
 90
4
 90
15
 90
16
 90
36
 90
35
 90
3
 90
0
 90
17
 90
16
 90
3
 90
1
 90
36
 90
37
 90
4
 90
16
 90
17
 90
37
 90
36
 90
3
 90
0
 90
18
 90
17
 90
3
 90
1
 90
37
 90
38
 90
4
 90
17
 90
18
 90
38
 90
37
 90
3
 90
0
 90
19
 90
18
 90
3
 90
1
 90
38
 90
39
 90
4
 90
18
 90
19
 90
39
 90
38
 90
3
 90
0
 90
20
 90
19
 90
3
 90
1
 90
39
 90
40
 90
4
 90
19
 90
20
 90
40
 90
39
 90
3
 90
0
 90
21
 90
20
 90
3
 90
1
 90
40
 90
41
 90
4
 90
20
 90
21
 90
41
 90
40
 90
3
 90
0
 90
2
 90
21
 90
3
 90
1
 90
41
 90
22
 90
4
 90
21
 90
2
 90
22
 90
41
 94
0
 95
0
 90
0
  0
MESH
  5
92
330
17
100
AcDbEntity
  8
FASTENERS
100
AcDbSubDMesh
 71
2
 72
0
 91
0
 92
42
 10
210.0
 20
-322.5
 30
170.0
 10
210.0
 20
-314.5
 30
170.0
 10
328.0
 20
-322.5
 30
170.0
 10
322.22466892282813
 20
-322.5
 30
206.4640053362438
 10
305.4640053362438
 20
-322.5
 30
239.35865977051185
 10
279.35865977051185
 20
-322.5
 30
265.4640053362438
 10
246.46400533624382
 20
-322.5
 30
282.22466892282813
 10
210.0
 20
-322.5
 30
288.0
 10
173.5359946637562
 20
-322.5
 30
282.22466892282813
 10
140.64134022948818
 20
-322.5
 30
265.4640053362438
 10
114.53599466375621
 20
-322.5
 30
239.35865977051185
 10
97.77533107717188
 20
-322.5
 30
206.46400533624382
 10
92.0
 20
-322.5
 30
170.00000000000003
 10
97.77533107717186
 20
-322.5
 30
133.53599466375627
 10
114.5359946637562
 20
-322.5
 30
100.64134022948818
 10
140.64134022948815
 20
-322.5
 30
74.53599466375621
 10
173.53599466375618
 20
-322.5
 30
57.775331077171884
 10
209.99999999999997
 20
-322.5
 30
52.0
 10
246.46400533624376
 20
-322.5
 30
57.77533107717187
 10
279.3586597705118
 20
-322.5
 30
74.53599466375618
 10
305.46400533624376
 20
-322.5
 30
100.64134022948815
 10
322.22466892282813
 20
-322.5
 30
133.53599466375618
 10
328.0
 20
-314.5
 30
170.0
 10
322.22466892282813
 20
-314.5
 30
206.4640053362438
 10
305.4640053362438
 20
-314.5
 30
239.35865977051185
 10
279.35865977051185
 20
-314.5
 30
265.4640053362438
 10
246.46400533624382
 20
-314.5
 30
282.22466892282813
 10
210.0
 20
-314.5
 30
288.0
 10
173.5359946637562
 20
-314.5
 30
282.22466892282813
 10
140.64134022948818
 20
-314.5
 30
265.4640053362438
 10
114.53599466375621
 20
-314.5
 30
239.35865977051185
 10
97.77533107717188
 20
-314.5
 30
206.46400533624382
 10
92.0
 20
-314.5
 30
170.00000000000003
 10
97.77533107717186
 20
-314.5
 30
133.53599466375627
 10
114.5359946637562
 20
-314.5
 30
100.64134022948818
 10
140.64134022948815
 20
-314.5
 30
74.53599466375621
 10
173.53599466375618
 20
-314.5
 30
57.775331077171884
 10
209.99999999999997
 20
-314.5
 30
52.0
 10
246.46400533624376
 20
-314.5
 30
57.77533107717187
 10
279.3586597705118
 20
-314.5
 30
74.53599466375618
 10
305.46400533624376
 20
-314.5
 30
100.64134022948815
 10
322.22466892282813
 20
-314.5
 30
133.53599466375618
 93
260
 90
3
 90
0
 90
3
 90
2
 90
3
 90
1
 90
22
 90
23
 90
4
 90
2
 90
3
 90
23
 90
22
 90
3
 90
0
 90
4
 90
3
 90
3
 90
1
 90
23
 90
24
 90
4
 90
3
 90
4
 90
24
 90
23
 90
3
 90
0
 90
5
 90
4
 90
3
 90
1
 90
24
 90
25
 90
4
 90
4
 90
5
 90
25
 90
24
 90
3
 90
0
 90
6
 90
5
 90
3
 90
1
 90
25
 90
26
 90
4
 90
5
 90
6
 90
26
 90
25
 90
3
 90
0
 90
7
 90
6
 90
3
 90
1
 90
26
 90
27
 90
4
 90
6
 90
7
 90
27
 90
26
 90
3
 90
0
 90
8
 90
7
 90
3
 90
1
 90
27
 90
28
 90
4
 90
7
 90
8
 90
28
 90
27
 90
3
 90
0
 90
9
 90
8
 90
3
 90
1
 90
28
 90
29
 90
4
 90
8
 90
9
 90
29
 90
28
 90
3
 90
0
 90
10
 90
9
 90
3
 90
1
 90
29
 90
30
 90
4
 90
9
 90
10
 90
30
 90
29
 90
3
 90
0
 90
11
 90
10
 90
3
 90
1
 90
30
 90
31
 90
4
 90
10
 90
11
 90
31
 90
30
 90
3
 90
0
 90
12
 90
11
 90
3
 90
1
 90
31
 90
32
 90
4
 90
11
 90
12
 90
32
 90
31
 90
3
 90
0
 90
13
 90
12
 90
3
 90
1
 90
32
 90
33
 90
4
 90
12
 90
13
 90
33
 90
32
 90
3
 90
0
 90
14
 90
13
 90
3
 90
1
 90
33
 90
34
 90
4
 90
13
 90
14
 90
34
 90
33
 90
3
 90
0
 90
15
 90
14
 90
3
 90
1
 90
34
 90
35
 90
4
 90
14
 90
15
 90
35
 90
34
 90
3
 90
0
 90
16
 90
15
 90
3
 90
1
 90
35
 90
36
 90
4
 90
15
 90
16
 90
36
 90
35
 90
3
 90
0
 90
17
 90
16
 90
3
 90
1
 90
36
 90
37
 90
4
 90
16
 90
17
 90
37
 90
36
 90
3
 90
0
 90
18
 90
17
 90
3
 90
1
 90
37
 90
38
 90
4
 90
17
 90
18
 90
38
 90
37
 90
3
 90
0
 90
19
 90
18
 90
3
 90
1
 90
38
 90
39
 90
4
 90
18
 90
19
 90
39
 90
38
 90
3
 90
0
 90
20
 90
19
 90
3
 90
1
 90
39
 90
40
 90
4
 90
19
 90
20
 90
40
 90
39
 90
3
 90
0
 90
21
 90
20
 90
3
 90
1
 90
40
 90
41
 90
4
 90
20
 90
21
 90
41
 90
40
 90
3
 90
0
 90
2
 90
21
 90
3
 90
1
 90
41
 90
22
 90
4
 90
21
 90
2
 90
22
 90
41
 94
0
 95
0
 90
0
  0
MESH
  5
93
330
17
100
AcDbEntity
  8
WHEELS
100
AcDbSubDMesh
 71
2
 72
0
 91
0
 92
8
 10
365.0
 20
-316.0
 30
165.0
 10
385.0
 20
-316.0
 30
165.0
 10
385.0
 20
-270.0
 30
165.0
 10
365.0
 20
-270.0
 30
165.0
 10
365.0
 20
-316.0
 30
175.0
 10
385.0
 20
-316.0
 30
175.0
 10
385.0
 20
-270.0
 30
175.0
 10
365.0
 20
-270.0
 30
175.0
 93
30
 90
4
 90
0
 90
3
 90
2
 90
1
 90
4
 90
4
 90
5
 90
6
 90
7
 90
4
 90
0
 90
1
 90
5
 90
4
 90
4
 90
1
 90
2
 90
6
 90
5
 90
4
 90
2
 90
3
 90
7
 90
6
 90
4
 90
3
 90
0
 90
4
 90
7
 94
0
 95
0
 90
0
  0
MESH
  5
94
330
17
100
AcDbEntity
  8
WHEELS
100
AcDbSubDMesh
 71
2
 72
0
 91
0
 92
8
 10
365.0
 20
-270.0
 30
165.0
 10
385.0
 20
-270.0
 30
165.0
 10
385.0
 20
-224.0
 30
165.0
 10
365.0
 20
-224.0
 30
165.0
 10
365.0
 20
-270.0
 30
175.0
 10
385.0
 20
-270.0
 30
175.0
 10
385.0
 20
-224.0
 30
175.0
 10
365.0
 20
-224.0
 30
175.0
 93
30
 90
4
 90
0
 90
3
 90
2
 90
1
 90
4
 90
4
 90
5
 90
6
 90
7
 90
4
 90
0
 90
1
 90
5
 90
4
 90
4
 90
1
 90
2
 90
6
 90
5
 90
4
 90
2
 90
3
 90
7
 90
6
 90
4
 90
3
 90
0
 90
4
 90
7
 94
0
 95
0
 90
0
  0
MESH
  5
95
330
17
100
AcDbEntity
  8
WHEELS
100
AcDbSubDMesh
 71
2
 72
0
 91
0
 92
8
 10
348.65986320389914
 20
-316.0
 30
236.5908169543971
 10
368.65986320389914
 20
-316.0
 30
236.5908169543971
 10
368.65986320389914
 20
-270.0
 30
236.5908169543971
 10
348.65986320389914
 20
-270.0
 30
236.5908169543971
 10
348.65986320389914
 20
-316.0
 30
246.5908169543971
 10
368.65986320389914
 20
-316.0
 30
246.5908169543971
 10
368.65986320389914
 20
-270.0
 30
246.5908169543971
 10
348.65986320389914
 20
-270.0
 30
246.5908169543971
 93
30
 90
4
 90
0
 90
3
 90
2
 90
1
 90
4
 90
4
 90
5
 90
6
 90
7
 90
4
 90
0
 90
1
 90
5
 90
4
 90
4
 90
1
 90
2
 90
6
 90
5
 90
4
 90
2
 90
3
 90
7
 90
6
 90
4
 90
3
 90
0
 90
4
 90
7
 94
0
 95
0
 90
0
  0
MESH
  5
96
330
17
100
AcDbEntity
  8
WHEELS
100
AcDbSubDMesh
 71
2
 72
0
 91
0
 92
8
 10
348.65986320389914
 20
-270.0
 30
236.5908169543971
 10
368.65986320389914
 20
-270.0
 30
236.5908169543971
 10
368.65986320389914
 20
-224.0
 30
236.5908169543971
 10
348.65986320389914
 20
-224.0
 30
236.5908169543971
 10
348.65986320389914
 20
-270.0
 30
246.5908169543971
 10
368.65986320389914
 20
-270.0
 30
246.5908169543971
 10
368.65986320389914
 20
-224.0
 30
246.5908169543971
 10
348.65986320389914
 20
-224.0
 30
246.5908169543971
 93
30
 90
4
 90
0
 90
3
 90
2
 90
1
 90
4
 90
4
 90
5
 90
6
 90
7
 90
4
 90
0
 90
1
 90
5
 90
4
 90
4
 90
1
 90
2
 90
6
 90
5
 90
4
 90
2
 90
3
 90
7
 90
6
 90
4
 90
3
 90
0
 90
4
 90
7
 94
0
 95
0
 90
0
  0
MESH
  5
97
330
17
100
AcDbEntity
  8
WHEELS
100
AcDbSubDMesh
 71
2
 72
0
 91
0
 92
8
 10
302.87581730669103
 20
-316.0
 30
294.0021946072249
 10
322.87581730669103
 20
-316.0
 30
294.0021946072249
 10
322.87581730669103
 20
-270.0
 30
294.0021946072249
 10
302.87581730669103
 20
-270.0
 30
294.0021946072249
 10
302.87581730669103
 20
-316.0
 30
304.0021946072249
 10
322.87581730669103
 20
-316.0
 30
304.0021946072249
 10
322.87581730669103
 20
-270.0
 30
304.0021946072249
 10
302.87581730669103
 20
-270.0
 30
304.0021946072249
 93
30
 90
4
 90
0
 90
3
 90
2
 90
1
 90
4
 90
4
 90
5
 90
6
 90
7
 90
4
 90
0
 90
1
 90
5
 90
4
 90
4
 90
1
 90
2
 90
6
 90
5
 90
4
 90
2
 90
3
 90
7
 90
6
 90
4
 90
3
 90
0
 90
4
 90
7
 94
0
 95
0
 90
0
  0
MESH
  5
98
330
17
100
AcDbEntity
  8
WHEELS
100
AcDbSubDMesh
 71
2
 72
0
 91
0
 92
8
 10
302.87581730669103
 20
-270.0
 30
294.0021946072249
 10
322.87581730669103
 20
-270.0
 30
294.0021946072249
 10
322.87581730669103
 20
-224.0
 30
294.0021946072249
 10
302.87581730669103
 20
-224.0
 30
294.0021946072249
 10
302.87581730669103
 20
-270.0
 30
304.0021946072249
 10
322.87581730669103
 20
-270.0
 30
304.0021946072249
 10
322.87581730669103
 20
-224.0
 30
304.0021946072249
 10
302.87581730669103
 20
-224.0
 30
304.0021946072249
 93
30
 90
4
 90
0
 90
3
 90
2
 90
1
 90
4
 90
4
 90
5
 90
6
 90
7
 90
4
 90
0
 90
1
 90
5
 90
4
 90
4
 90
1
 90
2
 90
6
 90
5
 90
4
 90
2
 90
3
 90
7
 90
6
 90
4
 90
3
 90
0
 90
4
 90
7
 94
0
 95
0
 90
0
  0
MESH
  5
99
330
17
100
AcDbEntity
  8
WHEELS
100
AcDbSubDMesh
 71
2
 72
0
 91
0
 92
8
 10
236.7159541027919
 20
-316.0
 30
325.8631055100009
 10
256.7159541027919
 20
-316.0
 30
325.8631055100009
 10
256.7159541027919
 20
-270.0
 30
325.8631055100009
 10
236.7159541027919
 20
-270.0
 30
325.8631055100009
 10
236.7159541027919
 20
-316.0
 30
335.8631055100009
 10
256.7159541027919
 20
-316.0
 30
335.8631055100009
 10
256.7159541027919
 20
-270.0
 30
335.8631055100009
 10
236.7159541027919
 20
-270.0
 30
335.8631055100009
 93
30
 90
4
 90
0
 90
3
 90
2
 90
1
 90
4
 90
4
 90
5
 90
6
 90
7
 90
4
 90
0
 90
1
 90
5
 90
4
 90
4
 90
1
 90
2
 90
6
 90
5
 90
4
 90
2
 90
3
 90
7
 90
6
 90
4
 90
3
 90
0
 90
4
 90
7
 94
0
 95
0
 90
0
  0
MESH
  5
9A
330
17
100
AcDbEntity
  8
WHEELS
100
AcDbSubDMesh
 71
2
 72
0
 91
0
 92
8
 10
236.7159541027919
 20
-270.0
 30
325.8631055100009
 10
256.7159541027919
 20
-270.0
 30
325.8631055100009
 10
256.7159541027919
 20
-224.0
 30
325.8631055100009
 10
236.7159541027919
 20
-224.0
 30
325.8631055100009
 10
236.7159541027919
 20
-270.0
 30
335.8631055100009
 10
256.7159541027919
 20
-270.0
 30
335.8631055100009
 10
256.7159541027919
 20
-224.0
 30
335.8631055100009
 10
236.7159541027919
 20
-224.0
 30
335.8631055100009
 93
30
 90
4
 90
0
 90
3
 90
2
 90
1
 90
4
 90
4
 90
5
 90
6
 90
7
 90
4
 90
0
 90
1
 90
5
 90
4
 90
4
 90
1
 90
2
 90
6
 90
5
 90
4
 90
2
 90
3
 90
7
 90
6
 90
4
 90
3
 90
0
 90
4
 90
7
 94
0
 95
0
 90
0
  0
MESH
  5
9B
330
17
100
AcDbEntity
  8
WHEELS
100
AcDbSubDMesh
 71
2
 72
0
 91
0
 92
8
 10
163.28404589720813
 20
-316.0
 30
325.8631055100009
 10
183.28404589720813
 20
-316.0
 30
325.8631055100009
 10
183.28404589720813
 20
-270.0
 30
325.8631055100009
 10
163.28404589720813
 20
-270.0
 30
325.8631055100009
 10
163.28404589720813
 20
-316.0
 30
335.8631055100009
 10
183.28404589720813
 20
-316.0
 30
335.8631055100009
 10
183.28404589720813
 20
-270.0
 30
335.8631055100009
 10
163.28404589720813
 20
-270.0
 30
335.8631055100009
 93
30
 90
4
 90
0
 90
3
 90
2
 90
1
 90
4
 90
4
 90
5
 90
6
 90
7
 90
4
 90
0
 90
1
 90
5
 90
4
 90
4
 90
1
 90
2
 90
6
 90
5
 90
4
 90
2
 90
3
 90
7
 90
6
 90
4
 90
3
 90
0
 90
4
 90
7
 94
0
 95
0
 90
0
  0
MESH
  5
9C
330
17
100
AcDbEntity
  8
WHEELS
100
AcDbSubDMesh
 71
2
 72
0
 91
0
 92
8
 10
163.28404589720813
 20
-270.0
 30
325.8631055100009
 10
183.28404589720813
 20
-270.0
 30
325.8631055100009
 10
183.28404589720813
 20
-224.0
 30
325.8631055100009
 10
163.28404589720813
 20
-224.0
 30
325.8631055100009
 10
163.28404589720813
 20
-270.0
 30
335.8631055100009
 10
183.28404589720813
 20
-270.0
 30
335.8631055100009
 10
183.28404589720813
 20
-224.0
 30
335.8631055100009
 10
163.28404589720813
 20
-224.0
 30
335.8631055100009
 93
30
 90
4
 90
0
 90
3
 90
2
 90
1
 90
4
 90
4
 90
5
 90
6
 90
7
 90
4
 90
0
 90
1
 90
5
 90
4
 90
4
 90
1
 90
2
 90
6
 90
5
 90
4
 90
2
 90
3
 90
7
 90
6
 90
4
 90
3
 90
0
 90
4
 90
7
 94
0
 95
0
 90
0
  0
MESH
  5
9D
330
17
100
AcDbEntity
  8
WHEELS
100
AcDbSubDMesh
 71
2
 72
0
 91
0
 92
8
 10
97.12418269330898
 20
-316.0
 30
294.00219460722496
 10
117.12418269330898
 20
-316.0
 30
294.00219460722496
 10
117.12418269330898
 20
-270.0
 30
294.00219460722496
 10
97.12418269330898
 20
-270.0
 30
294.00219460722496
 10
97.12418269330898
 20
-316.0
 30
304.00219460722496
 10
117.12418269330898
 20
-316.0
 30
304.00219460722496
 10
117.12418269330898
 20
-270.0
 30
304.00219460722496
 10
97.12418269330898
 20
-270.0
 30
304.00219460722496
 93
30
 90
4
 90
0
 90
3
 90
2
 90
1
 90
4
 90
4
 90
5
 90
6
 90
7
 90
4
 90
0
 90
1
 90
5
 90
4
 90
4
 90
1
 90
2
 90
6
 90
5
 90
4
 90
2
 90
3
 90
7
 90
6
 90
4
 90
3
 90
0
 90
4
 90
7
 94
0
 95
0
 90
0
  0
MESH
  5
9E
330
17
100
AcDbEntity
  8
WHEELS
100
AcDbSubDMesh
 71
2
 72
0
 91
0
 92
8
 10
97.12418269330898
 20
-270.0
 30
294.00219460722496
 10
117.12418269330898
 20
-270.0
 30
294.00219460722496
 10
117.12418269330898
 20
-224.0
 30
294.00219460722496
 10
97.12418269330898
 20
-224.0
 30
294.00219460722496
 10
97.12418269330898
 20
-270.0
 30
304.00219460722496
 10
117.12418269330898
 20
-270.0
 30
304.00219460722496
 10
117.12418269330898
 20
-224.0
 30
304.00219460722496
 10
97.12418269330898
 20
-224.0
 30
304.00219460722496
 93
30
 90
4
 90
0
 90
3
 90
2
 90
1
 90
4
 90
4
 90
5
 90
6
 90
7
 90
4
 90
0
 90
1
 90
5
 90
4
 90
4
 90
1
 90
2
 90
6
 90
5
 90
4
 90
2
 90
3
 90
7
 90
6
 90
4
 90
3
 90
0
 90
4
 90
7
 94
0
 95
0
 90
0
  0
MESH
  5
9F
330
17
100
AcDbEntity
  8
WHEELS
100
AcDbSubDMesh
 71
2
 72
0
 91
0
 92
8
 10
51.340136796100865
 20
-316.0
 30
236.5908169543971
 10
71.34013679610086
 20
-316.0
 30
236.5908169543971
 10
71.34013679610086
 20
-270.0
 30
236.5908169543971
 10
51.340136796100865
 20
-270.0
 30
236.5908169543971
 10
51.340136796100865
 20
-316.0
 30
246.5908169543971
 10
71.34013679610086
 20
-316.0
 30
246.5908169543971
 10
71.34013679610086
 20
-270.0
 30
246.5908169543971
 10
51.340136796100865
 20
-270.0
 30
246.5908169543971
 93
30
 90
4
 90
0
 90
3
 90
2
 90
1
 90
4
 90
4
 90
5
 90
6
 90
7
 90
4
 90
0
 90
1
 90
5
 90
4
 90
4
 90
1
 90
2
 90
6
 90
5
 90
4
 90
2
 90
3
 90
7
 90
6
 90
4
 90
3
 90
0
 90
4
 90
7
 94
0
 95
0
 90
0
  0
MESH
  5
A0
330
17
100
AcDbEntity
  8
WHEELS
100
AcDbSubDMesh
 71
2
 72
0
 91
0
 92
8
 10
51.340136796100865
 20
-270.0
 30
236.5908169543971
 10
71.34013679610086
 20
-270.0
 30
236.5908169543971
 10
71.34013679610086
 20
-224.0
 30
236.5908169543971
 10
51.340136796100865
 20
-224.0
 30
236.5908169543971
 10
51.340136796100865
 20
-270.0
 30
246.5908169543971
 10
71.34013679610086
 20
-270.0
 30
246.5908169543971
 10
71.34013679610086
 20
-224.0
 30
246.5908169543971
 10
51.340136796100865
 20
-224.0
 30
246.5908169543971
 93
30
 90
4
 90
0
 90
3
 90
2
 90
1
 90
4
 90
4
 90
5
 90
6
 90
7
 90
4
 90
0
 90
1
 90
5
 90
4
 90
4
 90
1
 90
2
 90
6
 90
5
 90
4
 90
2
 90
3
 90
7
 90
6
 90
4
 90
3
 90
0
 90
4
 90
7
 94
0
 95
0
 90
0
  0
MESH
  5
A1
330
17
100
AcDbEntity
  8
WHEELS
100
AcDbSubDMesh
 71
2
 72
0
 91
0
 92
8
 10
35.0
 20
-316.0
 30
165.00000000000003
 10
55.0
 20
-316.0
 30
165.00000000000003
 10
55.0
 20
-270.0
 30
165.00000000000003
 10
35.0
 20
-270.0
 30
165.00000000000003
 10
35.0
 20
-316.0
 30
175.00000000000003
 10
55.0
 20
-316.0
 30
175.00000000000003
 10
55.0
 20
-270.0
 30
175.00000000000003
 10
35.0
 20
-270.0
 30
175.00000000000003
 93
30
 90
4
 90
0
 90
3
 90
2
 90
1
 90
4
 90
4
 90
5
 90
6
 90
7
 90
4
 90
0
 90
1
 90
5
 90
4
 90
4
 90
1
 90
2
 90
6
 90
5
 90
4
 90
2
 90
3
 90
7
 90
6
 90
4
 90
3
 90
0
 90
4
 90
7
 94
0
 95
0
 90
0
  0
MESH
  5
A2
330
17
100
AcDbEntity
  8
WHEELS
100
AcDbSubDMesh
 71
2
 72
0
 91
0
 92
8
 10
35.0
 20
-270.0
 30
165.00000000000003
 10
55.0
 20
-270.0
 30
165.00000000000003
 10
55.0
 20
-224.0
 30
165.00000000000003
 10
35.0
 20
-224.0
 30
165.00000000000003
 10
35.0
 20
-270.0
 30
175.00000000000003
 10
55.0
 20
-270.0
 30
175.00000000000003
 10
55.0
 20
-224.0
 30
175.00000000000003
 10
35.0
 20
-224.0
 30
175.00000000000003
 93
30
 90
4
 90
0
 90
3
 90
2
 90
1
 90
4
 90
4
 90
5
 90
6
 90
7
 90
4
 90
0
 90
1
 90
5
 90
4
 90
4
 90
1
 90
2
 90
6
 90
5
 90
4
 90
2
 90
3
 90
7
 90
6
 90
4
 90
3
 90
0
 90
4
 90
7
 94
0
 95
0
 90
0
  0
MESH
  5
A3
330
17
100
AcDbEntity
  8
WHEELS
100
AcDbSubDMesh
 71
2
 72
0
 91
0
 92
8
 10
51.340136796100836
 20
-316.0
 30
93.40918304560293
 10
71.34013679610084
 20
-316.0
 30
93.40918304560293
 10
71.34013679610084
 20
-270.0
 30
93.40918304560293
 10
51.340136796100836
 20
-270.0
 30
93.40918304560293
 10
51.340136796100836
 20
-316.0
 30
103.40918304560293
 10
71.34013679610084
 20
-316.0
 30
103.40918304560293
 10
71.34013679610084
 20
-270.0
 30
103.40918304560293
 10
51.340136796100836
 20
-270.0
 30
103.40918304560293
 93
30
 90
4
 90
0
 90
3
 90
2
 90
1
 90
4
 90
4
 90
5
 90
6
 90
7
 90
4
 90
0
 90
1
 90
5
 90
4
 90
4
 90
1
 90
2
 90
6
 90
5
 90
4
 90
2
 90
3
 90
7
 90
6
 90
4
 90
3
 90
0
 90
4
 90
7
 94
0
 95
0
 90
0
  0
MESH
  5
A4
330
17
100
AcDbEntity
  8
WHEELS
100
AcDbSubDMesh
 71
2
 72
0
 91
0
 92
8
 10
51.340136796100836
 20
-270.0
 30
93.40918304560293
 10
71.34013679610084
 20
-270.0
 30
93.40918304560293
 10
71.34013679610084
 20
-224.0
 30
93.40918304560293
 10
51.340136796100836
 20
-224.0
 30
93.40918304560293
 10
51.340136796100836
 20
-270.0
 30
103.40918304560293
 10
71.34013679610084
 20
-270.0
 30
103.40918304560293
 10
71.34013679610084
 20
-224.0
 30
103.40918304560293
 10
51.340136796100836
 20
-224.0
 30
103.40918304560293
 93
30
 90
4
 90
0
 90
3
 90
2
 90
1
 90
4
 90
4
 90
5
 90
6
 90
7
 90
4
 90
0
 90
1
 90
5
 90
4
 90
4
 90
1
 90
2
 90
6
 90
5
 90
4
 90
2
 90
3
 90
7
 90
6
 90
4
 90
3
 90
0
 90
4
 90
7
 94
0
 95
0
 90
0
  0
MESH
  5
A5
330
17
100
AcDbEntity
  8
WHEELS
100
AcDbSubDMesh
 71
2
 72
0
 91
0
 92
8
 10
97.12418269330894
 20
-316.0
 30
35.99780539277509
 10
117.12418269330894
 20
-316.0
 30
35.99780539277509
 10
117.12418269330894
 20
-270.0
 30
35.99780539277509
 10
97.12418269330894
 20
-270.0
 30
35.99780539277509
 10
97.12418269330894
 20
-316.0
 30
45.99780539277509
 10
117.12418269330894
 20
-316.0
 30
45.99780539277509
 10
117.12418269330894
 20
-270.0
 30
45.99780539277509
 10
97.12418269330894
 20
-270.0
 30
45.99780539277509
 93
30
 90
4
 90
0
 90
3
 90
2
 90
1
 90
4
 90
4
 90
5
 90
6
 90
7
 90
4
 90
0
 90
1
 90
5
 90
4
 90
4
 90
1
 90
2
 90
6
 90
5
 90
4
 90
2
 90
3
 90
7
 90
6
 90
4
 90
3
 90
0
 90
4
 90
7
 94
0
 95
0
 90
0
  0
MESH
  5
A6
330
17
100
AcDbEntity
  8
WHEELS
100
AcDbSubDMesh
 71
2
 72
0
 91
0
 92
8
 10
97.12418269330894
 20
-270.0
 30
35.99780539277509
 10
117.12418269330894
 20
-270.0
 30
35.99780539277509
 10
117.12418269330894
 20
-224.0
 30
35.99780539277509
 10
97.12418269330894
 20
-224.0
 30
35.99780539277509
 10
97.12418269330894
 20
-270.0
 30
45.99780539277509
 10
117.12418269330894
 20
-270.0
 30
45.99780539277509
 10
117.12418269330894
 20
-224.0
 30
45.99780539277509
 10
97.12418269330894
 20
-224.0
 30
45.99780539277509
 93
30
 90
4
 90
0
 90
3
 90
2
 90
1
 90
4
 90
4
 90
5
 90
6
 90
7
 90
4
 90
0
 90
1
 90
5
 90
4
 90
4
 90
1
 90
2
 90
6
 90
5
 90
4
 90
2
 90
3
 90
7
 90
6
 90
4
 90
3
 90
0
 90
4
 90
7
 94
0
 95
0
 90
0
  0
MESH
  5
A7
330
17
100
AcDbEntity
  8
WHEELS
100
AcDbSubDMesh
 71
2
 72
0
 91
0
 92
8
 10
163.2840458972081
 20
-316.0
 30
4.136894489999094
 10
183.2840458972081
 20
-316.0
 30
4.136894489999094
 10
183.2840458972081
 20
-270.0
 30
4.136894489999094
 10
163.2840458972081
 20
-270.0
 30
4.136894489999094
 10
163.2840458972081
 20
-316.0
 30
14.136894489999094
 10
183.2840458972081
 20
-316.0
 30
14.136894489999094
 10
183.2840458972081
 20
-270.0
 30
14.136894489999094
 10
163.2840458972081
 20
-270.0
 30
14.136894489999094
 93
30
 90
4
 90
0
 90
3
 90
2
 90
1
 90
4
 90
4
 90
5
 90
6
 90
7
 90
4
 90
0
 90
1
 90
5
 90
4
 90
4
 90
1
 90
2
 90
6
 90
5
 90
4
 90
2
 90
3
 90
7
 90
6
 90
4
 90
3
 90
0
 90
4
 90
7
 94
0
 95
0
 90
0
  0
MESH
  5
A8
330
17
100
AcDbEntity
  8
WHEELS
100
AcDbSubDMesh
 71
2
 72
0
 91
0
 92
8
 10
163.2840458972081
 20
-270.0
 30
4.136894489999094
 10
183.2840458972081
 20
-270.0
 30
4.136894489999094
 10
183.2840458972081
 20
-224.0
 30
4.136894489999094
 10
163.2840458972081
 20
-224.0
 30
4.136894489999094
 10
163.2840458972081
 20
-270.0
 30
14.136894489999094
 10
183.2840458972081
 20
-270.0
 30
14.136894489999094
 10
183.2840458972081
 20
-224.0
 30
14.136894489999094
 10
163.2840458972081
 20
-224.0
 30
14.136894489999094
 93
30
 90
4
 90
0
 90
3
 90
2
 90
1
 90
4
 90
4
 90
5
 90
6
 90
7
 90
4
 90
0
 90
1
 90
5
 90
4
 90
4
 90
1
 90
2
 90
6
 90
5
 90
4
 90
2
 90
3
 90
7
 90
6
 90
4
 90
3
 90
0
 90
4
 90
7
 94
0
 95
0
 90
0
  0
MESH
  5
A9
330
17
100
AcDbEntity
  8
WHEELS
100
AcDbSubDMesh
 71
2
 72
0
 91
0
 92
8
 10
236.7159541027917
 20
-316.0
 30
4.136894489999065
 10
256.71595410279167
 20
-316.0
 30
4.136894489999065
 10
256.71595410279167
 20
-270.0
 30
4.136894489999065
 10
236.7159541027917
 20
-270.0
 30
4.136894489999065
 10
236.7159541027917
 20
-316.0
 30
14.136894489999065
 10
256.71595410279167
 20
-316.0
 30
14.136894489999065
 10
256.71595410279167
 20
-270.0
 30
14.136894489999065
 10
236.7159541027917
 20
-270.0
 30
14.136894489999065
 93
30
 90
4
 90
0
 90
3
 90
2
 90
1
 90
4
 90
4
 90
5
 90
6
 90
7
 90
4
 90
0
 90
1
 90
5
 90
4
 90
4
 90
1
 90
2
 90
6
 90
5
 90
4
 90
2
 90
3
 90
7
 90
6
 90
4
 90
3
 90
0
 90
4
 90
7
 94
0
 95
0
 90
0
  0
MESH
  5
AA
330
17
100
AcDbEntity
  8
WHEELS
100
AcDbSubDMesh
 71
2
 72
0
 91
0
 92
8
 10
236.7159541027917
 20
-270.0
 30
4.136894489999065
 10
256.71595410279167
 20
-270.0
 30
4.136894489999065
 10
256.71595410279167
 20
-224.0
 30
4.136894489999065
 10
236.7159541027917
 20
-224.0
 30
4.136894489999065
 10
236.7159541027917
 20
-270.0
 30
14.136894489999065
 10
256.71595410279167
 20
-270.0
 30
14.136894489999065
 10
256.71595410279167
 20
-224.0
 30
14.136894489999065
 10
236.7159541027917
 20
-224.0
 30
14.136894489999065
 93
30
 90
4
 90
0
 90
3
 90
2
 90
1
 90
4
 90
4
 90
5
 90
6
 90
7
 90
4
 90
0
 90
1
 90
5
 90
4
 90
4
 90
1
 90
2
 90
6
 90
5
 90
4
 90
2
 90
3
 90
7
 90
6
 90
4
 90
3
 90
0
 90
4
 90
7
 94
0
 95
0
 90
0
  0
MESH
  5
AB
330
17
100
AcDbEntity
  8
WHEELS
100
AcDbSubDMesh
 71
2
 72
0
 91
0
 92
8
 10
302.87581730669103
 20
-316.0
 30
35.997805392775064
 10
322.87581730669103
 20
-316.0
 30
35.997805392775064
 10
322.87581730669103
 20
-270.0
 30
35.997805392775064
 10
302.87581730669103
 20
-270.0
 30
35.997805392775064
 10
302.87581730669103
 20
-316.0
 30
45.997805392775064
 10
322.87581730669103
 20
-316.0
 30
45.997805392775064
 10
322.87581730669103
 20
-270.0
 30
45.997805392775064
 10
302.87581730669103
 20
-270.0
 30
45.997805392775064
 93
30
 90
4
 90
0
 90
3
 90
2
 90
1
 90
4
 90
4
 90
5
 90
6
 90
7
 90
4
 90
0
 90
1
 90
5
 90
4
 90
4
 90
1
 90
2
 90
6
 90
5
 90
4
 90
2
 90
3
 90
7
 90
6
 90
4
 90
3
 90
0
 90
4
 90
7
 94
0
 95
0
 90
0
  0
MESH
  5
AC
330
17
100
AcDbEntity
  8
WHEELS
100
AcDbSubDMesh
 71
2
 72
0
 91
0
 92
8
 10
302.87581730669103
 20
-270.0
 30
35.997805392775064
 10
322.87581730669103
 20
-270.0
 30
35.997805392775064
 10
322.87581730669103
 20
-224.0
 30
35.997805392775064
 10
302.87581730669103
 20
-224.0
 30
35.997805392775064
 10
302.87581730669103
 20
-270.0
 30
45.997805392775064
 10
322.87581730669103
 20
-270.0
 30
45.997805392775064
 10
322.87581730669103
 20
-224.0
 30
45.997805392775064
 10
302.87581730669103
 20
-224.0
 30
45.997805392775064
 93
30
 90
4
 90
0
 90
3
 90
2
 90
1
 90
4
 90
4
 90
5
 90
6
 90
7
 90
4
 90
0
 90
1
 90
5
 90
4
 90
4
 90
1
 90
2
 90
6
 90
5
 90
4
 90
2
 90
3
 90
7
 90
6
 90
4
 90
3
 90
0
 90
4
 90
7
 94
0
 95
0
 90
0
  0
MESH
  5
AD
330
17
100
AcDbEntity
  8
WHEELS
100
AcDbSubDMesh
 71
2
 72
0
 91
0
 92
8
 10
348.6598632038992
 20
-316.0
 30
93.40918304560302
 10
368.6598632038992
 20
-316.0
 30
93.40918304560302
 10
368.6598632038992
 20
-270.0
 30
93.40918304560302
 10
348.6598632038992
 20
-270.0
 30
93.40918304560302
 10
348.6598632038992
 20
-316.0
 30
103.40918304560302
 10
368.6598632038992
 20
-316.0
 30
103.40918304560302
 10
368.6598632038992
 20
-270.0
 30
103.40918304560302
 10
348.6598632038992
 20
-270.0
 30
103.40918304560302
 93
30
 90
4
 90
0
 90
3
 90
2
 90
1
 90
4
 90
4
 90
5
 90
6
 90
7
 90
4
 90
0
 90
1
 90
5
 90
4
 90
4
 90
1
 90
2
 90
6
 90
5
 90
4
 90
2
 90
3
 90
7
 90
6
 90
4
 90
3
 90
0
 90
4
 90
7
 94
0
 95
0
 90
0
  0
MESH
  5
AE
330
17
100
AcDbEntity
  8
WHEELS
100
AcDbSubDMesh
 71
2
 72
0
 91
0
 92
8
 10
348.6598632038992
 20
-270.0
 30
93.40918304560302
 10
368.6598632038992
 20
-270.0
 30
93.40918304560302
 10
368.6598632038992
 20
-224.0
 30
93.40918304560302
 10
348.6598632038992
 20
-224.0
 30
93.40918304560302
 10
348.6598632038992
 20
-270.0
 30
103.40918304560302
 10
368.6598632038992
 20
-270.0
 30
103.40918304560302
 10
368.6598632038992
 20
-224.0
 30
103.40918304560302
 10
348.6598632038992
 20
-224.0
 30
103.40918304560302
 93
30
 90
4
 90
0
 90
3
 90
2
 90
1
 90
4
 90
4
 90
5
 90
6
 90
7
 90
4
 90
0
 90
1
 90
5
 90
4
 90
4
 90
1
 90
2
 90
6
 90
5
 90
4
 90
2
 90
3
 90
7
 90
6
 90
4
 90
3
 90
0
 90
4
 90
7
 94
0
 95
0
 90
0
  0
MESH
  5
AF
330
17
100
AcDbEntity
  8
FASTENERS
100
AcDbSubDMesh
 71
2
 72
0
 91
0
 92
30
 10
210.0
 20
-334.5
 30
170.0
 10
210.0
 20
-310.5
 30
170.0
 10
248.0
 20
-334.5
 30
170.0
 10
244.23681698029193
 20
-334.5
 30
186.4875820864672
 10
233.69261247063187
 20
-334.5
 30
199.70959633378513
 10
218.45579549033994
 20
-334.5
 30
207.0472606629093
 10
201.54420450966006
 20
-334.5
 30
207.0472606629093
 10
186.30738752936813
 20
-334.5
 30
199.70959633378513
 10
175.7631830197081
 20
-334.5
 30
186.48758208646723
 10
172.0
 20
-334.5
 30
170.0
 10
175.76318301970807
 20
-334.5
 30
153.5124179135328
 10
186.30738752936813
 20
-334.5
 30
140.29040366621487
 10
201.54420450966003
 20
-334.5
 30
132.9527393370907
 10
218.4557954903399
 20
-334.5
 30
132.9527393370907
 10
233.69261247063187
 20
-334.5
 30
140.29040366621487
 10
244.23681698029193
 20
-334.5
 30
153.51241791353283
 10
248.0
 20
-310.5
 30
170.0
 10
244.23681698029193
 20
-310.5
 30
186.4875820864672
 10
233.69261247063187
 20
-310.5
 30
199.70959633378513
 10
218.45579549033994
 20
-310.5
 30
207.0472606629093
 10
201.54420450966006
 20
-310.5
 30
207.0472606629093
 10
186.30738752936813
 20
-310.5
 30
199.70959633378513
 10
175.7631830197081
 20
-310.5
 30
186.48758208646723
 10
172.0
 20
-310.5
 30
170.0
 10
175.76318301970807
 20
-310.5
 30
153.5124179135328
 10
186.30738752936813
 20
-310.5
 30
140.29040366621487
 10
201.54420450966003
 20
-310.5
 30
132.9527393370907
 10
218.4557954903399
 20
-310.5
 30
132.9527393370907
 10
233.69261247063187
 20
-310.5
 30
140.29040366621487
 10
244.23681698029193
 20
-310.5
 30
153.51241791353283
 93
182
 90
3
 90
0
 90
3
 90
2
 90
3
 90
1
 90
16
 90
17
 90
4
 90
2
 90
3
 90
17
 90
16
 90
3
 90
0
 90
4
 90
3
 90
3
 90
1
 90
17
 90
18
 90
4
 90
3
 90
4
 90
18
 90
17
 90
3
 90
0
 90
5
 90
4
 90
3
 90
1
 90
18
 90
19
 90
4
 90
4
 90
5
 90
19
 90
18
 90
3
 90
0
 90
6
 90
5
 90
3
 90
1
 90
19
 90
20
 90
4
 90
5
 90
6
 90
20
 90
19
 90
3
 90
0
 90
7
 90
6
 90
3
 90
1
 90
20
 90
21
 90
4
 90
6
 90
7
 90
21
 90
20
 90
3
 90
0
 90
8
 90
7
 90
3
 90
1
 90
21
 90
22
 90
4
 90
7
 90
8
 90
22
 90
21
 90
3
 90
0
 90
9
 90
8
 90
3
 90
1
 90
22
 90
23
 90
4
 90
8
 90
9
 90
23
 90
22
 90
3
 90
0
 90
10
 90
9
 90
3
 90
1
 90
23
 90
24
 90
4
 90
9
 90
10
 90
24
 90
23
 90
3
 90
0
 90
11
 90
10
 90
3
 90
1
 90
24
 90
25
 90
4
 90
10
 90
11
 90
25
 90
24
 90
3
 90
0
 90
12
 90
11
 90
3
 90
1
 90
25
 90
26
 90
4
 90
11
 90
12
 90
26
 90
25
 90
3
 90
0
 90
13
 90
12
 90
3
 90
1
 90
26
 90
27
 90
4
 90
12
 90
13
 90
27
 90
26
 90
3
 90
0
 90
14
 90
13
 90
3
 90
1
 90
27
 90
28
 90
4
 90
13
 90
14
 90
28
 90
27
 90
3
 90
0
 90
15
 90
14
 90
3
 90
1
 90
28
 90
29
 90
4
 90
14
 90
15
 90
29
 90
28
 90
3
 90
0
 90
2
 90
15
 90
3
 90
1
 90
29
 90
16
 90
4
 90
15
 90
2
 90
16
 90
29
 94
0
 95
0
 90
0
  0
MESH
  5
B0
330
17
100
AcDbEntity
  8
FASTENERS
100
AcDbSubDMesh
 71
2
 72
0
 91
0
 92
22
 10
236.0
 20
-327.5
 30
170.0
 10
236.0
 20
-312.5
 30
170.0
 10
242.0
 20
-327.5
 30
170.0
 10
240.8541019662497
 20
-327.5
 30
173.52671151375483
 10
237.8541019662497
 20
-327.5
 30
175.70633909777092
 10
234.1458980337503
 20
-327.5
 30
175.70633909777092
 10
231.1458980337503
 20
-327.5
 30
173.52671151375483
 10
230.0
 20
-327.5
 30
170.0
 10
231.1458980337503
 20
-327.5
 30
166.47328848624517
 10
234.1458980337503
 20
-327.5
 30
164.29366090222908
 10
237.8541019662497
 20
-327.5
 30
164.29366090222908
 10
240.8541019662497
 20
-327.5
 30
166.47328848624517
 10
242.0
 20
-312.5
 30
170.0
 10
240.8541019662497
 20
-312.5
 30
173.52671151375483
 10
237.8541019662497
 20
-312.5
 30
175.70633909777092
 10
234.1458980337503
 20
-312.5
 30
175.70633909777092
 10
231.1458980337503
 20
-312.5
 30
173.52671151375483
 10
230.0
 20
-312.5
 30
170.0
 10
231.1458980337503
 20
-312.5
 30
166.47328848624517
 10
234.1458980337503
 20
-312.5
 30
164.29366090222908
 10
237.8541019662497
 20
-312.5
 30
164.29366090222908
 10
240.8541019662497
 20
-312.5
 30
166.47328848624517
 93
130
 90
3
 90
0
 90
3
 90
2
 90
3
 90
1
 90
12
 90
13
 90
4
 90
2
 90
3
 90
13
 90
12
 90
3
 90
0
 90
4
 90
3
 90
3
 90
1
 90
13
 90
14
 90
4
 90
3
 90
4
 90
14
 90
13
 90
3
 90
0
 90
5
 90
4
 90
3
 90
1
 90
14
 90
15
 90
4
 90
4
 90
5
 90
15
 90
14
 90
3
 90
0
 90
6
 90
5
 90
3
 90
1
 90
15
 90
16
 90
4
 90
5
 90
6
 90
16
 90
15
 90
3
 90
0
 90
7
 90
6
 90
3
 90
1
 90
16
 90
17
 90
4
 90
6
 90
7
 90
17
 90
16
 90
3
 90
0
 90
8
 90
7
 90
3
 90
1
 90
17
 90
18
 90
4
 90
7
 90
8
 90
18
 90
17
 90
3
 90
0
 90
9
 90
8
 90
3
 90
1
 90
18
 90
19
 90
4
 90
8
 90
9
 90
19
 90
18
 90
3
 90
0
 90
10
 90
9
 90
3
 90
1
 90
19
 90
20
 90
4
 90
9
 90
10
 90
20
 90
19
 90
3
 90
0
 90
11
 90
10
 90
3
 90
1
 90
20
 90
21
 90
4
 90
10
 90
11
 90
21
 90
20
 90
3
 90
0
 90
2
 90
11
 90
3
 90
1
 90
21
 90
12
 90
4
 90
11
 90
2
 90
12
 90
21
 94
0
 95
0
 90
0
  0
MESH
  5
B1
330
17
100
AcDbEntity
  8
FASTENERS
100
AcDbSubDMesh
 71
2
 72
0
 91
0
 92
22
 10
223.0
 20
-327.5
 30
192.5166604983954
 10
223.0
 20
-312.5
 30
192.5166604983954
 10
229.0
 20
-327.5
 30
192.5166604983954
 10
227.8541019662497
 20
-327.5
 30
196.04337201215023
 10
224.8541019662497
 20
-327.5
 30
198.22299959616632
 10
221.1458980337503
 20
-327.5
 30
198.22299959616632
 10
218.1458980337503
 20
-327.5
 30
196.04337201215023
 10
217.0
 20
-327.5
 30
192.5166604983954
 10
218.1458980337503
 20
-327.5
 30
188.98994898464056
 10
221.1458980337503
 20
-327.5
 30
186.81032140062447
 10
224.8541019662497
 20
-327.5
 30
186.81032140062447
 10
227.8541019662497
 20
-327.5
 30
188.98994898464056
 10
229.0
 20
-312.5
 30
192.5166604983954
 10
227.8541019662497
 20
-312.5
 30
196.04337201215023
 10
224.8541019662497
 20
-312.5
 30
198.22299959616632
 10
221.1458980337503
 20
-312.5
 30
198.22299959616632
 10
218.1458980337503
 20
-312.5
 30
196.04337201215023
 10
217.0
 20
-312.5
 30
192.5166604983954
 10
218.1458980337503
 20
-312.5
 30
188.98994898464056
 10
221.1458980337503
 20
-312.5
 30
186.81032140062447
 10
224.8541019662497
 20
-312.5
 30
186.81032140062447
 10
227.8541019662497
 20
-312.5
 30
188.98994898464056
 93
130
 90
3
 90
0
 90
3
 90
2
 90
3
 90
1
 90
12
 90
13
 90
4
 90
2
 90
3
 90
13
 90
12
 90
3
 90
0
 90
4
 90
3
 90
3
 90
1
 90
13
 90
14
 90
4
 90
3
 90
4
 90
14
 90
13
 90
3
 90
0
 90
5
 90
4
 90
3
 90
1
 90
14
 90
15
 90
4
 90
4
 90
5
 90
15
 90
14
 90
3
 90
0
 90
6
 90
5
 90
3
 90
1
 90
15
 90
16
 90
4
 90
5
 90
6
 90
16
 90
15
 90
3
 90
0
 90
7
 90
6
 90
3
 90
1
 90
16
 90
17
 90
4
 90
6
 90
7
 90
17
 90
16
 90
3
 90
0
 90
8
 90
7
 90
3
 90
1
 90
17
 90
18
 90
4
 90
7
 90
8
 90
18
 90
17
 90
3
 90
0
 90
9
 90
8
 90
3
 90
1
 90
18
 90
19
 90
4
 90
8
 90
9
 90
19
 90
18
 90
3
 90
0
 90
10
 90
9
 90
3
 90
1
 90
19
 90
20
 90
4
 90
9
 90
10
 90
20
 90
19
 90
3
 90
0
 90
11
 90
10
 90
3
 90
1
 90
20
 90
21
 90
4
 90
10
 90
11
 90
21
 90
20
 90
3
 90
0
 90
2
 90
11
 90
3
 90
1
 90
21
 90
12
 90
4
 90
11
 90
2
 90
12
 90
21
 94
0
 95
0
 90
0
  0
MESH
  5
B2
330
17
100
AcDbEntity
  8
FASTENERS
100
AcDbSubDMesh
 71
2
 72
0
 91
0
 92
22
 10
197.0
 20
-327.5
 30
192.5166604983954
 10
197.0
 20
-312.5
 30
192.5166604983954
 10
203.0
 20
-327.5
 30
192.5166604983954
 10
201.8541019662497
 20
-327.5
 30
196.04337201215023
 10
198.8541019662497
 20
-327.5
 30
198.22299959616632
 10
195.1458980337503
 20
-327.5
 30
198.22299959616632
 10
192.1458980337503
 20
-327.5
 30
196.04337201215023
 10
191.0
 20
-327.5
 30
192.5166604983954
 10
192.1458980337503
 20
-327.5
 30
188.98994898464056
 10
195.1458980337503
 20
-327.5
 30
186.81032140062447
 10
198.8541019662497
 20
-327.5
 30
186.81032140062447
 10
201.8541019662497
 20
-327.5
 30
188.98994898464056
 10
203.0
 20
-312.5
 30
192.5166604983954
 10
201.8541019662497
 20
-312.5
 30
196.04337201215023
 10
198.8541019662497
 20
-312.5
 30
198.22299959616632
 10
195.1458980337503
 20
-312.5
 30
198.22299959616632
 10
192.1458980337503
 20
-312.5
 30
196.04337201215023
 10
191.0
 20
-312.5
 30
192.5166604983954
 10
192.1458980337503
 20
-312.5
 30
188.98994898464056
 10
195.1458980337503
 20
-312.5
 30
186.81032140062447
 10
198.8541019662497
 20
-312.5
 30
186.81032140062447
 10
201.8541019662497
 20
-312.5
 30
188.98994898464056
 93
130
 90
3
 90
0
 90
3
 90
2
 90
3
 90
1
 90
12
 90
13
 90
4
 90
2
 90
3
 90
13
 90
12
 90
3
 90
0
 90
4
 90
3
 90
3
 90
1
 90
13
 90
14
 90
4
 90
3
 90
4
 90
14
 90
13
 90
3
 90
0
 90
5
 90
4
 90
3
 90
1
 90
14
 90
15
 90
4
 90
4
 90
5
 90
15
 90
14
 90
3
 90
0
 90
6
 90
5
 90
3
 90
1
 90
15
 90
16
 90
4
 90
5
 90
6
 90
16
 90
15
 90
3
 90
0
 90
7
 90
6
 90
3
 90
1
 90
16
 90
17
 90
4
 90
6
 90
7
 90
17
 90
16
 90
3
 90
0
 90
8
 90
7
 90
3
 90
1
 90
17
 90
18
 90
4
 90
7
 90
8
 90
18
 90
17
 90
3
 90
0
 90
9
 90
8
 90
3
 90
1
 90
18
 90
19
 90
4
 90
8
 90
9
 90
19
 90
18
 90
3
 90
0
 90
10
 90
9
 90
3
 90
1
 90
19
 90
20
 90
4
 90
9
 90
10
 90
20
 90
19
 90
3
 90
0
 90
11
 90
10
 90
3
 90
1
 90
20
 90
21
 90
4
 90
10
 90
11
 90
21
 90
20
 90
3
 90
0
 90
2
 90
11
 90
3
 90
1
 90
21
 90
12
 90
4
 90
11
 90
2
 90
12
 90
21
 94
0
 95
0
 90
0
  0
MESH
  5
B3
330
17
100
AcDbEntity
  8
FASTENERS
100
AcDbSubDMesh
 71
2
 72
0
 91
0
 92
22
 10
184.0
 20
-327.5
 30
170.0
 10
184.0
 20
-312.5
 30
170.0
 10
190.0
 20
-327.5
 30
170.0
 10
188.8541019662497
 20
-327.5
 30
173.52671151375483
 10
185.8541019662497
 20
-327.5
 30
175.70633909777092
 10
182.1458980337503
 20
-327.5
 30
175.70633909777092
 10
179.1458980337503
 20
-327.5
 30
173.52671151375483
 10
178.0
 20
-327.5
 30
170.0
 10
179.1458980337503
 20
-327.5
 30
166.47328848624517
 10
182.1458980337503
 20
-327.5
 30
164.29366090222908
 10
185.8541019662497
 20
-327.5
 30
164.29366090222908
 10
188.8541019662497
 20
-327.5
 30
166.47328848624517
 10
190.0
 20
-312.5
 30
170.0
 10
188.8541019662497
 20
-312.5
 30
173.52671151375483
 10
185.8541019662497
 20
-312.5
 30
175.70633909777092
 10
182.1458980337503
 20
-312.5
 30
175.70633909777092
 10
179.1458980337503
 20
-312.5
 30
173.52671151375483
 10
178.0
 20
-312.5
 30
170.0
 10
179.1458980337503
 20
-312.5
 30
166.47328848624517
 10
182.1458980337503
 20
-312.5
 30
164.29366090222908
 10
185.8541019662497
 20
-312.5
 30
164.29366090222908
 10
188.8541019662497
 20
-312.5
 30
166.47328848624517
 93
130
 90
3
 90
0
 90
3
 90
2
 90
3
 90
1
 90
12
 90
13
 90
4
 90
2
 90
3
 90
13
 90
12
 90
3
 90
0
 90
4
 90
3
 90
3
 90
1
 90
13
 90
14
 90
4
 90
3
 90
4
 90
14
 90
13
 90
3
 90
0
 90
5
 90
4
 90
3
 90
1
 90
14
 90
15
 90
4
 90
4
 90
5
 90
15
 90
14
 90
3
 90
0
 90
6
 90
5
 90
3
 90
1
 90
15
 90
16
 90
4
 90
5
 90
6
 90
16
 90
15
 90
3
 90
0
 90
7
 90
6
 90
3
 90
1
 90
16
 90
17
 90
4
 90
6
 90
7
 90
17
 90
16
 90
3
 90
0
 90
8
 90
7
 90
3
 90
1
 90
17
 90
18
 90
4
 90
7
 90
8
 90
18
 90
17
 90
3
 90
0
 90
9
 90
8
 90
3
 90
1
 90
18
 90
19
 90
4
 90
8
 90
9
 90
19
 90
18
 90
3
 90
0
 90
10
 90
9
 90
3
 90
1
 90
19
 90
20
 90
4
 90
9
 90
10
 90
20
 90
19
 90
3
 90
0
 90
11
 90
10
 90
3
 90
1
 90
20
 90
21
 90
4
 90
10
 90
11
 90
21
 90
20
 90
3
 90
0
 90
2
 90
11
 90
3
 90
1
 90
21
 90
12
 90
4
 90
11
 90
2
 90
12
 90
21
 94
0
 95
0
 90
0
  0
MESH
  5
B4
330
17
100
AcDbEntity
  8
FASTENERS
100
AcDbSubDMesh
 71
2
 72
0
 91
0
 92
22
 10
197.0
 20
-327.5
 30
147.4833395016046
 10
197.0
 20
-312.5
 30
147.4833395016046
 10
203.0
 20
-327.5
 30
147.4833395016046
 10
201.8541019662497
 20
-327.5
 30
151.01005101535944
 10
198.8541019662497
 20
-327.5
 30
153.18967859937553
 10
195.1458980337503
 20
-327.5
 30
153.18967859937553
 10
192.1458980337503
 20
-327.5
 30
151.01005101535944
 10
191.0
 20
-327.5
 30
147.4833395016046
 10
192.1458980337503
 20
-327.5
 30
143.95662798784977
 10
195.1458980337503
 20
-327.5
 30
141.77700040383368
 10
198.8541019662497
 20
-327.5
 30
141.77700040383368
 10
201.8541019662497
 20
-327.5
 30
143.95662798784977
 10
203.0
 20
-312.5
 30
147.4833395016046
 10
201.8541019662497
 20
-312.5
 30
151.01005101535944
 10
198.8541019662497
 20
-312.5
 30
153.18967859937553
 10
195.1458980337503
 20
-312.5
 30
153.18967859937553
 10
192.1458980337503
 20
-312.5
 30
151.01005101535944
 10
191.0
 20
-312.5
 30
147.4833395016046
 10
192.1458980337503
 20
-312.5
 30
143.95662798784977
 10
195.1458980337503
 20
-312.5
 30
141.77700040383368
 10
198.8541019662497
 20
-312.5
 30
141.77700040383368
 10
201.8541019662497
 20
-312.5
 30
143.95662798784977
 93
130
 90
3
 90
0
 90
3
 90
2
 90
3
 90
1
 90
12
 90
13
 90
4
 90
2
 90
3
 90
13
 90
12
 90
3
 90
0
 90
4
 90
3
 90
3
 90
1
 90
13
 90
14
 90
4
 90
3
 90
4
 90
14
 90
13
 90
3
 90
0
 90
5
 90
4
 90
3
 90
1
 90
14
 90
15
 90
4
 90
4
 90
5
 90
15
 90
14
 90
3
 90
0
 90
6
 90
5
 90
3
 90
1
 90
15
 90
16
 90
4
 90
5
 90
6
 90
16
 90
15
 90
3
 90
0
 90
7
 90
6
 90
3
 90
1
 90
16
 90
17
 90
4
 90
6
 90
7
 90
17
 90
16
 90
3
 90
0
 90
8
 90
7
 90
3
 90
1
 90
17
 90
18
 90
4
 90
7
 90
8
 90
18
 90
17
 90
3
 90
0
 90
9
 90
8
 90
3
 90
1
 90
18
 90
19
 90
4
 90
8
 90
9
 90
19
 90
18
 90
3
 90
0
 90
10
 90
9
 90
3
 90
1
 90
19
 90
20
 90
4
 90
9
 90
10
 90
20
 90
19
 90
3
 90
0
 90
11
 90
10
 90
3
 90
1
 90
20
 90
21
 90
4
 90
10
 90
11
 90
21
 90
20
 90
3
 90
0
 90
2
 90
11
 90
3
 90
1
 90
21
 90
12
 90
4
 90
11
 90
2
 90
12
 90
21
 94
0
 95
0
 90
0
  0
MESH
  5
B5
330
17
100
AcDbEntity
  8
FASTENERS
100
AcDbSubDMesh
 71
2
 72
0
 91
0
 92
22
 10
223.0
 20
-327.5
 30
147.4833395016046
 10
223.0
 20
-312.5
 30
147.4833395016046
 10
229.0
 20
-327.5
 30
147.4833395016046
 10
227.8541019662497
 20
-327.5
 30
151.01005101535944
 10
224.8541019662497
 20
-327.5
 30
153.18967859937553
 10
221.1458980337503
 20
-327.5
 30
153.18967859937553
 10
218.1458980337503
 20
-327.5
 30
151.01005101535944
 10
217.0
 20
-327.5
 30
147.4833395016046
 10
218.1458980337503
 20
-327.5
 30
143.95662798784977
 10
221.1458980337503
 20
-327.5
 30
141.77700040383368
 10
224.8541019662497
 20
-327.5
 30
141.77700040383368
 10
227.8541019662497
 20
-327.5
 30
143.95662798784977
 10
229.0
 20
-312.5
 30
147.4833395016046
 10
227.8541019662497
 20
-312.5
 30
151.01005101535944
 10
224.8541019662497
 20
-312.5
 30
153.18967859937553
 10
221.1458980337503
 20
-312.5
 30
153.18967859937553
 10
218.1458980337503
 20
-312.5
 30
151.01005101535944
 10
217.0
 20
-312.5
 30
147.4833395016046
 10
218.1458980337503
 20
-312.5
 30
143.95662798784977
 10
221.1458980337503
 20
-312.5
 30
141.77700040383368
 10
224.8541019662497
 20
-312.5
 30
141.77700040383368
 10
227.8541019662497
 20
-312.5
 30
143.95662798784977
 93
130
 90
3
 90
0
 90
3
 90
2
 90
3
 90
1
 90
12
 90
13
 90
4
 90
2
 90
3
 90
13
 90
12
 90
3
 90
0
 90
4
 90
3
 90
3
 90
1
 90
13
 90
14
 90
4
 90
3
 90
4
 90
14
 90
13
 90
3
 90
0
 90
5
 90
4
 90
3
 90
1
 90
14
 90
15
 90
4
 90
4
 90
5
 90
15
 90
14
 90
3
 90
0
 90
6
 90
5
 90
3
 90
1
 90
15
 90
16
 90
4
 90
5
 90
6
 90
16
 90
15
 90
3
 90
0
 90
7
 90
6
 90
3
 90
1
 90
16
 90
17
 90
4
 90
6
 90
7
 90
17
 90
16
 90
3
 90
0
 90
8
 90
7
 90
3
 90
1
 90
17
 90
18
 90
4
 90
7
 90
8
 90
18
 90
17
 90
3
 90
0
 90
9
 90
8
 90
3
 90
1
 90
18
 90
19
 90
4
 90
8
 90
9
 90
19
 90
18
 90
3
 90
0
 90
10
 90
9
 90
3
 90
1
 90
19
 90
20
 90
4
 90
9
 90
10
 90
20
 90
19
 90
3
 90
0
 90
11
 90
10
 90
3
 90
1
 90
20
 90
21
 90
4
 90
10
 90
11
 90
21
 90
20
 90
3
 90
0
 90
2
 90
11
 90
3
 90
1
 90
21
 90
12
 90
4
 90
11
 90
2
 90
12
 90
21
 94
0
 95
0
 90
0
  0
MESH
  5
B6
330
17
100
AcDbEntity
  8
MOTORS
100
AcDbSubDMesh
 71
2
 72
0
 91
0
 92
34
 10
210.0
 20
-235.0
 30
170.0
 10
210.0
 20
-160.0
 30
170.0
 10
254.0
 20
-235.0
 30
170.0
 10
250.65069943049662
 20
-235.0
 30
186.83807102406394
 10
241.1126983722081
 20
-235.0
 30
201.1126983722081
 10
226.83807102406396
 20
-235.0
 30
210.65069943049662
 10
210.0
 20
-235.0
 30
214.0
 10
193.16192897593606
 20
-235.0
 30
210.65069943049662
 10
178.8873016277919
 20
-235.0
 30
201.1126983722081
 10
169.34930056950338
 20
-235.0
 30
186.83807102406396
 10
166.0
 20
-235.0
 30
170.0
 10
169.34930056950338
 20
-235.0
 30
153.16192897593606
 10
178.8873016277919
 20
-235.0
 30
138.8873016277919
 10
193.16192897593604
 20
-235.0
 30
129.34930056950338
 10
210.0
 20
-235.0
 30
126.0
 10
226.83807102406396
 20
-235.0
 30
129.34930056950338
 10
241.1126983722081
 20
-235.0
 30
138.8873016277919
 10
250.65069943049662
 20
-235.0
 30
153.161928975936
 10
254.0
 20
-160.0
 30
170.0
 10
250.65069943049662
 20
-160.0
 30
186.83807102406394
 10
241.1126983722081
 20
-160.0
 30
201.1126983722081
 10
226.83807102406396
 20
-160.0
 30
210.65069943049662
 10
210.0
 20
-160.0
 30
214.0
 10
193.16192897593606
 20
-160.0
 30
210.65069943049662
 10
178.8873016277919
 20
-160.0
 30
201.1126983722081
 10
169.34930056950338
 20
-160.0
 30
186.83807102406396
 10
166.0
 20
-160.0
 30
170.0
 10
169.34930056950338
 20
-160.0
 30
153.16192897593606
 10
178.8873016277919
 20
-160.0
 30
138.8873016277919
 10
193.16192897593604
 20
-160.0
 30
129.34930056950338
 10
210.0
 20
-160.0
 30
126.0
 10
226.83807102406396
 20
-160.0
 30
129.34930056950338
 10
241.1126983722081
 20
-160.0
 30
138.8873016277919
 10
250.65069943049662
 20
-160.0
 30
153.161928975936
 93
208
 90
3
 90
0
 90
3
 90
2
 90
3
 90
1
 90
18
 90
19
 90
4
 90
2
 90
3
 90
19
 90
18
 90
3
 90
0
 90
4
 90
3
 90
3
 90
1
 90
19
 90
20
 90
4
 90
3
 90
4
 90
20
 90
19
 90
3
 90
0
 90
5
 90
4
 90
3
 90
1
 90
20
 90
21
 90
4
 90
4
 90
5
 90
21
 90
20
 90
3
 90
0
 90
6
 90
5
 90
3
 90
1
 90
21
 90
22
 90
4
 90
5
 90
6
 90
22
 90
21
 90
3
 90
0
 90
7
 90
6
 90
3
 90
1
 90
22
 90
23
 90
4
 90
6
 90
7
 90
23
 90
22
 90
3
 90
0
 90
8
 90
7
 90
3
 90
1
 90
23
 90
24
 90
4
 90
7
 90
8
 90
24
 90
23
 90
3
 90
0
 90
9
 90
8
 90
3
 90
1
 90
24
 90
25
 90
4
 90
8
 90
9
 90
25
 90
24
 90
3
 90
0
 90
10
 90
9
 90
3
 90
1
 90
25
 90
26
 90
4
 90
9
 90
10
 90
26
 90
25
 90
3
 90
0
 90
11
 90
10
 90
3
 90
1
 90
26
 90
27
 90
4
 90
10
 90
11
 90
27
 90
26
 90
3
 90
0
 90
12
 90
11
 90
3
 90
1
 90
27
 90
28
 90
4
 90
11
 90
12
 90
28
 90
27
 90
3
 90
0
 90
13
 90
12
 90
3
 90
1
 90
28
 90
29
 90
4
 90
12
 90
13
 90
29
 90
28
 90
3
 90
0
 90
14
 90
13
 90
3
 90
1
 90
29
 90
30
 90
4
 90
13
 90
14
 90
30
 90
29
 90
3
 90
0
 90
15
 90
14
 90
3
 90
1
 90
30
 90
31
 90
4
 90
14
 90
15
 90
31
 90
30
 90
3
 90
0
 90
16
 90
15
 90
3
 90
1
 90
31
 90
32
 90
4
 90
15
 90
16
 90
32
 90
31
 90
3
 90
0
 90
17
 90
16
 90
3
 90
1
 90
32
 90
33
 90
4
 90
16
 90
17
 90
33
 90
32
 90
3
 90
0
 90
2
 90
17
 90
3
 90
1
 90
33
 90
18
 90
4
 90
17
 90
2
 90
18
 90
33
 94
0
 95
0
 90
0
  0
MESH
  5
B7
330
17
100
AcDbEntity
  8
WHEELS
100
AcDbSubDMesh
 71
2
 72
0
 91
0
 92
50
 10
-210.0
 20
217.5
 30
170.0
 10
-210.0
 20
322.5
 30
170.0
 10
-40.0
 20
217.5
 30
170.0
 10
-45.792609530858385
 20
217.5
 30
213.99923766742853
 10
-62.77568135664541
 20
217.5
 30
255.0
 10
-89.79184719828692
 20
217.5
 30
290.2081528017131
 10
-124.99999999999999
 20
217.5
 30
317.22431864335454
 10
-166.00076233257147
 20
217.5
 30
334.2073904691416
 10
-210.0
 20
217.5
 30
340.0
 10
-253.9992376674285
 20
217.5
 30
334.2073904691416
 10
-294.99999999999994
 20
217.5
 30
317.2243186433546
 10
-330.2081528017131
 20
217.5
 30
290.2081528017131
 10
-357.2243186433546
 20
217.5
 30
255.0
 10
-374.2073904691416
 20
217.5
 30
213.9992376674286
 10
-380.0
 20
217.5
 30
170.00000000000003
 10
-374.2073904691416
 20
217.5
 30
126.00076233257147
 10
-357.2243186433546
 20
217.5
 30
85.00000000000004
 10
-330.20815280171314
 20
217.5
 30
49.79184719828699
 10
-295.00000000000006
 20
217.5
 30
22.775681356645464
 10
-253.9992376674285
 20
217.5
 30
5.792609530858385
 10
-210.00000000000003
 20
217.5
 30
0.0
 10
-166.00076233257155
 20
217.5
 30
5.792609530858357
 10
-124.99999999999999
 20
217.5
 30
22.775681356645435
 10
-89.79184719828694
 20
217.5
 30
49.79184719828689
 10
-62.775681356645464
 20
217.5
 30
84.99999999999993
 10
-45.792609530858414
 20
217.5
 30
126.00076233257133
 10
-40.0
 20
322.5
 30
170.0
 10
-45.792609530858385
 20
322.5
 30
213.99923766742853
 10
-62.77568135664541
 20
322.5
 30
255.0
 10
-89.79184719828692
 20
322.5
 30
290.2081528017131
 10
-124.99999999999999
 20
322.5
 30
317.22431864335454
 10
-166.00076233257147
 20
322.5
 30
334.2073904691416
 10
-210.0
 20
322.5
 30
340.0
 10
-253.9992376674285
 20
322.5
 30
334.2073904691416
 10
-294.99999999999994
 20
322.5
 30
317.2243186433546
 10
-330.2081528017131
 20
322.5
 30
290.2081528017131
 10
-357.2243186433546
 20
322.5
 30
255.0
 10
-374.2073904691416
 20
322.5
 30
213.9992376674286
 10
-380.0
 20
322.5
 30
170.00000000000003
 10
-374.2073904691416
 20
322.5
 30
126.00076233257147
 10
-357.2243186433546
 20
322.5
 30
85.00000000000004
 10
-330.20815280171314
 20
322.5
 30
49.79184719828699
 10
-295.00000000000006
 20
322.5
 30
22.775681356645464
 10
-253.9992376674285
 20
322.5
 30
5.792609530858385
 10
-210.00000000000003
 20
322.5
 30
0.0
 10
-166.00076233257155
 20
322.5
 30
5.792609530858357
 10
-124.99999999999999
 20
322.5
 30
22.775681356645435
 10
-89.79184719828694
 20
322.5
 30
49.79184719828689
 10
-62.775681356645464
 20
322.5
 30
84.99999999999993
 10
-45.792609530858414
 20
322.5
 30
126.00076233257133
 93
312
 90
3
 90
0
 90
3
 90
2
 90
3
 90
1
 90
26
 90
27
 90
4
 90
2
 90
3
 90
27
 90
26
 90
3
 90
0
 90
4
 90
3
 90
3
 90
1
 90
27
 90
28
 90
4
 90
3
 90
4
 90
28
 90
27
 90
3
 90
0
 90
5
 90
4
 90
3
 90
1
 90
28
 90
29
 90
4
 90
4
 90
5
 90
29
 90
28
 90
3
 90
0
 90
6
 90
5
 90
3
 90
1
 90
29
 90
30
 90
4
 90
5
 90
6
 90
30
 90
29
 90
3
 90
0
 90
7
 90
6
 90
3
 90
1
 90
30
 90
31
 90
4
 90
6
 90
7
 90
31
 90
30
 90
3
 90
0
 90
8
 90
7
 90
3
 90
1
 90
31
 90
32
 90
4
 90
7
 90
8
 90
32
 90
31
 90
3
 90
0
 90
9
 90
8
 90
3
 90
1
 90
32
 90
33
 90
4
 90
8
 90
9
 90
33
 90
32
 90
3
 90
0
 90
10
 90
9
 90
3
 90
1
 90
33
 90
34
 90
4
 90
9
 90
10
 90
34
 90
33
 90
3
 90
0
 90
11
 90
10
 90
3
 90
1
 90
34
 90
35
 90
4
 90
10
 90
11
 90
35
 90
34
 90
3
 90
0
 90
12
 90
11
 90
3
 90
1
 90
35
 90
36
 90
4
 90
11
 90
12
 90
36
 90
35
 90
3
 90
0
 90
13
 90
12
 90
3
 90
1
 90
36
 90
37
 90
4
 90
12
 90
13
 90
37
 90
36
 90
3
 90
0
 90
14
 90
13
 90
3
 90
1
 90
37
 90
38
 90
4
 90
13
 90
14
 90
38
 90
37
 90
3
 90
0
 90
15
 90
14
 90
3
 90
1
 90
38
 90
39
 90
4
 90
14
 90
15
 90
39
 90
38
 90
3
 90
0
 90
16
 90
15
 90
3
 90
1
 90
39
 90
40
 90
4
 90
15
 90
16
 90
40
 90
39
 90
3
 90
0
 90
17
 90
16
 90
3
 90
1
 90
40
 90
41
 90
4
 90
16
 90
17
 90
41
 90
40
 90
3
 90
0
 90
18
 90
17
 90
3
 90
1
 90
41
 90
42
 90
4
 90
17
 90
18
 90
42
 90
41
 90
3
 90
0
 90
19
 90
18
 90
3
 90
1
 90
42
 90
43
 90
4
 90
18
 90
19
 90
43
 90
42
 90
3
 90
0
 90
20
 90
19
 90
3
 90
1
 90
43
 90
44
 90
4
 90
19
 90
20
 90
44
 90
43
 90
3
 90
0
 90
21
 90
20
 90
3
 90
1
 90
44
 90
45
 90
4
 90
20
 90
21
 90
45
 90
44
 90
3
 90
0
 90
22
 90
21
 90
3
 90
1
 90
45
 90
46
 90
4
 90
21
 90
22
 90
46
 90
45
 90
3
 90
0
 90
23
 90
22
 90
3
 90
1
 90
46
 90
47
 90
4
 90
22
 90
23
 90
47
 90
46
 90
3
 90
0
 90
24
 90
23
 90
3
 90
1
 90
47
 90
48
 90
4
 90
23
 90
24
 90
48
 90
47
 90
3
 90
0
 90
25
 90
24
 90
3
 90
1
 90
48
 90
49
 90
4
 90
24
 90
25
 90
49
 90
48
 90
3
 90
0
 90
2
 90
25
 90
3
 90
1
 90
49
 90
26
 90
4
 90
25
 90
2
 90
26
 90
49
 94
0
 95
0
 90
0
  0
MESH
  5
B8
330
17
100
AcDbEntity
  8
WHEELS
100
AcDbSubDMesh
 71
2
 72
0
 91
0
 92
42
 10
-210.0
 20
222.5
 30
170.0
 10
-210.0
 20
317.5
 30
170.0
 10
-100.0
 20
222.5
 30
170.0
 10
-105.38378320753311
 20
222.5
 30
203.99186938124421
 10
-121.00813061875579
 20
222.5
 30
234.65637775217203
 10
-145.34362224782797
 20
222.5
 30
258.9918693812442
 10
-176.00813061875579
 20
222.5
 30
274.6162167924669
 10
-210.0
 20
222.5
 30
280.0
 10
-243.99186938124421
 20
222.5
 30
274.6162167924669
 10
-274.65637775217203
 20
222.5
 30
258.9918693812442
 10
-298.9918693812442
 20
222.5
 30
234.65637775217206
 10
-314.6162167924669
 20
222.5
 30
203.99186938124421
 10
-320.0
 20
222.5
 30
170.0
 10
-314.6162167924669
 20
222.5
 30
136.00813061875584
 10
-298.9918693812442
 20
222.5
 30
105.34362224782797
 10
-274.65637775217203
 20
222.5
 30
81.00813061875579
 10
-243.99186938124421
 20
222.5
 30
65.38378320753311
 10
-210.00000000000003
 20
222.5
 30
60.0
 10
-176.0081306187558
 20
222.5
 30
65.3837832075331
 10
-145.34362224782797
 20
222.5
 30
81.00813061875577
 10
-121.00813061875579
 20
222.5
 30
105.34362224782794
 10
-105.38378320753311
 20
222.5
 30
136.00813061875576
 10
-100.0
 20
317.5
 30
170.0
 10
-105.38378320753311
 20
317.5
 30
203.99186938124421
 10
-121.00813061875579
 20
317.5
 30
234.65637775217203
 10
-145.34362224782797
 20
317.5
 30
258.9918693812442
 10
-176.00813061875579
 20
317.5
 30
274.6162167924669
 10
-210.0
 20
317.5
 30
280.0
 10
-243.99186938124421
 20
317.5
 30
274.6162167924669
 10
-274.65637775217203
 20
317.5
 30
258.9918693812442
 10
-298.9918693812442
 20
317.5
 30
234.65637775217206
 10
-314.6162167924669
 20
317.5
 30
203.99186938124421
 10
-320.0
 20
317.5
 30
170.0
 10
-314.6162167924669
 20
317.5
 30
136.00813061875584
 10
-298.9918693812442
 20
317.5
 30
105.34362224782797
 10
-274.65637775217203
 20
317.5
 30
81.00813061875579
 10
-243.99186938124421
 20
317.5
 30
65.38378320753311
 10
-210.00000000000003
 20
317.5
 30
60.0
 10
-176.0081306187558
 20
317.5
 30
65.3837832075331
 10
-145.34362224782797
 20
317.5
 30
81.00813061875577
 10
-121.00813061875579
 20
317.5
 30
105.34362224782794
 10
-105.38378320753311
 20
317.5
 30
136.00813061875576
 93
260
 90
3
 90
0
 90
3
 90
2
 90
3
 90
1
 90
22
 90
23
 90
4
 90
2
 90
3
 90
23
 90
22
 90
3
 90
0
 90
4
 90
3
 90
3
 90
1
 90
23
 90
24
 90
4
 90
3
 90
4
 90
24
 90
23
 90
3
 90
0
 90
5
 90
4
 90
3
 90
1
 90
24
 90
25
 90
4
 90
4
 90
5
 90
25
 90
24
 90
3
 90
0
 90
6
 90
5
 90
3
 90
1
 90
25
 90
26
 90
4
 90
5
 90
6
 90
26
 90
25
 90
3
 90
0
 90
7
 90
6
 90
3
 90
1
 90
26
 90
27
 90
4
 90
6
 90
7
 90
27
 90
26
 90
3
 90
0
 90
8
 90
7
 90
3
 90
1
 90
27
 90
28
 90
4
 90
7
 90
8
 90
28
 90
27
 90
3
 90
0
 90
9
 90
8
 90
3
 90
1
 90
28
 90
29
 90
4
 90
8
 90
9
 90
29
 90
28
 90
3
 90
0
 90
10
 90
9
 90
3
 90
1
 90
29
 90
30
 90
4
 90
9
 90
10
 90
30
 90
29
 90
3
 90
0
 90
11
 90
10
 90
3
 90
1
 90
30
 90
31
 90
4
 90
10
 90
11
 90
31
 90
30
 90
3
 90
0
 90
12
 90
11
 90
3
 90
1
 90
31
 90
32
 90
4
 90
11
 90
12
 90
32
 90
31
 90
3
 90
0
 90
13
 90
12
 90
3
 90
1
 90
32
 90
33
 90
4
 90
12
 90
13
 90
33
 90
32
 90
3
 90
0
 90
14
 90
13
 90
3
 90
1
 90
33
 90
34
 90
4
 90
13
 90
14
 90
34
 90
33
 90
3
 90
0
 90
15
 90
14
 90
3
 90
1
 90
34
 90
35
 90
4
 90
14
 90
15
 90
35
 90
34
 90
3
 90
0
 90
16
 90
15
 90
3
 90
1
 90
35
 90
36
 90
4
 90
15
 90
16
 90
36
 90
35
 90
3
 90
0
 90
17
 90
16
 90
3
 90
1
 90
36
 90
37
 90
4
 90
16
 90
17
 90
37
 90
36
 90
3
 90
0
 90
18
 90
17
 90
3
 90
1
 90
37
 90
38
 90
4
 90
17
 90
18
 90
38
 90
37
 90
3
 90
0
 90
19
 90
18
 90
3
 90
1
 90
38
 90
39
 90
4
 90
18
 90
19
 90
39
 90
38
 90
3
 90
0
 90
20
 90
19
 90
3
 90
1
 90
39
 90
40
 90
4
 90
19
 90
20
 90
40
 90
39
 90
3
 90
0
 90
21
 90
20
 90
3
 90
1
 90
40
 90
41
 90
4
 90
20
 90
21
 90
41
 90
40
 90
3
 90
0
 90
2
 90
21
 90
3
 90
1
 90
41
 90
22
 90
4
 90
21
 90
2
 90
22
 90
41
 94
0
 95
0
 90
0
  0
MESH
  5
B9
330
17
100
AcDbEntity
  8
FASTENERS
100
AcDbSubDMesh
 71
2
 72
0
 91
0
 92
42
 10
-210.0
 20
314.5
 30
170.0
 10
-210.0
 20
322.5
 30
170.0
 10
-92.0
 20
314.5
 30
170.0
 10
-97.77533107717188
 20
314.5
 30
206.4640053362438
 10
-114.5359946637562
 20
314.5
 30
239.35865977051185
 10
-140.64134022948815
 20
314.5
 30
265.4640053362438
 10
-173.53599466375618
 20
314.5
 30
282.22466892282813
 10
-210.0
 20
314.5
 30
288.0
 10
-246.4640053362438
 20
314.5
 30
282.22466892282813
 10
-279.35865977051185
 20
314.5
 30
265.4640053362438
 10
-305.46400533624376
 20
314.5
 30
239.35865977051185
 10
-322.22466892282813
 20
314.5
 30
206.46400533624382
 10
-328.0
 20
314.5
 30
170.00000000000003
 10
-322.22466892282813
 20
314.5
 30
133.53599466375627
 10
-305.4640053362438
 20
314.5
 30
100.64134022948818
 10
-279.35865977051185
 20
314.5
 30
74.53599466375621
 10
-246.46400533624382
 20
314.5
 30
57.775331077171884
 10
-210.00000000000003
 20
314.5
 30
52.0
 10
-173.53599466375624
 20
314.5
 30
57.77533107717187
 10
-140.6413402294882
 20
314.5
 30
74.53599466375618
 10
-114.53599466375621
 20
314.5
 30
100.64134022948815
 10
-97.77533107717188
 20
314.5
 30
133.53599466375618
 10
-92.0
 20
322.5
 30
170.0
 10
-97.77533107717188
 20
322.5
 30
206.4640053362438
 10
-114.5359946637562
 20
322.5
 30
239.35865977051185
 10
-140.64134022948815
 20
322.5
 30
265.4640053362438
 10
-173.53599466375618
 20
322.5
 30
282.22466892282813
 10
-210.0
 20
322.5
 30
288.0
 10
-246.4640053362438
 20
322.5
 30
282.22466892282813
 10
-279.35865977051185
 20
322.5
 30
265.4640053362438
 10
-305.46400533624376
 20
322.5
 30
239.35865977051185
 10
-322.22466892282813
 20
322.5
 30
206.46400533624382
 10
-328.0
 20
322.5
 30
170.00000000000003
 10
-322.22466892282813
 20
322.5
 30
133.53599466375627
 10
-305.4640053362438
 20
322.5
 30
100.64134022948818
 10
-279.35865977051185
 20
322.5
 30
74.53599466375621
 10
-246.46400533624382
 20
322.5
 30
57.775331077171884
 10
-210.00000000000003
 20
322.5
 30
52.0
 10
-173.53599466375624
 20
322.5
 30
57.77533107717187
 10
-140.6413402294882
 20
322.5
 30
74.53599466375618
 10
-114.53599466375621
 20
322.5
 30
100.64134022948815
 10
-97.77533107717188
 20
322.5
 30
133.53599466375618
 93
260
 90
3
 90
0
 90
3
 90
2
 90
3
 90
1
 90
22
 90
23
 90
4
 90
2
 90
3
 90
23
 90
22
 90
3
 90
0
 90
4
 90
3
 90
3
 90
1
 90
23
 90
24
 90
4
 90
3
 90
4
 90
24
 90
23
 90
3
 90
0
 90
5
 90
4
 90
3
 90
1
 90
24
 90
25
 90
4
 90
4
 90
5
 90
25
 90
24
 90
3
 90
0
 90
6
 90
5
 90
3
 90
1
 90
25
 90
26
 90
4
 90
5
 90
6
 90
26
 90
25
 90
3
 90
0
 90
7
 90
6
 90
3
 90
1
 90
26
 90
27
 90
4
 90
6
 90
7
 90
27
 90
26
 90
3
 90
0
 90
8
 90
7
 90
3
 90
1
 90
27
 90
28
 90
4
 90
7
 90
8
 90
28
 90
27
 90
3
 90
0
 90
9
 90
8
 90
3
 90
1
 90
28
 90
29
 90
4
 90
8
 90
9
 90
29
 90
28
 90
3
 90
0
 90
10
 90
9
 90
3
 90
1
 90
29
 90
30
 90
4
 90
9
 90
10
 90
30
 90
29
 90
3
 90
0
 90
11
 90
10
 90
3
 90
1
 90
30
 90
31
 90
4
 90
10
 90
11
 90
31
 90
30
 90
3
 90
0
 90
12
 90
11
 90
3
 90
1
 90
31
 90
32
 90
4
 90
11
 90
12
 90
32
 90
31
 90
3
 90
0
 90
13
 90
12
 90
3
 90
1
 90
32
 90
33
 90
4
 90
12
 90
13
 90
33
 90
32
 90
3
 90
0
 90
14
 90
13
 90
3
 90
1
 90
33
 90
34
 90
4
 90
13
 90
14
 90
34
 90
33
 90
3
 90
0
 90
15
 90
14
 90
3
 90
1
 90
34
 90
35
 90
4
 90
14
 90
15
 90
35
 90
34
 90
3
 90
0
 90
16
 90
15
 90
3
 90
1
 90
35
 90
36
 90
4
 90
15
 90
16
 90
36
 90
35
 90
3
 90
0
 90
17
 90
16
 90
3
 90
1
 90
36
 90
37
 90
4
 90
16
 90
17
 90
37
 90
36
 90
3
 90
0
 90
18
 90
17
 90
3
 90
1
 90
37
 90
38
 90
4
 90
17
 90
18
 90
38
 90
37
 90
3
 90
0
 90
19
 90
18
 90
3
 90
1
 90
38
 90
39
 90
4
 90
18
 90
19
 90
39
 90
38
 90
3
 90
0
 90
20
 90
19
 90
3
 90
1
 90
39
 90
40
 90
4
 90
19
 90
20
 90
40
 90
39
 90
3
 90
0
 90
21
 90
20
 90
3
 90
1
 90
40
 90
41
 90
4
 90
20
 90
21
 90
41
 90
40
 90
3
 90
0
 90
2
 90
21
 90
3
 90
1
 90
41
 90
22
 90
4
 90
21
 90
2
 90
22
 90
41
 94
0
 95
0
 90
0
  0
MESH
  5
BA
330
17
100
AcDbEntity
  8
WHEELS
100
AcDbSubDMesh
 71
2
 72
0
 91
0
 92
8
 10
-55.0
 20
224.0
 30
165.0
 10
-35.0
 20
224.0
 30
165.0
 10
-35.0
 20
270.0
 30
165.0
 10
-55.0
 20
270.0
 30
165.0
 10
-55.0
 20
224.0
 30
175.0
 10
-35.0
 20
224.0
 30
175.0
 10
-35.0
 20
270.0
 30
175.0
 10
-55.0
 20
270.0
 30
175.0
 93
30
 90
4
 90
0
 90
3
 90
2
 90
1
 90
4
 90
4
 90
5
 90
6
 90
7
 90
4
 90
0
 90
1
 90
5
 90
4
 90
4
 90
1
 90
2
 90
6
 90
5
 90
4
 90
2
 90
3
 90
7
 90
6
 90
4
 90
3
 90
0
 90
4
 90
7
 94
0
 95
0
 90
0
  0
MESH
  5
BB
330
17
100
AcDbEntity
  8
WHEELS
100
AcDbSubDMesh
 71
2
 72
0
 91
0
 92
8
 10
-55.0
 20
270.0
 30
165.0
 10
-35.0
 20
270.0
 30
165.0
 10
-35.0
 20
316.0
 30
165.0
 10
-55.0
 20
316.0
 30
165.0
 10
-55.0
 20
270.0
 30
175.0
 10
-35.0
 20
270.0
 30
175.0
 10
-35.0
 20
316.0
 30
175.0
 10
-55.0
 20
316.0
 30
175.0
 93
30
 90
4
 90
0
 90
3
 90
2
 90
1
 90
4
 90
4
 90
5
 90
6
 90
7
 90
4
 90
0
 90
1
 90
5
 90
4
 90
4
 90
1
 90
2
 90
6
 90
5
 90
4
 90
2
 90
3
 90
7
 90
6
 90
4
 90
3
 90
0
 90
4
 90
7
 94
0
 95
0
 90
0
  0
MESH
  5
BC
330
17
100
AcDbEntity
  8
WHEELS
100
AcDbSubDMesh
 71
2
 72
0
 91
0
 92
8
 10
-71.34013679610084
 20
224.0
 30
236.5908169543971
 10
-51.340136796100836
 20
224.0
 30
236.5908169543971
 10
-51.340136796100836
 20
270.0
 30
236.5908169543971
 10
-71.34013679610084
 20
270.0
 30
236.5908169543971
 10
-71.34013679610084
 20
224.0
 30
246.5908169543971
 10
-51.340136796100836
 20
224.0
 30
246.5908169543971
 10
-51.340136796100836
 20
270.0
 30
246.5908169543971
 10
-71.34013679610084
 20
270.0
 30
246.5908169543971
 93
30
 90
4
 90
0
 90
3
 90
2
 90
1
 90
4
 90
4
 90
5
 90
6
 90
7
 90
4
 90
0
 90
1
 90
5
 90
4
 90
4
 90
1
 90
2
 90
6
 90
5
 90
4
 90
2
 90
3
 90
7
 90
6
 90
4
 90
3
 90
0
 90
4
 90
7
 94
0
 95
0
 90
0
  0
MESH
  5
BD
330
17
100
AcDbEntity
  8
WHEELS
100
AcDbSubDMesh
 71
2
 72
0
 91
0
 92
8
 10
-71.34013679610084
 20
270.0
 30
236.5908169543971
 10
-51.340136796100836
 20
270.0
 30
236.5908169543971
 10
-51.340136796100836
 20
316.0
 30
236.5908169543971
 10
-71.34013679610084
 20
316.0
 30
236.5908169543971
 10
-71.34013679610084
 20
270.0
 30
246.5908169543971
 10
-51.340136796100836
 20
270.0
 30
246.5908169543971
 10
-51.340136796100836
 20
316.0
 30
246.5908169543971
 10
-71.34013679610084
 20
316.0
 30
246.5908169543971
 93
30
 90
4
 90
0
 90
3
 90
2
 90
1
 90
4
 90
4
 90
5
 90
6
 90
7
 90
4
 90
0
 90
1
 90
5
 90
4
 90
4
 90
1
 90
2
 90
6
 90
5
 90
4
 90
2
 90
3
 90
7
 90
6
 90
4
 90
3
 90
0
 90
4
 90
7
 94
0
 95
0
 90
0
  0
MESH
  5
BE
330
17
100
AcDbEntity
  8
WHEELS
100
AcDbSubDMesh
 71
2
 72
0
 91
0
 92
8
 10
-117.12418269330895
 20
224.0
 30
294.0021946072249
 10
-97.12418269330895
 20
224.0
 30
294.0021946072249
 10
-97.12418269330895
 20
270.0
 30
294.0021946072249
 10
-117.12418269330895
 20
270.0
 30
294.0021946072249
 10
-117.12418269330895
 20
224.0
 30
304.0021946072249
 10
-97.12418269330895
 20
224.0
 30
304.0021946072249
 10
-97.12418269330895
 20
270.0
 30
304.0021946072249
 10
-117.12418269330895
 20
270.0
 30
304.0021946072249
 93
30
 90
4
 90
0
 90
3
 90
2
 90
1
 90
4
 90
4
 90
5
 90
6
 90
7
 90
4
 90
0
 90
1
 90
5
 90
4
 90
4
 90
1
 90
2
 90
6
 90
5
 90
4
 90
2
 90
3
 90
7
 90
6
 90
4
 90
3
 90
0
 90
4
 90
7
 94
0
 95
0
 90
0
  0
MESH
  5
BF
330
17
100
AcDbEntity
  8
WHEELS
100
AcDbSubDMesh
 71
2
 72
0
 91
0
 92
8
 10
-117.12418269330895
 20
270.0
 30
294.0021946072249
 10
-97.12418269330895
 20
270.0
 30
294.0021946072249
 10
-97.12418269330895
 20
316.0
 30
294.0021946072249
 10
-117.12418269330895
 20
316.0
 30
294.0021946072249
 10
-117.12418269330895
 20
270.0
 30
304.0021946072249
 10
-97.12418269330895
 20
270.0
 30
304.0021946072249
 10
-97.12418269330895
 20
316.0
 30
304.0021946072249
 10
-117.12418269330895
 20
316.0
 30
304.0021946072249
 93
30
 90
4
 90
0
 90
3
 90
2
 90
1
 90
4
 90
4
 90
5
 90
6
 90
7
 90
4
 90
0
 90
1
 90
5
 90
4
 90
4
 90
1
 90
2
 90
6
 90
5
 90
4
 90
2
 90
3
 90
7
 90
6
 90
4
 90
3
 90
0
 90
4
 90
7
 94
0
 95
0
 90
0
  0
MESH
  5
C0
330
17
100
AcDbEntity
  8
WHEELS
100
AcDbSubDMesh
 71
2
 72
0
 91
0
 92
8
 10
-183.2840458972081
 20
224.0
 30
325.8631055100009
 10
-163.2840458972081
 20
224.0
 30
325.8631055100009
 10
-163.2840458972081
 20
270.0
 30
325.8631055100009
 10
-183.2840458972081
 20
270.0
 30
325.8631055100009
 10
-183.2840458972081
 20
224.0
 30
335.8631055100009
 10
-163.2840458972081
 20
224.0
 30
335.8631055100009
 10
-163.2840458972081
 20
270.0
 30
335.8631055100009
 10
-183.2840458972081
 20
270.0
 30
335.8631055100009
 93
30
 90
4
 90
0
 90
3
 90
2
 90
1
 90
4
 90
4
 90
5
 90
6
 90
7
 90
4
 90
0
 90
1
 90
5
 90
4
 90
4
 90
1
 90
2
 90
6
 90
5
 90
4
 90
2
 90
3
 90
7
 90
6
 90
4
 90
3
 90
0
 90
4
 90
7
 94
0
 95
0
 90
0
  0
MESH
  5
C1
330
17
100
AcDbEntity
  8
WHEELS
100
AcDbSubDMesh
 71
2
 72
0
 91
0
 92
8
 10
-183.2840458972081
 20
270.0
 30
325.8631055100009
 10
-163.2840458972081
 20
270.0
 30
325.8631055100009
 10
-163.2840458972081
 20
316.0
 30
325.8631055100009
 10
-183.2840458972081
 20
316.0
 30
325.8631055100009
 10
-183.2840458972081
 20
270.0
 30
335.8631055100009
 10
-163.2840458972081
 20
270.0
 30
335.8631055100009
 10
-163.2840458972081
 20
316.0
 30
335.8631055100009
 10
-183.2840458972081
 20
316.0
 30
335.8631055100009
 93
30
 90
4
 90
0
 90
3
 90
2
 90
1
 90
4
 90
4
 90
5
 90
6
 90
7
 90
4
 90
0
 90
1
 90
5
 90
4
 90
4
 90
1
 90
2
 90
6
 90
5
 90
4
 90
2
 90
3
 90
7
 90
6
 90
4
 90
3
 90
0
 90
4
 90
7
 94
0
 95
0
 90
0
  0
MESH
  5
C2
330
17
100
AcDbEntity
  8
WHEELS
100
AcDbSubDMesh
 71
2
 72
0
 91
0
 92
8
 10
-256.7159541027919
 20
224.0
 30
325.8631055100009
 10
-236.71595410279187
 20
224.0
 30
325.8631055100009
 10
-236.71595410279187
 20
270.0
 30
325.8631055100009
 10
-256.7159541027919
 20
270.0
 30
325.8631055100009
 10
-256.7159541027919
 20
224.0
 30
335.8631055100009
 10
-236.71595410279187
 20
224.0
 30
335.8631055100009
 10
-236.71595410279187
 20
270.0
 30
335.8631055100009
 10
-256.7159541027919
 20
270.0
 30
335.8631055100009
 93
30
 90
4
 90
0
 90
3
 90
2
 90
1
 90
4
 90
4
 90
5
 90
6
 90
7
 90
4
 90
0
 90
1
 90
5
 90
4
 90
4
 90
1
 90
2
 90
6
 90
5
 90
4
 90
2
 90
3
 90
7
 90
6
 90
4
 90
3
 90
0
 90
4
 90
7
 94
0
 95
0
 90
0
  0
MESH
  5
C3
330
17
100
AcDbEntity
  8
WHEELS
100
AcDbSubDMesh
 71
2
 72
0
 91
0
 92
8
 10
-256.7159541027919
 20
270.0
 30
325.8631055100009
 10
-236.71595410279187
 20
270.0
 30
325.8631055100009
 10
-236.71595410279187
 20
316.0
 30
325.8631055100009
 10
-256.7159541027919
 20
316.0
 30
325.8631055100009
 10
-256.7159541027919
 20
270.0
 30
335.8631055100009
 10
-236.71595410279187
 20
270.0
 30
335.8631055100009
 10
-236.71595410279187
 20
316.0
 30
335.8631055100009
 10
-256.7159541027919
 20
316.0
 30
335.8631055100009
 93
30
 90
4
 90
0
 90
3
 90
2
 90
1
 90
4
 90
4
 90
5
 90
6
 90
7
 90
4
 90
0
 90
1
 90
5
 90
4
 90
4
 90
1
 90
2
 90
6
 90
5
 90
4
 90
2
 90
3
 90
7
 90
6
 90
4
 90
3
 90
0
 90
4
 90
7
 94
0
 95
0
 90
0
  0
MESH
  5
C4
330
17
100
AcDbEntity
  8
WHEELS
100
AcDbSubDMesh
 71
2
 72
0
 91
0
 92
8
 10
-322.87581730669103
 20
224.0
 30
294.00219460722496
 10
-302.87581730669103
 20
224.0
 30
294.00219460722496
 10
-302.87581730669103
 20
270.0
 30
294.00219460722496
 10
-322.87581730669103
 20
270.0
 30
294.00219460722496
 10
-322.87581730669103
 20
224.0
 30
304.00219460722496
 10
-302.87581730669103
 20
224.0
 30
304.00219460722496
 10
-302.87581730669103
 20
270.0
 30
304.00219460722496
 10
-322.87581730669103
 20
270.0
 30
304.00219460722496
 93
30
 90
4
 90
0
 90
3
 90
2
 90
1
 90
4
 90
4
 90
5
 90
6
 90
7
 90
4
 90
0
 90
1
 90
5
 90
4
 90
4
 90
1
 90
2
 90
6
 90
5
 90
4
 90
2
 90
3
 90
7
 90
6
 90
4
 90
3
 90
0
 90
4
 90
7
 94
0
 95
0
 90
0
  0
MESH
  5
C5
330
17
100
AcDbEntity
  8
WHEELS
100
AcDbSubDMesh
 71
2
 72
0
 91
0
 92
8
 10
-322.87581730669103
 20
270.0
 30
294.00219460722496
 10
-302.87581730669103
 20
270.0
 30
294.00219460722496
 10
-302.87581730669103
 20
316.0
 30
294.00219460722496
 10
-322.87581730669103
 20
316.0
 30
294.00219460722496
 10
-322.87581730669103
 20
270.0
 30
304.00219460722496
 10
-302.87581730669103
 20
270.0
 30
304.00219460722496
 10
-302.87581730669103
 20
316.0
 30
304.00219460722496
 10
-322.87581730669103
 20
316.0
 30
304.00219460722496
 93
30
 90
4
 90
0
 90
3
 90
2
 90
1
 90
4
 90
4
 90
5
 90
6
 90
7
 90
4
 90
0
 90
1
 90
5
 90
4
 90
4
 90
1
 90
2
 90
6
 90
5
 90
4
 90
2
 90
3
 90
7
 90
6
 90
4
 90
3
 90
0
 90
4
 90
7
 94
0
 95
0
 90
0
  0
MESH
  5
C6
330
17
100
AcDbEntity
  8
WHEELS
100
AcDbSubDMesh
 71
2
 72
0
 91
0
 92
8
 10
-368.65986320389914
 20
224.0
 30
236.5908169543971
 10
-348.65986320389914
 20
224.0
 30
236.5908169543971
 10
-348.65986320389914
 20
270.0
 30
236.5908169543971
 10
-368.65986320389914
 20
270.0
 30
236.5908169543971
 10
-368.65986320389914
 20
224.0
 30
246.5908169543971
 10
-348.65986320389914
 20
224.0
 30
246.5908169543971
 10
-348.65986320389914
 20
270.0
 30
246.5908169543971
 10
-368.65986320389914
 20
270.0
 30
246.5908169543971
 93
30
 90
4
 90
0
 90
3
 90
2
 90
1
 90
4
 90
4
 90
5
 90
6
 90
7
 90
4
 90
0
 90
1
 90
5
 90
4
 90
4
 90
1
 90
2
 90
6
 90
5
 90
4
 90
2
 90
3
 90
7
 90
6
 90
4
 90
3
 90
0
 90
4
 90
7
 94
0
 95
0
 90
0
  0
MESH
  5
C7
330
17
100
AcDbEntity
  8
WHEELS
100
AcDbSubDMesh
 71
2
 72
0
 91
0
 92
8
 10
-368.65986320389914
 20
270.0
 30
236.5908169543971
 10
-348.65986320389914
 20
270.0
 30
236.5908169543971
 10
-348.65986320389914
 20
316.0
 30
236.5908169543971
 10
-368.65986320389914
 20
316.0
 30
236.5908169543971
 10
-368.65986320389914
 20
270.0
 30
246.5908169543971
 10
-348.65986320389914
 20
270.0
 30
246.5908169543971
 10
-348.65986320389914
 20
316.0
 30
246.5908169543971
 10
-368.65986320389914
 20
316.0
 30
246.5908169543971
 93
30
 90
4
 90
0
 90
3
 90
2
 90
1
 90
4
 90
4
 90
5
 90
6
 90
7
 90
4
 90
0
 90
1
 90
5
 90
4
 90
4
 90
1
 90
2
 90
6
 90
5
 90
4
 90
2
 90
3
 90
7
 90
6
 90
4
 90
3
 90
0
 90
4
 90
7
 94
0
 95
0
 90
0
  0
MESH
  5
C8
330
17
100
AcDbEntity
  8
WHEELS
100
AcDbSubDMesh
 71
2
 72
0
 91
0
 92
8
 10
-385.0
 20
224.0
 30
165.00000000000003
 10
-365.0
 20
224.0
 30
165.00000000000003
 10
-365.0
 20
270.0
 30
165.00000000000003
 10
-385.0
 20
270.0
 30
165.00000000000003
 10
-385.0
 20
224.0
 30
175.00000000000003
 10
-365.0
 20
224.0
 30
175.00000000000003
 10
-365.0
 20
270.0
 30
175.00000000000003
 10
-385.0
 20
270.0
 30
175.00000000000003
 93
30
 90
4
 90
0
 90
3
 90
2
 90
1
 90
4
 90
4
 90
5
 90
6
 90
7
 90
4
 90
0
 90
1
 90
5
 90
4
 90
4
 90
1
 90
2
 90
6
 90
5
 90
4
 90
2
 90
3
 90
7
 90
6
 90
4
 90
3
 90
0
 90
4
 90
7
 94
0
 95
0
 90
0
  0
MESH
  5
C9
330
17
100
AcDbEntity
  8
WHEELS
100
AcDbSubDMesh
 71
2
 72
0
 91
0
 92
8
 10
-385.0
 20
270.0
 30
165.00000000000003
 10
-365.0
 20
270.0
 30
165.00000000000003
 10
-365.0
 20
316.0
 30
165.00000000000003
 10
-385.0
 20
316.0
 30
165.00000000000003
 10
-385.0
 20
270.0
 30
175.00000000000003
 10
-365.0
 20
270.0
 30
175.00000000000003
 10
-365.0
 20
316.0
 30
175.00000000000003
 10
-385.0
 20
316.0
 30
175.00000000000003
 93
30
 90
4
 90
0
 90
3
 90
2
 90
1
 90
4
 90
4
 90
5
 90
6
 90
7
 90
4
 90
0
 90
1
 90
5
 90
4
 90
4
 90
1
 90
2
 90
6
 90
5
 90
4
 90
2
 90
3
 90
7
 90
6
 90
4
 90
3
 90
0
 90
4
 90
7
 94
0
 95
0
 90
0
  0
MESH
  5
CA
330
17
100
AcDbEntity
  8
WHEELS
100
AcDbSubDMesh
 71
2
 72
0
 91
0
 92
8
 10
-368.65986320389914
 20
224.0
 30
93.40918304560293
 10
-348.65986320389914
 20
224.0
 30
93.40918304560293
 10
-348.65986320389914
 20
270.0
 30
93.40918304560293
 10
-368.65986320389914
 20
270.0
 30
93.40918304560293
 10
-368.65986320389914
 20
224.0
 30
103.40918304560293
 10
-348.65986320389914
 20
224.0
 30
103.40918304560293
 10
-348.65986320389914
 20
270.0
 30
103.40918304560293
 10
-368.65986320389914
 20
270.0
 30
103.40918304560293
 93
30
 90
4
 90
0
 90
3
 90
2
 90
1
 90
4
 90
4
 90
5
 90
6
 90
7
 90
4
 90
0
 90
1
 90
5
 90
4
 90
4
 90
1
 90
2
 90
6
 90
5
 90
4
 90
2
 90
3
 90
7
 90
6
 90
4
 90
3
 90
0
 90
4
 90
7
 94
0
 95
0
 90
0
  0
MESH
  5
CB
330
17
100
AcDbEntity
  8
WHEELS
100
AcDbSubDMesh
 71
2
 72
0
 91
0
 92
8
 10
-368.65986320389914
 20
270.0
 30
93.40918304560293
 10
-348.65986320389914
 20
270.0
 30
93.40918304560293
 10
-348.65986320389914
 20
316.0
 30
93.40918304560293
 10
-368.65986320389914
 20
316.0
 30
93.40918304560293
 10
-368.65986320389914
 20
270.0
 30
103.40918304560293
 10
-348.65986320389914
 20
270.0
 30
103.40918304560293
 10
-348.65986320389914
 20
316.0
 30
103.40918304560293
 10
-368.65986320389914
 20
316.0
 30
103.40918304560293
 93
30
 90
4
 90
0
 90
3
 90
2
 90
1
 90
4
 90
4
 90
5
 90
6
 90
7
 90
4
 90
0
 90
1
 90
5
 90
4
 90
4
 90
1
 90
2
 90
6
 90
5
 90
4
 90
2
 90
3
 90
7
 90
6
 90
4
 90
3
 90
0
 90
4
 90
7
 94
0
 95
0
 90
0
  0
MESH
  5
CC
330
17
100
AcDbEntity
  8
WHEELS
100
AcDbSubDMesh
 71
2
 72
0
 91
0
 92
8
 10
-322.87581730669103
 20
224.0
 30
35.99780539277509
 10
-302.87581730669103
 20
224.0
 30
35.99780539277509
 10
-302.87581730669103
 20
270.0
 30
35.99780539277509
 10
-322.87581730669103
 20
270.0
 30
35.99780539277509
 10
-322.87581730669103
 20
224.0
 30
45.99780539277509
 10
-302.87581730669103
 20
224.0
 30
45.99780539277509
 10
-302.87581730669103
 20
270.0
 30
45.99780539277509
 10
-322.87581730669103
 20
270.0
 30
45.99780539277509
 93
30
 90
4
 90
0
 90
3
 90
2
 90
1
 90
4
 90
4
 90
5
 90
6
 90
7
 90
4
 90
0
 90
1
 90
5
 90
4
 90
4
 90
1
 90
2
 90
6
 90
5
 90
4
 90
2
 90
3
 90
7
 90
6
 90
4
 90
3
 90
0
 90
4
 90
7
 94
0
 95
0
 90
0
  0
MESH
  5
CD
330
17
100
AcDbEntity
  8
WHEELS
100
AcDbSubDMesh
 71
2
 72
0
 91
0
 92
8
 10
-322.87581730669103
 20
270.0
 30
35.99780539277509
 10
-302.87581730669103
 20
270.0
 30
35.99780539277509
 10
-302.87581730669103
 20
316.0
 30
35.99780539277509
 10
-322.87581730669103
 20
316.0
 30
35.99780539277509
 10
-322.87581730669103
 20
270.0
 30
45.99780539277509
 10
-302.87581730669103
 20
270.0
 30
45.99780539277509
 10
-302.87581730669103
 20
316.0
 30
45.99780539277509
 10
-322.87581730669103
 20
316.0
 30
45.99780539277509
 93
30
 90
4
 90
0
 90
3
 90
2
 90
1
 90
4
 90
4
 90
5
 90
6
 90
7
 90
4
 90
0
 90
1
 90
5
 90
4
 90
4
 90
1
 90
2
 90
6
 90
5
 90
4
 90
2
 90
3
 90
7
 90
6
 90
4
 90
3
 90
0
 90
4
 90
7
 94
0
 95
0
 90
0
  0
MESH
  5
CE
330
17
100
AcDbEntity
  8
WHEELS
100
AcDbSubDMesh
 71
2
 72
0
 91
0
 92
8
 10
-256.7159541027919
 20
224.0
 30
4.136894489999094
 10
-236.7159541027919
 20
224.0
 30
4.136894489999094
 10
-236.7159541027919
 20
270.0
 30
4.136894489999094
 10
-256.7159541027919
 20
270.0
 30
4.136894489999094
 10
-256.7159541027919
 20
224.0
 30
14.136894489999094
 10
-236.7159541027919
 20
224.0
 30
14.136894489999094
 10
-236.7159541027919
 20
270.0
 30
14.136894489999094
 10
-256.7159541027919
 20
270.0
 30
14.136894489999094
 93
30
 90
4
 90
0
 90
3
 90
2
 90
1
 90
4
 90
4
 90
5
 90
6
 90
7
 90
4
 90
0
 90
1
 90
5
 90
4
 90
4
 90
1
 90
2
 90
6
 90
5
 90
4
 90
2
 90
3
 90
7
 90
6
 90
4
 90
3
 90
0
 90
4
 90
7
 94
0
 95
0
 90
0
  0
MESH
  5
CF
330
17
100
AcDbEntity
  8
WHEELS
100
AcDbSubDMesh
 71
2
 72
0
 91
0
 92
8
 10
-256.7159541027919
 20
270.0
 30
4.136894489999094
 10
-236.7159541027919
 20
270.0
 30
4.136894489999094
 10
-236.7159541027919
 20
316.0
 30
4.136894489999094
 10
-256.7159541027919
 20
316.0
 30
4.136894489999094
 10
-256.7159541027919
 20
270.0
 30
14.136894489999094
 10
-236.7159541027919
 20
270.0
 30
14.136894489999094
 10
-236.7159541027919
 20
316.0
 30
14.136894489999094
 10
-256.7159541027919
 20
316.0
 30
14.136894489999094
 93
30
 90
4
 90
0
 90
3
 90
2
 90
1
 90
4
 90
4
 90
5
 90
6
 90
7
 90
4
 90
0
 90
1
 90
5
 90
4
 90
4
 90
1
 90
2
 90
6
 90
5
 90
4
 90
2
 90
3
 90
7
 90
6
 90
4
 90
3
 90
0
 90
4
 90
7
 94
0
 95
0
 90
0
  0
MESH
  5
D0
330
17
100
AcDbEntity
  8
WHEELS
100
AcDbSubDMesh
 71
2
 72
0
 91
0
 92
8
 10
-183.2840458972083
 20
224.0
 30
4.136894489999065
 10
-163.2840458972083
 20
224.0
 30
4.136894489999065
 10
-163.2840458972083
 20
270.0
 30
4.136894489999065
 10
-183.2840458972083
 20
270.0
 30
4.136894489999065
 10
-183.2840458972083
 20
224.0
 30
14.136894489999065
 10
-163.2840458972083
 20
224.0
 30
14.136894489999065
 10
-163.2840458972083
 20
270.0
 30
14.136894489999065
 10
-183.2840458972083
 20
270.0
 30
14.136894489999065
 93
30
 90
4
 90
0
 90
3
 90
2
 90
1
 90
4
 90
4
 90
5
 90
6
 90
7
 90
4
 90
0
 90
1
 90
5
 90
4
 90
4
 90
1
 90
2
 90
6
 90
5
 90
4
 90
2
 90
3
 90
7
 90
6
 90
4
 90
3
 90
0
 90
4
 90
7
 94
0
 95
0
 90
0
  0
MESH
  5
D1
330
17
100
AcDbEntity
  8
WHEELS
100
AcDbSubDMesh
 71
2
 72
0
 91
0
 92
8
 10
-183.2840458972083
 20
270.0
 30
4.136894489999065
 10
-163.2840458972083
 20
270.0
 30
4.136894489999065
 10
-163.2840458972083
 20
316.0
 30
4.136894489999065
 10
-183.2840458972083
 20
316.0
 30
4.136894489999065
 10
-183.2840458972083
 20
270.0
 30
14.136894489999065
 10
-163.2840458972083
 20
270.0
 30
14.136894489999065
 10
-163.2840458972083
 20
316.0
 30
14.136894489999065
 10
-183.2840458972083
 20
316.0
 30
14.136894489999065
 93
30
 90
4
 90
0
 90
3
 90
2
 90
1
 90
4
 90
4
 90
5
 90
6
 90
7
 90
4
 90
0
 90
1
 90
5
 90
4
 90
4
 90
1
 90
2
 90
6
 90
5
 90
4
 90
2
 90
3
 90
7
 90
6
 90
4
 90
3
 90
0
 90
4
 90
7
 94
0
 95
0
 90
0
  0
MESH
  5
D2
330
17
100
AcDbEntity
  8
WHEELS
100
AcDbSubDMesh
 71
2
 72
0
 91
0
 92
8
 10
-117.124182693309
 20
224.0
 30
35.997805392775064
 10
-97.124182693309
 20
224.0
 30
35.997805392775064
 10
-97.124182693309
 20
270.0
 30
35.997805392775064
 10
-117.124182693309
 20
270.0
 30
35.997805392775064
 10
-117.124182693309
 20
224.0
 30
45.997805392775064
 10
-97.124182693309
 20
224.0
 30
45.997805392775064
 10
-97.124182693309
 20
270.0
 30
45.997805392775064
 10
-117.124182693309
 20
270.0
 30
45.997805392775064
 93
30
 90
4
 90
0
 90
3
 90
2
 90
1
 90
4
 90
4
 90
5
 90
6
 90
7
 90
4
 90
0
 90
1
 90
5
 90
4
 90
4
 90
1
 90
2
 90
6
 90
5
 90
4
 90
2
 90
3
 90
7
 90
6
 90
4
 90
3
 90
0
 90
4
 90
7
 94
0
 95
0
 90
0
  0
MESH
  5
D3
330
17
100
AcDbEntity
  8
WHEELS
100
AcDbSubDMesh
 71
2
 72
0
 91
0
 92
8
 10
-117.124182693309
 20
270.0
 30
35.997805392775064
 10
-97.124182693309
 20
270.0
 30
35.997805392775064
 10
-97.124182693309
 20
316.0
 30
35.997805392775064
 10
-117.124182693309
 20
316.0
 30
35.997805392775064
 10
-117.124182693309
 20
270.0
 30
45.997805392775064
 10
-97.124182693309
 20
270.0
 30
45.997805392775064
 10
-97.124182693309
 20
316.0
 30
45.997805392775064
 10
-117.124182693309
 20
316.0
 30
45.997805392775064
 93
30
 90
4
 90
0
 90
3
 90
2
 90
1
 90
4
 90
4
 90
5
 90
6
 90
7
 90
4
 90
0
 90
1
 90
5
 90
4
 90
4
 90
1
 90
2
 90
6
 90
5
 90
4
 90
2
 90
3
 90
7
 90
6
 90
4
 90
3
 90
0
 90
4
 90
7
 94
0
 95
0
 90
0
  0
MESH
  5
D4
330
17
100
AcDbEntity
  8
WHEELS
100
AcDbSubDMesh
 71
2
 72
0
 91
0
 92
8
 10
-71.34013679610081
 20
224.0
 30
93.40918304560302
 10
-51.34013679610081
 20
224.0
 30
93.40918304560302
 10
-51.34013679610081
 20
270.0
 30
93.40918304560302
 10
-71.34013679610081
 20
270.0
 30
93.40918304560302
 10
-71.34013679610081
 20
224.0
 30
103.40918304560302
 10
-51.34013679610081
 20
224.0
 30
103.40918304560302
 10
-51.34013679610081
 20
270.0
 30
103.40918304560302
 10
-71.34013679610081
 20
270.0
 30
103.40918304560302
 93
30
 90
4
 90
0
 90
3
 90
2
 90
1
 90
4
 90
4
 90
5
 90
6
 90
7
 90
4
 90
0
 90
1
 90
5
 90
4
 90
4
 90
1
 90
2
 90
6
 90
5
 90
4
 90
2
 90
3
 90
7
 90
6
 90
4
 90
3
 90
0
 90
4
 90
7
 94
0
 95
0
 90
0
  0
MESH
  5
D5
330
17
100
AcDbEntity
  8
WHEELS
100
AcDbSubDMesh
 71
2
 72
0
 91
0
 92
8
 10
-71.34013679610081
 20
270.0
 30
93.40918304560302
 10
-51.34013679610081
 20
270.0
 30
93.40918304560302
 10
-51.34013679610081
 20
316.0
 30
93.40918304560302
 10
-71.34013679610081
 20
316.0
 30
93.40918304560302
 10
-71.34013679610081
 20
270.0
 30
103.40918304560302
 10
-51.34013679610081
 20
270.0
 30
103.40918304560302
 10
-51.34013679610081
 20
316.0
 30
103.40918304560302
 10
-71.34013679610081
 20
316.0
 30
103.40918304560302
 93
30
 90
4
 90
0
 90
3
 90
2
 90
1
 90
4
 90
4
 90
5
 90
6
 90
7
 90
4
 90
0
 90
1
 90
5
 90
4
 90
4
 90
1
 90
2
 90
6
 90
5
 90
4
 90
2
 90
3
 90
7
 90
6
 90
4
 90
3
 90
0
 90
4
 90
7
 94
0
 95
0
 90
0
  0
MESH
  5
D6
330
17
100
AcDbEntity
  8
FASTENERS
100
AcDbSubDMesh
 71
2
 72
0
 91
0
 92
30
 10
-210.0
 20
310.5
 30
170.0
 10
-210.0
 20
334.5
 30
170.0
 10
-172.0
 20
310.5
 30
170.0
 10
-175.76318301970807
 20
310.5
 30
186.4875820864672
 10
-186.30738752936813
 20
310.5
 30
199.70959633378513
 10
-201.54420450966006
 20
310.5
 30
207.0472606629093
 10
-218.45579549033994
 20
310.5
 30
207.0472606629093
 10
-233.69261247063187
 20
310.5
 30
199.70959633378513
 10
-244.2368169802919
 20
310.5
 30
186.48758208646723
 10
-248.0
 20
310.5
 30
170.0
 10
-244.23681698029193
 20
310.5
 30
153.5124179135328
 10
-233.69261247063187
 20
310.5
 30
140.29040366621487
 10
-218.45579549033997
 20
310.5
 30
132.9527393370907
 10
-201.5442045096601
 20
310.5
 30
132.9527393370907
 10
-186.30738752936813
 20
310.5
 30
140.29040366621487
 10
-175.76318301970807
 20
310.5
 30
153.51241791353283
 10
-172.0
 20
334.5
 30
170.0
 10
-175.76318301970807
 20
334.5
 30
186.4875820864672
 10
-186.30738752936813
 20
334.5
 30
199.70959633378513
 10
-201.54420450966006
 20
334.5
 30
207.0472606629093
 10
-218.45579549033994
 20
334.5
 30
207.0472606629093
 10
-233.69261247063187
 20
334.5
 30
199.70959633378513
 10
-244.2368169802919
 20
334.5
 30
186.48758208646723
 10
-248.0
 20
334.5
 30
170.0
 10
-244.23681698029193
 20
334.5
 30
153.5124179135328
 10
-233.69261247063187
 20
334.5
 30
140.29040366621487
 10
-218.45579549033997
 20
334.5
 30
132.9527393370907
 10
-201.5442045096601
 20
334.5
 30
132.9527393370907
 10
-186.30738752936813
 20
334.5
 30
140.29040366621487
 10
-175.76318301970807
 20
334.5
 30
153.51241791353283
 93
182
 90
3
 90
0
 90
3
 90
2
 90
3
 90
1
 90
16
 90
17
 90
4
 90
2
 90
3
 90
17
 90
16
 90
3
 90
0
 90
4
 90
3
 90
3
 90
1
 90
17
 90
18
 90
4
 90
3
 90
4
 90
18
 90
17
 90
3
 90
0
 90
5
 90
4
 90
3
 90
1
 90
18
 90
19
 90
4
 90
4
 90
5
 90
19
 90
18
 90
3
 90
0
 90
6
 90
5
 90
3
 90
1
 90
19
 90
20
 90
4
 90
5
 90
6
 90
20
 90
19
 90
3
 90
0
 90
7
 90
6
 90
3
 90
1
 90
20
 90
21
 90
4
 90
6
 90
7
 90
21
 90
20
 90
3
 90
0
 90
8
 90
7
 90
3
 90
1
 90
21
 90
22
 90
4
 90
7
 90
8
 90
22
 90
21
 90
3
 90
0
 90
9
 90
8
 90
3
 90
1
 90
22
 90
23
 90
4
 90
8
 90
9
 90
23
 90
22
 90
3
 90
0
 90
10
 90
9
 90
3
 90
1
 90
23
 90
24
 90
4
 90
9
 90
10
 90
24
 90
23
 90
3
 90
0
 90
11
 90
10
 90
3
 90
1
 90
24
 90
25
 90
4
 90
10
 90
11
 90
25
 90
24
 90
3
 90
0
 90
12
 90
11
 90
3
 90
1
 90
25
 90
26
 90
4
 90
11
 90
12
 90
26
 90
25
 90
3
 90
0
 90
13
 90
12
 90
3
 90
1
 90
26
 90
27
 90
4
 90
12
 90
13
 90
27
 90
26
 90
3
 90
0
 90
14
 90
13
 90
3
 90
1
 90
27
 90
28
 90
4
 90
13
 90
14
 90
28
 90
27
 90
3
 90
0
 90
15
 90
14
 90
3
 90
1
 90
28
 90
29
 90
4
 90
14
 90
15
 90
29
 90
28
 90
3
 90
0
 90
2
 90
15
 90
3
 90
1
 90
29
 90
16
 90
4
 90
15
 90
2
 90
16
 90
29
 94
0
 95
0
 90
0
  0
MESH
  5
D7
330
17
100
AcDbEntity
  8
FASTENERS
100
AcDbSubDMesh
 71
2
 72
0
 91
0
 92
22
 10
-184.0
 20
317.5
 30
170.0
 10
-184.0
 20
332.5
 30
170.0
 10
-178.0
 20
317.5
 30
170.0
 10
-179.1458980337503
 20
317.5
 30
173.52671151375483
 10
-182.1458980337503
 20
317.5
 30
175.70633909777092
 10
-185.8541019662497
 20
317.5
 30
175.70633909777092
 10
-188.8541019662497
 20
317.5
 30
173.52671151375483
 10
-190.0
 20
317.5
 30
170.0
 10
-188.8541019662497
 20
317.5
 30
166.47328848624517
 10
-185.8541019662497
 20
317.5
 30
164.29366090222908
 10
-182.1458980337503
 20
317.5
 30
164.29366090222908
 10
-179.1458980337503
 20
317.5
 30
166.47328848624517
 10
-178.0
 20
332.5
 30
170.0
 10
-179.1458980337503
 20
332.5
 30
173.52671151375483
 10
-182.1458980337503
 20
332.5
 30
175.70633909777092
 10
-185.8541019662497
 20
332.5
 30
175.70633909777092
 10
-188.8541019662497
 20
332.5
 30
173.52671151375483
 10
-190.0
 20
332.5
 30
170.0
 10
-188.8541019662497
 20
332.5
 30
166.47328848624517
 10
-185.8541019662497
 20
332.5
 30
164.29366090222908
 10
-182.1458980337503
 20
332.5
 30
164.29366090222908
 10
-179.1458980337503
 20
332.5
 30
166.47328848624517
 93
130
 90
3
 90
0
 90
3
 90
2
 90
3
 90
1
 90
12
 90
13
 90
4
 90
2
 90
3
 90
13
 90
12
 90
3
 90
0
 90
4
 90
3
 90
3
 90
1
 90
13
 90
14
 90
4
 90
3
 90
4
 90
14
 90
13
 90
3
 90
0
 90
5
 90
4
 90
3
 90
1
 90
14
 90
15
 90
4
 90
4
 90
5
 90
15
 90
14
 90
3
 90
0
 90
6
 90
5
 90
3
 90
1
 90
15
 90
16
 90
4
 90
5
 90
6
 90
16
 90
15
 90
3
 90
0
 90
7
 90
6
 90
3
 90
1
 90
16
 90
17
 90
4
 90
6
 90
7
 90
17
 90
16
 90
3
 90
0
 90
8
 90
7
 90
3
 90
1
 90
17
 90
18
 90
4
 90
7
 90
8
 90
18
 90
17
 90
3
 90
0
 90
9
 90
8
 90
3
 90
1
 90
18
 90
19
 90
4
 90
8
 90
9
 90
19
 90
18
 90
3
 90
0
 90
10
 90
9
 90
3
 90
1
 90
19
 90
20
 90
4
 90
9
 90
10
 90
20
 90
19
 90
3
 90
0
 90
11
 90
10
 90
3
 90
1
 90
20
 90
21
 90
4
 90
10
 90
11
 90
21
 90
20
 90
3
 90
0
 90
2
 90
11
 90
3
 90
1
 90
21
 90
12
 90
4
 90
11
 90
2
 90
12
 90
21
 94
0
 95
0
 90
0
  0
MESH
  5
D8
330
17
100
AcDbEntity
  8
FASTENERS
100
AcDbSubDMesh
 71
2
 72
0
 91
0
 92
22
 10
-197.0
 20
317.5
 30
192.5166604983954
 10
-197.0
 20
332.5
 30
192.5166604983954
 10
-191.0
 20
317.5
 30
192.5166604983954
 10
-192.1458980337503
 20
317.5
 30
196.04337201215023
 10
-195.1458980337503
 20
317.5
 30
198.22299959616632
 10
-198.8541019662497
 20
317.5
 30
198.22299959616632
 10
-201.8541019662497
 20
317.5
 30
196.04337201215023
 10
-203.0
 20
317.5
 30
192.5166604983954
 10
-201.8541019662497
 20
317.5
 30
188.98994898464056
 10
-198.8541019662497
 20
317.5
 30
186.81032140062447
 10
-195.1458980337503
 20
317.5
 30
186.81032140062447
 10
-192.1458980337503
 20
317.5
 30
188.98994898464056
 10
-191.0
 20
332.5
 30
192.5166604983954
 10
-192.1458980337503
 20
332.5
 30
196.04337201215023
 10
-195.1458980337503
 20
332.5
 30
198.22299959616632
 10
-198.8541019662497
 20
332.5
 30
198.22299959616632
 10
-201.8541019662497
 20
332.5
 30
196.04337201215023
 10
-203.0
 20
332.5
 30
192.5166604983954
 10
-201.8541019662497
 20
332.5
 30
188.98994898464056
 10
-198.8541019662497
 20
332.5
 30
186.81032140062447
 10
-195.1458980337503
 20
332.5
 30
186.81032140062447
 10
-192.1458980337503
 20
332.5
 30
188.98994898464056
 93
130
 90
3
 90
0
 90
3
 90
2
 90
3
 90
1
 90
12
 90
13
 90
4
 90
2
 90
3
 90
13
 90
12
 90
3
 90
0
 90
4
 90
3
 90
3
 90
1
 90
13
 90
14
 90
4
 90
3
 90
4
 90
14
 90
13
 90
3
 90
0
 90
5
 90
4
 90
3
 90
1
 90
14
 90
15
 90
4
 90
4
 90
5
 90
15
 90
14
 90
3
 90
0
 90
6
 90
5
 90
3
 90
1
 90
15
 90
16
 90
4
 90
5
 90
6
 90
16
 90
15
 90
3
 90
0
 90
7
 90
6
 90
3
 90
1
 90
16
 90
17
 90
4
 90
6
 90
7
 90
17
 90
16
 90
3
 90
0
 90
8
 90
7
 90
3
 90
1
 90
17
 90
18
 90
4
 90
7
 90
8
 90
18
 90
17
 90
3
 90
0
 90
9
 90
8
 90
3
 90
1
 90
18
 90
19
 90
4
 90
8
 90
9
 90
19
 90
18
 90
3
 90
0
 90
10
 90
9
 90
3
 90
1
 90
19
 90
20
 90
4
 90
9
 90
10
 90
20
 90
19
 90
3
 90
0
 90
11
 90
10
 90
3
 90
1
 90
20
 90
21
 90
4
 90
10
 90
11
 90
21
 90
20
 90
3
 90
0
 90
2
 90
11
 90
3
 90
1
 90
21
 90
12
 90
4
 90
11
 90
2
 90
12
 90
21
 94
0
 95
0
 90
0
  0
MESH
  5
D9
330
17
100
AcDbEntity
  8
FASTENERS
100
AcDbSubDMesh
 71
2
 72
0
 91
0
 92
22
 10
-223.0
 20
317.5
 30
192.5166604983954
 10
-223.0
 20
332.5
 30
192.5166604983954
 10
-217.0
 20
317.5
 30
192.5166604983954
 10
-218.1458980337503
 20
317.5
 30
196.04337201215023
 10
-221.1458980337503
 20
317.5
 30
198.22299959616632
 10
-224.8541019662497
 20
317.5
 30
198.22299959616632
 10
-227.8541019662497
 20
317.5
 30
196.04337201215023
 10
-229.0
 20
317.5
 30
192.5166604983954
 10
-227.8541019662497
 20
317.5
 30
188.98994898464056
 10
-224.8541019662497
 20
317.5
 30
186.81032140062447
 10
-221.1458980337503
 20
317.5
 30
186.81032140062447
 10
-218.1458980337503
 20
317.5
 30
188.98994898464056
 10
-217.0
 20
332.5
 30
192.5166604983954
 10
-218.1458980337503
 20
332.5
 30
196.04337201215023
 10
-221.1458980337503
 20
332.5
 30
198.22299959616632
 10
-224.8541019662497
 20
332.5
 30
198.22299959616632
 10
-227.8541019662497
 20
332.5
 30
196.04337201215023
 10
-229.0
 20
332.5
 30
192.5166604983954
 10
-227.8541019662497
 20
332.5
 30
188.98994898464056
 10
-224.8541019662497
 20
332.5
 30
186.81032140062447
 10
-221.1458980337503
 20
332.5
 30
186.81032140062447
 10
-218.1458980337503
 20
332.5
 30
188.98994898464056
 93
130
 90
3
 90
0
 90
3
 90
2
 90
3
 90
1
 90
12
 90
13
 90
4
 90
2
 90
3
 90
13
 90
12
 90
3
 90
0
 90
4
 90
3
 90
3
 90
1
 90
13
 90
14
 90
4
 90
3
 90
4
 90
14
 90
13
 90
3
 90
0
 90
5
 90
4
 90
3
 90
1
 90
14
 90
15
 90
4
 90
4
 90
5
 90
15
 90
14
 90
3
 90
0
 90
6
 90
5
 90
3
 90
1
 90
15
 90
16
 90
4
 90
5
 90
6
 90
16
 90
15
 90
3
 90
0
 90
7
 90
6
 90
3
 90
1
 90
16
 90
17
 90
4
 90
6
 90
7
 90
17
 90
16
 90
3
 90
0
 90
8
 90
7
 90
3
 90
1
 90
17
 90
18
 90
4
 90
7
 90
8
 90
18
 90
17
 90
3
 90
0
 90
9
 90
8
 90
3
 90
1
 90
18
 90
19
 90
4
 90
8
 90
9
 90
19
 90
18
 90
3
 90
0
 90
10
 90
9
 90
3
 90
1
 90
19
 90
20
 90
4
 90
9
 90
10
 90
20
 90
19
 90
3
 90
0
 90
11
 90
10
 90
3
 90
1
 90
20
 90
21
 90
4
 90
10
 90
11
 90
21
 90
20
 90
3
 90
0
 90
2
 90
11
 90
3
 90
1
 90
21
 90
12
 90
4
 90
11
 90
2
 90
12
 90
21
 94
0
 95
0
 90
0
  0
MESH
  5
DA
330
17
100
AcDbEntity
  8
FASTENERS
100
AcDbSubDMesh
 71
2
 72
0
 91
0
 92
22
 10
-236.0
 20
317.5
 30
170.0
 10
-236.0
 20
332.5
 30
170.0
 10
-230.0
 20
317.5
 30
170.0
 10
-231.1458980337503
 20
317.5
 30
173.52671151375483
 10
-234.1458980337503
 20
317.5
 30
175.70633909777092
 10
-237.8541019662497
 20
317.5
 30
175.70633909777092
 10
-240.8541019662497
 20
317.5
 30
173.52671151375483
 10
-242.0
 20
317.5
 30
170.0
 10
-240.8541019662497
 20
317.5
 30
166.47328848624517
 10
-237.8541019662497
 20
317.5
 30
164.29366090222908
 10
-234.1458980337503
 20
317.5
 30
164.29366090222908
 10
-231.1458980337503
 20
317.5
 30
166.47328848624517
 10
-230.0
 20
332.5
 30
170.0
 10
-231.1458980337503
 20
332.5
 30
173.52671151375483
 10
-234.1458980337503
 20
332.5
 30
175.70633909777092
 10
-237.8541019662497
 20
332.5
 30
175.70633909777092
 10
-240.8541019662497
 20
332.5
 30
173.52671151375483
 10
-242.0
 20
332.5
 30
170.0
 10
-240.8541019662497
 20
332.5
 30
166.47328848624517
 10
-237.8541019662497
 20
332.5
 30
164.29366090222908
 10
-234.1458980337503
 20
332.5
 30
164.29366090222908
 10
-231.1458980337503
 20
332.5
 30
166.47328848624517
 93
130
 90
3
 90
0
 90
3
 90
2
 90
3
 90
1
 90
12
 90
13
 90
4
 90
2
 90
3
 90
13
 90
12
 90
3
 90
0
 90
4
 90
3
 90
3
 90
1
 90
13
 90
14
 90
4
 90
3
 90
4
 90
14
 90
13
 90
3
 90
0
 90
5
 90
4
 90
3
 90
1
 90
14
 90
15
 90
4
 90
4
 90
5
 90
15
 90
14
 90
3
 90
0
 90
6
 90
5
 90
3
 90
1
 90
15
 90
16
 90
4
 90
5
 90
6
 90
16
 90
15
 90
3
 90
0
 90
7
 90
6
 90
3
 90
1
 90
16
 90
17
 90
4
 90
6
 90
7
 90
17
 90
16
 90
3
 90
0
 90
8
 90
7
 90
3
 90
1
 90
17
 90
18
 90
4
 90
7
 90
8
 90
18
 90
17
 90
3
 90
0
 90
9
 90
8
 90
3
 90
1
 90
18
 90
19
 90
4
 90
8
 90
9
 90
19
 90
18
 90
3
 90
0
 90
10
 90
9
 90
3
 90
1
 90
19
 90
20
 90
4
 90
9
 90
10
 90
20
 90
19
 90
3
 90
0
 90
11
 90
10
 90
3
 90
1
 90
20
 90
21
 90
4
 90
10
 90
11
 90
21
 90
20
 90
3
 90
0
 90
2
 90
11
 90
3
 90
1
 90
21
 90
12
 90
4
 90
11
 90
2
 90
12
 90
21
 94
0
 95
0
 90
0
  0
MESH
  5
DB
330
17
100
AcDbEntity
  8
FASTENERS
100
AcDbSubDMesh
 71
2
 72
0
 91
0
 92
22
 10
-223.0
 20
317.5
 30
147.4833395016046
 10
-223.0
 20
332.5
 30
147.4833395016046
 10
-217.0
 20
317.5
 30
147.4833395016046
 10
-218.1458980337503
 20
317.5
 30
151.01005101535944
 10
-221.1458980337503
 20
317.5
 30
153.18967859937553
 10
-224.8541019662497
 20
317.5
 30
153.18967859937553
 10
-227.8541019662497
 20
317.5
 30
151.01005101535944
 10
-229.0
 20
317.5
 30
147.4833395016046
 10
-227.8541019662497
 20
317.5
 30
143.95662798784977
 10
-224.8541019662497
 20
317.5
 30
141.77700040383368
 10
-221.1458980337503
 20
317.5
 30
141.77700040383368
 10
-218.1458980337503
 20
317.5
 30
143.95662798784977
 10
-217.0
 20
332.5
 30
147.4833395016046
 10
-218.1458980337503
 20
332.5
 30
151.01005101535944
 10
-221.1458980337503
 20
332.5
 30
153.18967859937553
 10
-224.8541019662497
 20
332.5
 30
153.18967859937553
 10
-227.8541019662497
 20
332.5
 30
151.01005101535944
 10
-229.0
 20
332.5
 30
147.4833395016046
 10
-227.8541019662497
 20
332.5
 30
143.95662798784977
 10
-224.8541019662497
 20
332.5
 30
141.77700040383368
 10
-221.1458980337503
 20
332.5
 30
141.77700040383368
 10
-218.1458980337503
 20
332.5
 30
143.95662798784977
 93
130
 90
3
 90
0
 90
3
 90
2
 90
3
 90
1
 90
12
 90
13
 90
4
 90
2
 90
3
 90
13
 90
12
 90
3
 90
0
 90
4
 90
3
 90
3
 90
1
 90
13
 90
14
 90
4
 90
3
 90
4
 90
14
 90
13
 90
3
 90
0
 90
5
 90
4
 90
3
 90
1
 90
14
 90
15
 90
4
 90
4
 90
5
 90
15
 90
14
 90
3
 90
0
 90
6
 90
5
 90
3
 90
1
 90
15
 90
16
 90
4
 90
5
 90
6
 90
16
 90
15
 90
3
 90
0
 90
7
 90
6
 90
3
 90
1
 90
16
 90
17
 90
4
 90
6
 90
7
 90
17
 90
16
 90
3
 90
0
 90
8
 90
7
 90
3
 90
1
 90
17
 90
18
 90
4
 90
7
 90
8
 90
18
 90
17
 90
3
 90
0
 90
9
 90
8
 90
3
 90
1
 90
18
 90
19
 90
4
 90
8
 90
9
 90
19
 90
18
 90
3
 90
0
 90
10
 90
9
 90
3
 90
1
 90
19
 90
20
 90
4
 90
9
 90
10
 90
20
 90
19
 90
3
 90
0
 90
11
 90
10
 90
3
 90
1
 90
20
 90
21
 90
4
 90
10
 90
11
 90
21
 90
20
 90
3
 90
0
 90
2
 90
11
 90
3
 90
1
 90
21
 90
12
 90
4
 90
11
 90
2
 90
12
 90
21
 94
0
 95
0
 90
0
  0
MESH
  5
DC
330
17
100
AcDbEntity
  8
FASTENERS
100
AcDbSubDMesh
 71
2
 72
0
 91
0
 92
22
 10
-197.0
 20
317.5
 30
147.4833395016046
 10
-197.0
 20
332.5
 30
147.4833395016046
 10
-191.0
 20
317.5
 30
147.4833395016046
 10
-192.1458980337503
 20
317.5
 30
151.01005101535944
 10
-195.1458980337503
 20
317.5
 30
153.18967859937553
 10
-198.8541019662497
 20
317.5
 30
153.18967859937553
 10
-201.8541019662497
 20
317.5
 30
151.01005101535944
 10
-203.0
 20
317.5
 30
147.4833395016046
 10
-201.8541019662497
 20
317.5
 30
143.95662798784977
 10
-198.8541019662497
 20
317.5
 30
141.77700040383368
 10
-195.1458980337503
 20
317.5
 30
141.77700040383368
 10
-192.1458980337503
 20
317.5
 30
143.95662798784977
 10
-191.0
 20
332.5
 30
147.4833395016046
 10
-192.1458980337503
 20
332.5
 30
151.01005101535944
 10
-195.1458980337503
 20
332.5
 30
153.18967859937553
 10
-198.8541019662497
 20
332.5
 30
153.18967859937553
 10
-201.8541019662497
 20
332.5
 30
151.01005101535944
 10
-203.0
 20
332.5
 30
147.4833395016046
 10
-201.8541019662497
 20
332.5
 30
143.95662798784977
 10
-198.8541019662497
 20
332.5
 30
141.77700040383368
 10
-195.1458980337503
 20
332.5
 30
141.77700040383368
 10
-192.1458980337503
 20
332.5
 30
143.95662798784977
 93
130
 90
3
 90
0
 90
3
 90
2
 90
3
 90
1
 90
12
 90
13
 90
4
 90
2
 90
3
 90
13
 90
12
 90
3
 90
0
 90
4
 90
3
 90
3
 90
1
 90
13
 90
14
 90
4
 90
3
 90
4
 90
14
 90
13
 90
3
 90
0
 90
5
 90
4
 90
3
 90
1
 90
14
 90
15
 90
4
 90
4
 90
5
 90
15
 90
14
 90
3
 90
0
 90
6
 90
5
 90
3
 90
1
 90
15
 90
16
 90
4
 90
5
 90
6
 90
16
 90
15
 90
3
 90
0
 90
7
 90
6
 90
3
 90
1
 90
16
 90
17
 90
4
 90
6
 90
7
 90
17
 90
16
 90
3
 90
0
 90
8
 90
7
 90
3
 90
1
 90
17
 90
18
 90
4
 90
7
 90
8
 90
18
 90
17
 90
3
 90
0
 90
9
 90
8
 90
3
 90
1
 90
18
 90
19
 90
4
 90
8
 90
9
 90
19
 90
18
 90
3
 90
0
 90
10
 90
9
 90
3
 90
1
 90
19
 90
20
 90
4
 90
9
 90
10
 90
20
 90
19
 90
3
 90
0
 90
11
 90
10
 90
3
 90
1
 90
20
 90
21
 90
4
 90
10
 90
11
 90
21
 90
20
 90
3
 90
0
 90
2
 90
11
 90
3
 90
1
 90
21
 90
12
 90
4
 90
11
 90
2
 90
12
 90
21
 94
0
 95
0
 90
0
  0
MESH
  5
DD
330
17
100
AcDbEntity
  8
MOTORS
100
AcDbSubDMesh
 71
2
 72
0
 91
0
 92
34
 10
-210.0
 20
160.0
 30
170.0
 10
-210.0
 20
235.0
 30
170.0
 10
-166.0
 20
160.0
 30
170.0
 10
-169.34930056950338
 20
160.0
 30
186.83807102406394
 10
-178.8873016277919
 20
160.0
 30
201.1126983722081
 10
-193.16192897593604
 20
160.0
 30
210.65069943049662
 10
-210.0
 20
160.0
 30
214.0
 10
-226.83807102406394
 20
160.0
 30
210.65069943049662
 10
-241.1126983722081
 20
160.0
 30
201.1126983722081
 10
-250.65069943049662
 20
160.0
 30
186.83807102406396
 10
-254.0
 20
160.0
 30
170.0
 10
-250.65069943049662
 20
160.0
 30
153.16192897593606
 10
-241.1126983722081
 20
160.0
 30
138.8873016277919
 10
-226.83807102406396
 20
160.0
 30
129.34930056950338
 10
-210.0
 20
160.0
 30
126.0
 10
-193.16192897593604
 20
160.0
 30
129.34930056950338
 10
-178.8873016277919
 20
160.0
 30
138.8873016277919
 10
-169.34930056950338
 20
160.0
 30
153.161928975936
 10
-166.0
 20
235.0
 30
170.0
 10
-169.34930056950338
 20
235.0
 30
186.83807102406394
 10
-178.8873016277919
 20
235.0
 30
201.1126983722081
 10
-193.16192897593604
 20
235.0
 30
210.65069943049662
 10
-210.0
 20
235.0
 30
214.0
 10
-226.83807102406394
 20
235.0
 30
210.65069943049662
 10
-241.1126983722081
 20
235.0
 30
201.1126983722081
 10
-250.65069943049662
 20
235.0
 30
186.83807102406396
 10
-254.0
 20
235.0
 30
170.0
 10
-250.65069943049662
 20
235.0
 30
153.16192897593606
 10
-241.1126983722081
 20
235.0
 30
138.8873016277919
 10
-226.83807102406396
 20
235.0
 30
129.34930056950338
 10
-210.0
 20
235.0
 30
126.0
 10
-193.16192897593604
 20
235.0
 30
129.34930056950338
 10
-178.8873016277919
 20
235.0
 30
138.8873016277919
 10
-169.34930056950338
 20
235.0
 30
153.161928975936
 93
208
 90
3
 90
0
 90
3
 90
2
 90
3
 90
1
 90
18
 90
19
 90
4
 90
2
 90
3
 90
19
 90
18
 90
3
 90
0
 90
4
 90
3
 90
3
 90
1
 90
19
 90
20
 90
4
 90
3
 90
4
 90
20
 90
19
 90
3
 90
0
 90
5
 90
4
 90
3
 90
1
 90
20
 90
21
 90
4
 90
4
 90
5
 90
21
 90
20
 90
3
 90
0
 90
6
 90
5
 90
3
 90
1
 90
21
 90
22
 90
4
 90
5
 90
6
 90
22
 90
21
 90
3
 90
0
 90
7
 90
6
 90
3
 90
1
 90
22
 90
23
 90
4
 90
6
 90
7
 90
23
 90
22
 90
3
 90
0
 90
8
 90
7
 90
3
 90
1
 90
23
 90
24
 90
4
 90
7
 90
8
 90
24
 90
23
 90
3
 90
0
 90
9
 90
8
 90
3
 90
1
 90
24
 90
25
 90
4
 90
8
 90
9
 90
25
 90
24
 90
3
 90
0
 90
10
 90
9
 90
3
 90
1
 90
25
 90
26
 90
4
 90
9
 90
10
 90
26
 90
25
 90
3
 90
0
 90
11
 90
10
 90
3
 90
1
 90
26
 90
27
 90
4
 90
10
 90
11
 90
27
 90
26
 90
3
 90
0
 90
12
 90
11
 90
3
 90
1
 90
27
 90
28
 90
4
 90
11
 90
12
 90
28
 90
27
 90
3
 90
0
 90
13
 90
12
 90
3
 90
1
 90
28
 90
29
 90
4
 90
12
 90
13
 90
29
 90
28
 90
3
 90
0
 90
14
 90
13
 90
3
 90
1
 90
29
 90
30
 90
4
 90
13
 90
14
 90
30
 90
29
 90
3
 90
0
 90
15
 90
14
 90
3
 90
1
 90
30
 90
31
 90
4
 90
14
 90
15
 90
31
 90
30
 90
3
 90
0
 90
16
 90
15
 90
3
 90
1
 90
31
 90
32
 90
4
 90
15
 90
16
 90
32
 90
31
 90
3
 90
0
 90
17
 90
16
 90
3
 90
1
 90
32
 90
33
 90
4
 90
16
 90
17
 90
33
 90
32
 90
3
 90
0
 90
2
 90
17
 90
3
 90
1
 90
33
 90
18
 90
4
 90
17
 90
2
 90
18
 90
33
 94
0
 95
0
 90
0
  0
MESH
  5
DE
330
17
100
AcDbEntity
  8
WHEELS
100
AcDbSubDMesh
 71
2
 72
0
 91
0
 92
50
 10
-210.0
 20
-322.5
 30
170.0
 10
-210.0
 20
-217.5
 30
170.0
 10
-40.0
 20
-322.5
 30
170.0
 10
-45.792609530858385
 20
-322.5
 30
213.99923766742853
 10
-62.77568135664541
 20
-322.5
 30
255.0
 10
-89.79184719828692
 20
-322.5
 30
290.2081528017131
 10
-124.99999999999999
 20
-322.5
 30
317.22431864335454
 10
-166.00076233257147
 20
-322.5
 30
334.2073904691416
 10
-210.0
 20
-322.5
 30
340.0
 10
-253.9992376674285
 20
-322.5
 30
334.2073904691416
 10
-294.99999999999994
 20
-322.5
 30
317.2243186433546
 10
-330.2081528017131
 20
-322.5
 30
290.2081528017131
 10
-357.2243186433546
 20
-322.5
 30
255.0
 10
-374.2073904691416
 20
-322.5
 30
213.9992376674286
 10
-380.0
 20
-322.5
 30
170.00000000000003
 10
-374.2073904691416
 20
-322.5
 30
126.00076233257147
 10
-357.2243186433546
 20
-322.5
 30
85.00000000000004
 10
-330.20815280171314
 20
-322.5
 30
49.79184719828699
 10
-295.00000000000006
 20
-322.5
 30
22.775681356645464
 10
-253.9992376674285
 20
-322.5
 30
5.792609530858385
 10
-210.00000000000003
 20
-322.5
 30
0.0
 10
-166.00076233257155
 20
-322.5
 30
5.792609530858357
 10
-124.99999999999999
 20
-322.5
 30
22.775681356645435
 10
-89.79184719828694
 20
-322.5
 30
49.79184719828689
 10
-62.775681356645464
 20
-322.5
 30
84.99999999999993
 10
-45.792609530858414
 20
-322.5
 30
126.00076233257133
 10
-40.0
 20
-217.5
 30
170.0
 10
-45.792609530858385
 20
-217.5
 30
213.99923766742853
 10
-62.77568135664541
 20
-217.5
 30
255.0
 10
-89.79184719828692
 20
-217.5
 30
290.2081528017131
 10
-124.99999999999999
 20
-217.5
 30
317.22431864335454
 10
-166.00076233257147
 20
-217.5
 30
334.2073904691416
 10
-210.0
 20
-217.5
 30
340.0
 10
-253.9992376674285
 20
-217.5
 30
334.2073904691416
 10
-294.99999999999994
 20
-217.5
 30
317.2243186433546
 10
-330.2081528017131
 20
-217.5
 30
290.2081528017131
 10
-357.2243186433546
 20
-217.5
 30
255.0
 10
-374.2073904691416
 20
-217.5
 30
213.9992376674286
 10
-380.0
 20
-217.5
 30
170.00000000000003
 10
-374.2073904691416
 20
-217.5
 30
126.00076233257147
 10
-357.2243186433546
 20
-217.5
 30
85.00000000000004
 10
-330.20815280171314
 20
-217.5
 30
49.79184719828699
 10
-295.00000000000006
 20
-217.5
 30
22.775681356645464
 10
-253.9992376674285
 20
-217.5
 30
5.792609530858385
 10
-210.00000000000003
 20
-217.5
 30
0.0
 10
-166.00076233257155
 20
-217.5
 30
5.792609530858357
 10
-124.99999999999999
 20
-217.5
 30
22.775681356645435
 10
-89.79184719828694
 20
-217.5
 30
49.79184719828689
 10
-62.775681356645464
 20
-217.5
 30
84.99999999999993
 10
-45.792609530858414
 20
-217.5
 30
126.00076233257133
 93
312
 90
3
 90
0
 90
3
 90
2
 90
3
 90
1
 90
26
 90
27
 90
4
 90
2
 90
3
 90
27
 90
26
 90
3
 90
0
 90
4
 90
3
 90
3
 90
1
 90
27
 90
28
 90
4
 90
3
 90
4
 90
28
 90
27
 90
3
 90
0
 90
5
 90
4
 90
3
 90
1
 90
28
 90
29
 90
4
 90
4
 90
5
 90
29
 90
28
 90
3
 90
0
 90
6
 90
5
 90
3
 90
1
 90
29
 90
30
 90
4
 90
5
 90
6
 90
30
 90
29
 90
3
 90
0
 90
7
 90
6
 90
3
 90
1
 90
30
 90
31
 90
4
 90
6
 90
7
 90
31
 90
30
 90
3
 90
0
 90
8
 90
7
 90
3
 90
1
 90
31
 90
32
 90
4
 90
7
 90
8
 90
32
 90
31
 90
3
 90
0
 90
9
 90
8
 90
3
 90
1
 90
32
 90
33
 90
4
 90
8
 90
9
 90
33
 90
32
 90
3
 90
0
 90
10
 90
9
 90
3
 90
1
 90
33
 90
34
 90
4
 90
9
 90
10
 90
34
 90
33
 90
3
 90
0
 90
11
 90
10
 90
3
 90
1
 90
34
 90
35
 90
4
 90
10
 90
11
 90
35
 90
34
 90
3
 90
0
 90
12
 90
11
 90
3
 90
1
 90
35
 90
36
 90
4
 90
11
 90
12
 90
36
 90
35
 90
3
 90
0
 90
13
 90
12
 90
3
 90
1
 90
36
 90
37
 90
4
 90
12
 90
13
 90
37
 90
36
 90
3
 90
0
 90
14
 90
13
 90
3
 90
1
 90
37
 90
38
 90
4
 90
13
 90
14
 90
38
 90
37
 90
3
 90
0
 90
15
 90
14
 90
3
 90
1
 90
38
 90
39
 90
4
 90
14
 90
15
 90
39
 90
38
 90
3
 90
0
 90
16
 90
15
 90
3
 90
1
 90
39
 90
40
 90
4
 90
15
 90
16
 90
40
 90
39
 90
3
 90
0
 90
17
 90
16
 90
3
 90
1
 90
40
 90
41
 90
4
 90
16
 90
17
 90
41
 90
40
 90
3
 90
0
 90
18
 90
17
 90
3
 90
1
 90
41
 90
42
 90
4
 90
17
 90
18
 90
42
 90
41
 90
3
 90
0
 90
19
 90
18
 90
3
 90
1
 90
42
 90
43
 90
4
 90
18
 90
19
 90
43
 90
42
 90
3
 90
0
 90
20
 90
19
 90
3
 90
1
 90
43
 90
44
 90
4
 90
19
 90
20
 90
44
 90
43
 90
3
 90
0
 90
21
 90
20
 90
3
 90
1
 90
44
 90
45
 90
4
 90
20
 90
21
 90
45
 90
44
 90
3
 90
0
 90
22
 90
21
 90
3
 90
1
 90
45
 90
46
 90
4
 90
21
 90
22
 90
46
 90
45
 90
3
 90
0
 90
23
 90
22
 90
3
 90
1
 90
46
 90
47
 90
4
 90
22
 90
23
 90
47
 90
46
 90
3
 90
0
 90
24
 90
23
 90
3
 90
1
 90
47
 90
48
 90
4
 90
23
 90
24
 90
48
 90
47
 90
3
 90
0
 90
25
 90
24
 90
3
 90
1
 90
48
 90
49
 90
4
 90
24
 90
25
 90
49
 90
48
 90
3
 90
0
 90
2
 90
25
 90
3
 90
1
 90
49
 90
26
 90
4
 90
25
 90
2
 90
26
 90
49
 94
0
 95
0
 90
0
  0
MESH
  5
DF
330
17
100
AcDbEntity
  8
WHEELS
100
AcDbSubDMesh
 71
2
 72
0
 91
0
 92
42
 10
-210.0
 20
-317.5
 30
170.0
 10
-210.0
 20
-222.5
 30
170.0
 10
-100.0
 20
-317.5
 30
170.0
 10
-105.38378320753311
 20
-317.5
 30
203.99186938124421
 10
-121.00813061875579
 20
-317.5
 30
234.65637775217203
 10
-145.34362224782797
 20
-317.5
 30
258.9918693812442
 10
-176.00813061875579
 20
-317.5
 30
274.6162167924669
 10
-210.0
 20
-317.5
 30
280.0
 10
-243.99186938124421
 20
-317.5
 30
274.6162167924669
 10
-274.65637775217203
 20
-317.5
 30
258.9918693812442
 10
-298.9918693812442
 20
-317.5
 30
234.65637775217206
 10
-314.6162167924669
 20
-317.5
 30
203.99186938124421
 10
-320.0
 20
-317.5
 30
170.0
 10
-314.6162167924669
 20
-317.5
 30
136.00813061875584
 10
-298.9918693812442
 20
-317.5
 30
105.34362224782797
 10
-274.65637775217203
 20
-317.5
 30
81.00813061875579
 10
-243.99186938124421
 20
-317.5
 30
65.38378320753311
 10
-210.00000000000003
 20
-317.5
 30
60.0
 10
-176.0081306187558
 20
-317.5
 30
65.3837832075331
 10
-145.34362224782797
 20
-317.5
 30
81.00813061875577
 10
-121.00813061875579
 20
-317.5
 30
105.34362224782794
 10
-105.38378320753311
 20
-317.5
 30
136.00813061875576
 10
-100.0
 20
-222.5
 30
170.0
 10
-105.38378320753311
 20
-222.5
 30
203.99186938124421
 10
-121.00813061875579
 20
-222.5
 30
234.65637775217203
 10
-145.34362224782797
 20
-222.5
 30
258.9918693812442
 10
-176.00813061875579
 20
-222.5
 30
274.6162167924669
 10
-210.0
 20
-222.5
 30
280.0
 10
-243.99186938124421
 20
-222.5
 30
274.6162167924669
 10
-274.65637775217203
 20
-222.5
 30
258.9918693812442
 10
-298.9918693812442
 20
-222.5
 30
234.65637775217206
 10
-314.6162167924669
 20
-222.5
 30
203.99186938124421
 10
-320.0
 20
-222.5
 30
170.0
 10
-314.6162167924669
 20
-222.5
 30
136.00813061875584
 10
-298.9918693812442
 20
-222.5
 30
105.34362224782797
 10
-274.65637775217203
 20
-222.5
 30
81.00813061875579
 10
-243.99186938124421
 20
-222.5
 30
65.38378320753311
 10
-210.00000000000003
 20
-222.5
 30
60.0
 10
-176.0081306187558
 20
-222.5
 30
65.3837832075331
 10
-145.34362224782797
 20
-222.5
 30
81.00813061875577
 10
-121.00813061875579
 20
-222.5
 30
105.34362224782794
 10
-105.38378320753311
 20
-222.5
 30
136.00813061875576
 93
260
 90
3
 90
0
 90
3
 90
2
 90
3
 90
1
 90
22
 90
23
 90
4
 90
2
 90
3
 90
23
 90
22
 90
3
 90
0
 90
4
 90
3
 90
3
 90
1
 90
23
 90
24
 90
4
 90
3
 90
4
 90
24
 90
23
 90
3
 90
0
 90
5
 90
4
 90
3
 90
1
 90
24
 90
25
 90
4
 90
4
 90
5
 90
25
 90
24
 90
3
 90
0
 90
6
 90
5
 90
3
 90
1
 90
25
 90
26
 90
4
 90
5
 90
6
 90
26
 90
25
 90
3
 90
0
 90
7
 90
6
 90
3
 90
1
 90
26
 90
27
 90
4
 90
6
 90
7
 90
27
 90
26
 90
3
 90
0
 90
8
 90
7
 90
3
 90
1
 90
27
 90
28
 90
4
 90
7
 90
8
 90
28
 90
27
 90
3
 90
0
 90
9
 90
8
 90
3
 90
1
 90
28
 90
29
 90
4
 90
8
 90
9
 90
29
 90
28
 90
3
 90
0
 90
10
 90
9
 90
3
 90
1
 90
29
 90
30
 90
4
 90
9
 90
10
 90
30
 90
29
 90
3
 90
0
 90
11
 90
10
 90
3
 90
1
 90
30
 90
31
 90
4
 90
10
 90
11
 90
31
 90
30
 90
3
 90
0
 90
12
 90
11
 90
3
 90
1
 90
31
 90
32
 90
4
 90
11
 90
12
 90
32
 90
31
 90
3
 90
0
 90
13
 90
12
 90
3
 90
1
 90
32
 90
33
 90
4
 90
12
 90
13
 90
33
 90
32
 90
3
 90
0
 90
14
 90
13
 90
3
 90
1
 90
33
 90
34
 90
4
 90
13
 90
14
 90
34
 90
33
 90
3
 90
0
 90
15
 90
14
 90
3
 90
1
 90
34
 90
35
 90
4
 90
14
 90
15
 90
35
 90
34
 90
3
 90
0
 90
16
 90
15
 90
3
 90
1
 90
35
 90
36
 90
4
 90
15
 90
16
 90
36
 90
35
 90
3
 90
0
 90
17
 90
16
 90
3
 90
1
 90
36
 90
37
 90
4
 90
16
 90
17
 90
37
 90
36
 90
3
 90
0
 90
18
 90
17
 90
3
 90
1
 90
37
 90
38
 90
4
 90
17
 90
18
 90
38
 90
37
 90
3
 90
0
 90
19
 90
18
 90
3
 90
1
 90
38
 90
39
 90
4
 90
18
 90
19
 90
39
 90
38
 90
3
 90
0
 90
20
 90
19
 90
3
 90
1
 90
39
 90
40
 90
4
 90
19
 90
20
 90
40
 90
39
 90
3
 90
0
 90
21
 90
20
 90
3
 90
1
 90
40
 90
41
 90
4
 90
20
 90
21
 90
41
 90
40
 90
3
 90
0
 90
2
 90
21
 90
3
 90
1
 90
41
 90
22
 90
4
 90
21
 90
2
 90
22
 90
41
 94
0
 95
0
 90
0
  0
MESH
  5
E0
330
17
100
AcDbEntity
  8
FASTENERS
100
AcDbSubDMesh
 71
2
 72
0
 91
0
 92
42
 10
-210.0
 20
-322.5
 30
170.0
 10
-210.0
 20
-314.5
 30
170.0
 10
-92.0
 20
-322.5
 30
170.0
 10
-97.77533107717188
 20
-322.5
 30
206.4640053362438
 10
-114.5359946637562
 20
-322.5
 30
239.35865977051185
 10
-140.64134022948815
 20
-322.5
 30
265.4640053362438
 10
-173.53599466375618
 20
-322.5
 30
282.22466892282813
 10
-210.0
 20
-322.5
 30
288.0
 10
-246.4640053362438
 20
-322.5
 30
282.22466892282813
 10
-279.35865977051185
 20
-322.5
 30
265.4640053362438
 10
-305.46400533624376
 20
-322.5
 30
239.35865977051185
 10
-322.22466892282813
 20
-322.5
 30
206.46400533624382
 10
-328.0
 20
-322.5
 30
170.00000000000003
 10
-322.22466892282813
 20
-322.5
 30
133.53599466375627
 10
-305.4640053362438
 20
-322.5
 30
100.64134022948818
 10
-279.35865977051185
 20
-322.5
 30
74.53599466375621
 10
-246.46400533624382
 20
-322.5
 30
57.775331077171884
 10
-210.00000000000003
 20
-322.5
 30
52.0
 10
-173.53599466375624
 20
-322.5
 30
57.77533107717187
 10
-140.6413402294882
 20
-322.5
 30
74.53599466375618
 10
-114.53599466375621
 20
-322.5
 30
100.64134022948815
 10
-97.77533107717188
 20
-322.5
 30
133.53599466375618
 10
-92.0
 20
-314.5
 30
170.0
 10
-97.77533107717188
 20
-314.5
 30
206.4640053362438
 10
-114.5359946637562
 20
-314.5
 30
239.35865977051185
 10
-140.64134022948815
 20
-314.5
 30
265.4640053362438
 10
-173.53599466375618
 20
-314.5
 30
282.22466892282813
 10
-210.0
 20
-314.5
 30
288.0
 10
-246.4640053362438
 20
-314.5
 30
282.22466892282813
 10
-279.35865977051185
 20
-314.5
 30
265.4640053362438
 10
-305.46400533624376
 20
-314.5
 30
239.35865977051185
 10
-322.22466892282813
 20
-314.5
 30
206.46400533624382
 10
-328.0
 20
-314.5
 30
170.00000000000003
 10
-322.22466892282813
 20
-314.5
 30
133.53599466375627
 10
-305.4640053362438
 20
-314.5
 30
100.64134022948818
 10
-279.35865977051185
 20
-314.5
 30
74.53599466375621
 10
-246.46400533624382
 20
-314.5
 30
57.775331077171884
 10
-210.00000000000003
 20
-314.5
 30
52.0
 10
-173.53599466375624
 20
-314.5
 30
57.77533107717187
 10
-140.6413402294882
 20
-314.5
 30
74.53599466375618
 10
-114.53599466375621
 20
-314.5
 30
100.64134022948815
 10
-97.77533107717188
 20
-314.5
 30
133.53599466375618
 93
260
 90
3
 90
0
 90
3
 90
2
 90
3
 90
1
 90
22
 90
23
 90
4
 90
2
 90
3
 90
23
 90
22
 90
3
 90
0
 90
4
 90
3
 90
3
 90
1
 90
23
 90
24
 90
4
 90
3
 90
4
 90
24
 90
23
 90
3
 90
0
 90
5
 90
4
 90
3
 90
1
 90
24
 90
25
 90
4
 90
4
 90
5
 90
25
 90
24
 90
3
 90
0
 90
6
 90
5
 90
3
 90
1
 90
25
 90
26
 90
4
 90
5
 90
6
 90
26
 90
25
 90
3
 90
0
 90
7
 90
6
 90
3
 90
1
 90
26
 90
27
 90
4
 90
6
 90
7
 90
27
 90
26
 90
3
 90
0
 90
8
 90
7
 90
3
 90
1
 90
27
 90
28
 90
4
 90
7
 90
8
 90
28
 90
27
 90
3
 90
0
 90
9
 90
8
 90
3
 90
1
 90
28
 90
29
 90
4
 90
8
 90
9
 90
29
 90
28
 90
3
 90
0
 90
10
 90
9
 90
3
 90
1
 90
29
 90
30
 90
4
 90
9
 90
10
 90
30
 90
29
 90
3
 90
0
 90
11
 90
10
 90
3
 90
1
 90
30
 90
31
 90
4
 90
10
 90
11
 90
31
 90
30
 90
3
 90
0
 90
12
 90
11
 90
3
 90
1
 90
31
 90
32
 90
4
 90
11
 90
12
 90
32
 90
31
 90
3
 90
0
 90
13
 90
12
 90
3
 90
1
 90
32
 90
33
 90
4
 90
12
 90
13
 90
33
 90
32
 90
3
 90
0
 90
14
 90
13
 90
3
 90
1
 90
33
 90
34
 90
4
 90
13
 90
14
 90
34
 90
33
 90
3
 90
0
 90
15
 90
14
 90
3
 90
1
 90
34
 90
35
 90
4
 90
14
 90
15
 90
35
 90
34
 90
3
 90
0
 90
16
 90
15
 90
3
 90
1
 90
35
 90
36
 90
4
 90
15
 90
16
 90
36
 90
35
 90
3
 90
0
 90
17
 90
16
 90
3
 90
1
 90
36
 90
37
 90
4
 90
16
 90
17
 90
37
 90
36
 90
3
 90
0
 90
18
 90
17
 90
3
 90
1
 90
37
 90
38
 90
4
 90
17
 90
18
 90
38
 90
37
 90
3
 90
0
 90
19
 90
18
 90
3
 90
1
 90
38
 90
39
 90
4
 90
18
 90
19
 90
39
 90
38
 90
3
 90
0
 90
20
 90
19
 90
3
 90
1
 90
39
 90
40
 90
4
 90
19
 90
20
 90
40
 90
39
 90
3
 90
0
 90
21
 90
20
 90
3
 90
1
 90
40
 90
41
 90
4
 90
20
 90
21
 90
41
 90
40
 90
3
 90
0
 90
2
 90
21
 90
3
 90
1
 90
41
 90
22
 90
4
 90
21
 90
2
 90
22
 90
41
 94
0
 95
0
 90
0
  0
MESH
  5
E1
330
17
100
AcDbEntity
  8
WHEELS
100
AcDbSubDMesh
 71
2
 72
0
 91
0
 92
8
 10
-55.0
 20
-316.0
 30
165.0
 10
-35.0
 20
-316.0
 30
165.0
 10
-35.0
 20
-270.0
 30
165.0
 10
-55.0
 20
-270.0
 30
165.0
 10
-55.0
 20
-316.0
 30
175.0
 10
-35.0
 20
-316.0
 30
175.0
 10
-35.0
 20
-270.0
 30
175.0
 10
-55.0
 20
-270.0
 30
175.0
 93
30
 90
4
 90
0
 90
3
 90
2
 90
1
 90
4
 90
4
 90
5
 90
6
 90
7
 90
4
 90
0
 90
1
 90
5
 90
4
 90
4
 90
1
 90
2
 90
6
 90
5
 90
4
 90
2
 90
3
 90
7
 90
6
 90
4
 90
3
 90
0
 90
4
 90
7
 94
0
 95
0
 90
0
  0
MESH
  5
E2
330
17
100
AcDbEntity
  8
WHEELS
100
AcDbSubDMesh
 71
2
 72
0
 91
0
 92
8
 10
-55.0
 20
-270.0
 30
165.0
 10
-35.0
 20
-270.0
 30
165.0
 10
-35.0
 20
-224.0
 30
165.0
 10
-55.0
 20
-224.0
 30
165.0
 10
-55.0
 20
-270.0
 30
175.0
 10
-35.0
 20
-270.0
 30
175.0
 10
-35.0
 20
-224.0
 30
175.0
 10
-55.0
 20
-224.0
 30
175.0
 93
30
 90
4
 90
0
 90
3
 90
2
 90
1
 90
4
 90
4
 90
5
 90
6
 90
7
 90
4
 90
0
 90
1
 90
5
 90
4
 90
4
 90
1
 90
2
 90
6
 90
5
 90
4
 90
2
 90
3
 90
7
 90
6
 90
4
 90
3
 90
0
 90
4
 90
7
 94
0
 95
0
 90
0
  0
MESH
  5
E3
330
17
100
AcDbEntity
  8
WHEELS
100
AcDbSubDMesh
 71
2
 72
0
 91
0
 92
8
 10
-71.34013679610084
 20
-316.0
 30
236.5908169543971
 10
-51.340136796100836
 20
-316.0
 30
236.5908169543971
 10
-51.340136796100836
 20
-270.0
 30
236.5908169543971
 10
-71.34013679610084
 20
-270.0
 30
236.5908169543971
 10
-71.34013679610084
 20
-316.0
 30
246.5908169543971
 10
-51.340136796100836
 20
-316.0
 30
246.5908169543971
 10
-51.340136796100836
 20
-270.0
 30
246.5908169543971
 10
-71.34013679610084
 20
-270.0
 30
246.5908169543971
 93
30
 90
4
 90
0
 90
3
 90
2
 90
1
 90
4
 90
4
 90
5
 90
6
 90
7
 90
4
 90
0
 90
1
 90
5
 90
4
 90
4
 90
1
 90
2
 90
6
 90
5
 90
4
 90
2
 90
3
 90
7
 90
6
 90
4
 90
3
 90
0
 90
4
 90
7
 94
0
 95
0
 90
0
  0
MESH
  5
E4
330
17
100
AcDbEntity
  8
WHEELS
100
AcDbSubDMesh
 71
2
 72
0
 91
0
 92
8
 10
-71.34013679610084
 20
-270.0
 30
236.5908169543971
 10
-51.340136796100836
 20
-270.0
 30
236.5908169543971
 10
-51.340136796100836
 20
-224.0
 30
236.5908169543971
 10
-71.34013679610084
 20
-224.0
 30
236.5908169543971
 10
-71.34013679610084
 20
-270.0
 30
246.5908169543971
 10
-51.340136796100836
 20
-270.0
 30
246.5908169543971
 10
-51.340136796100836
 20
-224.0
 30
246.5908169543971
 10
-71.34013679610084
 20
-224.0
 30
246.5908169543971
 93
30
 90
4
 90
0
 90
3
 90
2
 90
1
 90
4
 90
4
 90
5
 90
6
 90
7
 90
4
 90
0
 90
1
 90
5
 90
4
 90
4
 90
1
 90
2
 90
6
 90
5
 90
4
 90
2
 90
3
 90
7
 90
6
 90
4
 90
3
 90
0
 90
4
 90
7
 94
0
 95
0
 90
0
  0
MESH
  5
E5
330
17
100
AcDbEntity
  8
WHEELS
100
AcDbSubDMesh
 71
2
 72
0
 91
0
 92
8
 10
-117.12418269330895
 20
-316.0
 30
294.0021946072249
 10
-97.12418269330895
 20
-316.0
 30
294.0021946072249
 10
-97.12418269330895
 20
-270.0
 30
294.0021946072249
 10
-117.12418269330895
 20
-270.0
 30
294.0021946072249
 10
-117.12418269330895
 20
-316.0
 30
304.0021946072249
 10
-97.12418269330895
 20
-316.0
 30
304.0021946072249
 10
-97.12418269330895
 20
-270.0
 30
304.0021946072249
 10
-117.12418269330895
 20
-270.0
 30
304.0021946072249
 93
30
 90
4
 90
0
 90
3
 90
2
 90
1
 90
4
 90
4
 90
5
 90
6
 90
7
 90
4
 90
0
 90
1
 90
5
 90
4
 90
4
 90
1
 90
2
 90
6
 90
5
 90
4
 90
2
 90
3
 90
7
 90
6
 90
4
 90
3
 90
0
 90
4
 90
7
 94
0
 95
0
 90
0
  0
MESH
  5
E6
330
17
100
AcDbEntity
  8
WHEELS
100
AcDbSubDMesh
 71
2
 72
0
 91
0
 92
8
 10
-117.12418269330895
 20
-270.0
 30
294.0021946072249
 10
-97.12418269330895
 20
-270.0
 30
294.0021946072249
 10
-97.12418269330895
 20
-224.0
 30
294.0021946072249
 10
-117.12418269330895
 20
-224.0
 30
294.0021946072249
 10
-117.12418269330895
 20
-270.0
 30
304.0021946072249
 10
-97.12418269330895
 20
-270.0
 30
304.0021946072249
 10
-97.12418269330895
 20
-224.0
 30
304.0021946072249
 10
-117.12418269330895
 20
-224.0
 30
304.0021946072249
 93
30
 90
4
 90
0
 90
3
 90
2
 90
1
 90
4
 90
4
 90
5
 90
6
 90
7
 90
4
 90
0
 90
1
 90
5
 90
4
 90
4
 90
1
 90
2
 90
6
 90
5
 90
4
 90
2
 90
3
 90
7
 90
6
 90
4
 90
3
 90
0
 90
4
 90
7
 94
0
 95
0
 90
0
  0
MESH
  5
E7
330
17
100
AcDbEntity
  8
WHEELS
100
AcDbSubDMesh
 71
2
 72
0
 91
0
 92
8
 10
-183.2840458972081
 20
-316.0
 30
325.8631055100009
 10
-163.2840458972081
 20
-316.0
 30
325.8631055100009
 10
-163.2840458972081
 20
-270.0
 30
325.8631055100009
 10
-183.2840458972081
 20
-270.0
 30
325.8631055100009
 10
-183.2840458972081
 20
-316.0
 30
335.8631055100009
 10
-163.2840458972081
 20
-316.0
 30
335.8631055100009
 10
-163.2840458972081
 20
-270.0
 30
335.8631055100009
 10
-183.2840458972081
 20
-270.0
 30
335.8631055100009
 93
30
 90
4
 90
0
 90
3
 90
2
 90
1
 90
4
 90
4
 90
5
 90
6
 90
7
 90
4
 90
0
 90
1
 90
5
 90
4
 90
4
 90
1
 90
2
 90
6
 90
5
 90
4
 90
2
 90
3
 90
7
 90
6
 90
4
 90
3
 90
0
 90
4
 90
7
 94
0
 95
0
 90
0
  0
MESH
  5
E8
330
17
100
AcDbEntity
  8
WHEELS
100
AcDbSubDMesh
 71
2
 72
0
 91
0
 92
8
 10
-183.2840458972081
 20
-270.0
 30
325.8631055100009
 10
-163.2840458972081
 20
-270.0
 30
325.8631055100009
 10
-163.2840458972081
 20
-224.0
 30
325.8631055100009
 10
-183.2840458972081
 20
-224.0
 30
325.8631055100009
 10
-183.2840458972081
 20
-270.0
 30
335.8631055100009
 10
-163.2840458972081
 20
-270.0
 30
335.8631055100009
 10
-163.2840458972081
 20
-224.0
 30
335.8631055100009
 10
-183.2840458972081
 20
-224.0
 30
335.8631055100009
 93
30
 90
4
 90
0
 90
3
 90
2
 90
1
 90
4
 90
4
 90
5
 90
6
 90
7
 90
4
 90
0
 90
1
 90
5
 90
4
 90
4
 90
1
 90
2
 90
6
 90
5
 90
4
 90
2
 90
3
 90
7
 90
6
 90
4
 90
3
 90
0
 90
4
 90
7
 94
0
 95
0
 90
0
  0
MESH
  5
E9
330
17
100
AcDbEntity
  8
WHEELS
100
AcDbSubDMesh
 71
2
 72
0
 91
0
 92
8
 10
-256.7159541027919
 20
-316.0
 30
325.8631055100009
 10
-236.71595410279187
 20
-316.0
 30
325.8631055100009
 10
-236.71595410279187
 20
-270.0
 30
325.8631055100009
 10
-256.7159541027919
 20
-270.0
 30
325.8631055100009
 10
-256.7159541027919
 20
-316.0
 30
335.8631055100009
 10
-236.71595410279187
 20
-316.0
 30
335.8631055100009
 10
-236.71595410279187
 20
-270.0
 30
335.8631055100009
 10
-256.7159541027919
 20
-270.0
 30
335.8631055100009
 93
30
 90
4
 90
0
 90
3
 90
2
 90
1
 90
4
 90
4
 90
5
 90
6
 90
7
 90
4
 90
0
 90
1
 90
5
 90
4
 90
4
 90
1
 90
2
 90
6
 90
5
 90
4
 90
2
 90
3
 90
7
 90
6
 90
4
 90
3
 90
0
 90
4
 90
7
 94
0
 95
0
 90
0
  0
MESH
  5
EA
330
17
100
AcDbEntity
  8
WHEELS
100
AcDbSubDMesh
 71
2
 72
0
 91
0
 92
8
 10
-256.7159541027919
 20
-270.0
 30
325.8631055100009
 10
-236.71595410279187
 20
-270.0
 30
325.8631055100009
 10
-236.71595410279187
 20
-224.0
 30
325.8631055100009
 10
-256.7159541027919
 20
-224.0
 30
325.8631055100009
 10
-256.7159541027919
 20
-270.0
 30
335.8631055100009
 10
-236.71595410279187
 20
-270.0
 30
335.8631055100009
 10
-236.71595410279187
 20
-224.0
 30
335.8631055100009
 10
-256.7159541027919
 20
-224.0
 30
335.8631055100009
 93
30
 90
4
 90
0
 90
3
 90
2
 90
1
 90
4
 90
4
 90
5
 90
6
 90
7
 90
4
 90
0
 90
1
 90
5
 90
4
 90
4
 90
1
 90
2
 90
6
 90
5
 90
4
 90
2
 90
3
 90
7
 90
6
 90
4
 90
3
 90
0
 90
4
 90
7
 94
0
 95
0
 90
0
  0
MESH
  5
EB
330
17
100
AcDbEntity
  8
WHEELS
100
AcDbSubDMesh
 71
2
 72
0
 91
0
 92
8
 10
-322.87581730669103
 20
-316.0
 30
294.00219460722496
 10
-302.87581730669103
 20
-316.0
 30
294.00219460722496
 10
-302.87581730669103
 20
-270.0
 30
294.00219460722496
 10
-322.87581730669103
 20
-270.0
 30
294.00219460722496
 10
-322.87581730669103
 20
-316.0
 30
304.00219460722496
 10
-302.87581730669103
 20
-316.0
 30
304.00219460722496
 10
-302.87581730669103
 20
-270.0
 30
304.00219460722496
 10
-322.87581730669103
 20
-270.0
 30
304.00219460722496
 93
30
 90
4
 90
0
 90
3
 90
2
 90
1
 90
4
 90
4
 90
5
 90
6
 90
7
 90
4
 90
0
 90
1
 90
5
 90
4
 90
4
 90
1
 90
2
 90
6
 90
5
 90
4
 90
2
 90
3
 90
7
 90
6
 90
4
 90
3
 90
0
 90
4
 90
7
 94
0
 95
0
 90
0
  0
MESH
  5
EC
330
17
100
AcDbEntity
  8
WHEELS
100
AcDbSubDMesh
 71
2
 72
0
 91
0
 92
8
 10
-322.87581730669103
 20
-270.0
 30
294.00219460722496
 10
-302.87581730669103
 20
-270.0
 30
294.00219460722496
 10
-302.87581730669103
 20
-224.0
 30
294.00219460722496
 10
-322.87581730669103
 20
-224.0
 30
294.00219460722496
 10
-322.87581730669103
 20
-270.0
 30
304.00219460722496
 10
-302.87581730669103
 20
-270.0
 30
304.00219460722496
 10
-302.87581730669103
 20
-224.0
 30
304.00219460722496
 10
-322.87581730669103
 20
-224.0
 30
304.00219460722496
 93
30
 90
4
 90
0
 90
3
 90
2
 90
1
 90
4
 90
4
 90
5
 90
6
 90
7
 90
4
 90
0
 90
1
 90
5
 90
4
 90
4
 90
1
 90
2
 90
6
 90
5
 90
4
 90
2
 90
3
 90
7
 90
6
 90
4
 90
3
 90
0
 90
4
 90
7
 94
0
 95
0
 90
0
  0
MESH
  5
ED
330
17
100
AcDbEntity
  8
WHEELS
100
AcDbSubDMesh
 71
2
 72
0
 91
0
 92
8
 10
-368.65986320389914
 20
-316.0
 30
236.5908169543971
 10
-348.65986320389914
 20
-316.0
 30
236.5908169543971
 10
-348.65986320389914
 20
-270.0
 30
236.5908169543971
 10
-368.65986320389914
 20
-270.0
 30
236.5908169543971
 10
-368.65986320389914
 20
-316.0
 30
246.5908169543971
 10
-348.65986320389914
 20
-316.0
 30
246.5908169543971
 10
-348.65986320389914
 20
-270.0
 30
246.5908169543971
 10
-368.65986320389914
 20
-270.0
 30
246.5908169543971
 93
30
 90
4
 90
0
 90
3
 90
2
 90
1
 90
4
 90
4
 90
5
 90
6
 90
7
 90
4
 90
0
 90
1
 90
5
 90
4
 90
4
 90
1
 90
2
 90
6
 90
5
 90
4
 90
2
 90
3
 90
7
 90
6
 90
4
 90
3
 90
0
 90
4
 90
7
 94
0
 95
0
 90
0
  0
MESH
  5
EE
330
17
100
AcDbEntity
  8
WHEELS
100
AcDbSubDMesh
 71
2
 72
0
 91
0
 92
8
 10
-368.65986320389914
 20
-270.0
 30
236.5908169543971
 10
-348.65986320389914
 20
-270.0
 30
236.5908169543971
 10
-348.65986320389914
 20
-224.0
 30
236.5908169543971
 10
-368.65986320389914
 20
-224.0
 30
236.5908169543971
 10
-368.65986320389914
 20
-270.0
 30
246.5908169543971
 10
-348.65986320389914
 20
-270.0
 30
246.5908169543971
 10
-348.65986320389914
 20
-224.0
 30
246.5908169543971
 10
-368.65986320389914
 20
-224.0
 30
246.5908169543971
 93
30
 90
4
 90
0
 90
3
 90
2
 90
1
 90
4
 90
4
 90
5
 90
6
 90
7
 90
4
 90
0
 90
1
 90
5
 90
4
 90
4
 90
1
 90
2
 90
6
 90
5
 90
4
 90
2
 90
3
 90
7
 90
6
 90
4
 90
3
 90
0
 90
4
 90
7
 94
0
 95
0
 90
0
  0
MESH
  5
EF
330
17
100
AcDbEntity
  8
WHEELS
100
AcDbSubDMesh
 71
2
 72
0
 91
0
 92
8
 10
-385.0
 20
-316.0
 30
165.00000000000003
 10
-365.0
 20
-316.0
 30
165.00000000000003
 10
-365.0
 20
-270.0
 30
165.00000000000003
 10
-385.0
 20
-270.0
 30
165.00000000000003
 10
-385.0
 20
-316.0
 30
175.00000000000003
 10
-365.0
 20
-316.0
 30
175.00000000000003
 10
-365.0
 20
-270.0
 30
175.00000000000003
 10
-385.0
 20
-270.0
 30
175.00000000000003
 93
30
 90
4
 90
0
 90
3
 90
2
 90
1
 90
4
 90
4
 90
5
 90
6
 90
7
 90
4
 90
0
 90
1
 90
5
 90
4
 90
4
 90
1
 90
2
 90
6
 90
5
 90
4
 90
2
 90
3
 90
7
 90
6
 90
4
 90
3
 90
0
 90
4
 90
7
 94
0
 95
0
 90
0
  0
MESH
  5
F0
330
17
100
AcDbEntity
  8
WHEELS
100
AcDbSubDMesh
 71
2
 72
0
 91
0
 92
8
 10
-385.0
 20
-270.0
 30
165.00000000000003
 10
-365.0
 20
-270.0
 30
165.00000000000003
 10
-365.0
 20
-224.0
 30
165.00000000000003
 10
-385.0
 20
-224.0
 30
165.00000000000003
 10
-385.0
 20
-270.0
 30
175.00000000000003
 10
-365.0
 20
-270.0
 30
175.00000000000003
 10
-365.0
 20
-224.0
 30
175.00000000000003
 10
-385.0
 20
-224.0
 30
175.00000000000003
 93
30
 90
4
 90
0
 90
3
 90
2
 90
1
 90
4
 90
4
 90
5
 90
6
 90
7
 90
4
 90
0
 90
1
 90
5
 90
4
 90
4
 90
1
 90
2
 90
6
 90
5
 90
4
 90
2
 90
3
 90
7
 90
6
 90
4
 90
3
 90
0
 90
4
 90
7
 94
0
 95
0
 90
0
  0
MESH
  5
F1
330
17
100
AcDbEntity
  8
WHEELS
100
AcDbSubDMesh
 71
2
 72
0
 91
0
 92
8
 10
-368.65986320389914
 20
-316.0
 30
93.40918304560293
 10
-348.65986320389914
 20
-316.0
 30
93.40918304560293
 10
-348.65986320389914
 20
-270.0
 30
93.40918304560293
 10
-368.65986320389914
 20
-270.0
 30
93.40918304560293
 10
-368.65986320389914
 20
-316.0
 30
103.40918304560293
 10
-348.65986320389914
 20
-316.0
 30
103.40918304560293
 10
-348.65986320389914
 20
-270.0
 30
103.40918304560293
 10
-368.65986320389914
 20
-270.0
 30
103.40918304560293
 93
30
 90
4
 90
0
 90
3
 90
2
 90
1
 90
4
 90
4
 90
5
 90
6
 90
7
 90
4
 90
0
 90
1
 90
5
 90
4
 90
4
 90
1
 90
2
 90
6
 90
5
 90
4
 90
2
 90
3
 90
7
 90
6
 90
4
 90
3
 90
0
 90
4
 90
7
 94
0
 95
0
 90
0
  0
MESH
  5
F2
330
17
100
AcDbEntity
  8
WHEELS
100
AcDbSubDMesh
 71
2
 72
0
 91
0
 92
8
 10
-368.65986320389914
 20
-270.0
 30
93.40918304560293
 10
-348.65986320389914
 20
-270.0
 30
93.40918304560293
 10
-348.65986320389914
 20
-224.0
 30
93.40918304560293
 10
-368.65986320389914
 20
-224.0
 30
93.40918304560293
 10
-368.65986320389914
 20
-270.0
 30
103.40918304560293
 10
-348.65986320389914
 20
-270.0
 30
103.40918304560293
 10
-348.65986320389914
 20
-224.0
 30
103.40918304560293
 10
-368.65986320389914
 20
-224.0
 30
103.40918304560293
 93
30
 90
4
 90
0
 90
3
 90
2
 90
1
 90
4
 90
4
 90
5
 90
6
 90
7
 90
4
 90
0
 90
1
 90
5
 90
4
 90
4
 90
1
 90
2
 90
6
 90
5
 90
4
 90
2
 90
3
 90
7
 90
6
 90
4
 90
3
 90
0
 90
4
 90
7
 94
0
 95
0
 90
0
  0
MESH
  5
F3
330
17
100
AcDbEntity
  8
WHEELS
100
AcDbSubDMesh
 71
2
 72
0
 91
0
 92
8
 10
-322.87581730669103
 20
-316.0
 30
35.99780539277509
 10
-302.87581730669103
 20
-316.0
 30
35.99780539277509
 10
-302.87581730669103
 20
-270.0
 30
35.99780539277509
 10
-322.87581730669103
 20
-270.0
 30
35.99780539277509
 10
-322.87581730669103
 20
-316.0
 30
45.99780539277509
 10
-302.87581730669103
 20
-316.0
 30
45.99780539277509
 10
-302.87581730669103
 20
-270.0
 30
45.99780539277509
 10
-322.87581730669103
 20
-270.0
 30
45.99780539277509
 93
30
 90
4
 90
0
 90
3
 90
2
 90
1
 90
4
 90
4
 90
5
 90
6
 90
7
 90
4
 90
0
 90
1
 90
5
 90
4
 90
4
 90
1
 90
2
 90
6
 90
5
 90
4
 90
2
 90
3
 90
7
 90
6
 90
4
 90
3
 90
0
 90
4
 90
7
 94
0
 95
0
 90
0
  0
MESH
  5
F4
330
17
100
AcDbEntity
  8
WHEELS
100
AcDbSubDMesh
 71
2
 72
0
 91
0
 92
8
 10
-322.87581730669103
 20
-270.0
 30
35.99780539277509
 10
-302.87581730669103
 20
-270.0
 30
35.99780539277509
 10
-302.87581730669103
 20
-224.0
 30
35.99780539277509
 10
-322.87581730669103
 20
-224.0
 30
35.99780539277509
 10
-322.87581730669103
 20
-270.0
 30
45.99780539277509
 10
-302.87581730669103
 20
-270.0
 30
45.99780539277509
 10
-302.87581730669103
 20
-224.0
 30
45.99780539277509
 10
-322.87581730669103
 20
-224.0
 30
45.99780539277509
 93
30
 90
4
 90
0
 90
3
 90
2
 90
1
 90
4
 90
4
 90
5
 90
6
 90
7
 90
4
 90
0
 90
1
 90
5
 90
4
 90
4
 90
1
 90
2
 90
6
 90
5
 90
4
 90
2
 90
3
 90
7
 90
6
 90
4
 90
3
 90
0
 90
4
 90
7
 94
0
 95
0
 90
0
  0
MESH
  5
F5
330
17
100
AcDbEntity
  8
WHEELS
100
AcDbSubDMesh
 71
2
 72
0
 91
0
 92
8
 10
-256.7159541027919
 20
-316.0
 30
4.136894489999094
 10
-236.7159541027919
 20
-316.0
 30
4.136894489999094
 10
-236.7159541027919
 20
-270.0
 30
4.136894489999094
 10
-256.7159541027919
 20
-270.0
 30
4.136894489999094
 10
-256.7159541027919
 20
-316.0
 30
14.136894489999094
 10
-236.7159541027919
 20
-316.0
 30
14.136894489999094
 10
-236.7159541027919
 20
-270.0
 30
14.136894489999094
 10
-256.7159541027919
 20
-270.0
 30
14.136894489999094
 93
30
 90
4
 90
0
 90
3
 90
2
 90
1
 90
4
 90
4
 90
5
 90
6
 90
7
 90
4
 90
0
 90
1
 90
5
 90
4
 90
4
 90
1
 90
2
 90
6
 90
5
 90
4
 90
2
 90
3
 90
7
 90
6
 90
4
 90
3
 90
0
 90
4
 90
7
 94
0
 95
0
 90
0
  0
MESH
  5
F6
330
17
100
AcDbEntity
  8
WHEELS
100
AcDbSubDMesh
 71
2
 72
0
 91
0
 92
8
 10
-256.7159541027919
 20
-270.0
 30
4.136894489999094
 10
-236.7159541027919
 20
-270.0
 30
4.136894489999094
 10
-236.7159541027919
 20
-224.0
 30
4.136894489999094
 10
-256.7159541027919
 20
-224.0
 30
4.136894489999094
 10
-256.7159541027919
 20
-270.0
 30
14.136894489999094
 10
-236.7159541027919
 20
-270.0
 30
14.136894489999094
 10
-236.7159541027919
 20
-224.0
 30
14.136894489999094
 10
-256.7159541027919
 20
-224.0
 30
14.136894489999094
 93
30
 90
4
 90
0
 90
3
 90
2
 90
1
 90
4
 90
4
 90
5
 90
6
 90
7
 90
4
 90
0
 90
1
 90
5
 90
4
 90
4
 90
1
 90
2
 90
6
 90
5
 90
4
 90
2
 90
3
 90
7
 90
6
 90
4
 90
3
 90
0
 90
4
 90
7
 94
0
 95
0
 90
0
  0
MESH
  5
F7
330
17
100
AcDbEntity
  8
WHEELS
100
AcDbSubDMesh
 71
2
 72
0
 91
0
 92
8
 10
-183.2840458972083
 20
-316.0
 30
4.136894489999065
 10
-163.2840458972083
 20
-316.0
 30
4.136894489999065
 10
-163.2840458972083
 20
-270.0
 30
4.136894489999065
 10
-183.2840458972083
 20
-270.0
 30
4.136894489999065
 10
-183.2840458972083
 20
-316.0
 30
14.136894489999065
 10
-163.2840458972083
 20
-316.0
 30
14.136894489999065
 10
-163.2840458972083
 20
-270.0
 30
14.136894489999065
 10
-183.2840458972083
 20
-270.0
 30
14.136894489999065
 93
30
 90
4
 90
0
 90
3
 90
2
 90
1
 90
4
 90
4
 90
5
 90
6
 90
7
 90
4
 90
0
 90
1
 90
5
 90
4
 90
4
 90
1
 90
2
 90
6
 90
5
 90
4
 90
2
 90
3
 90
7
 90
6
 90
4
 90
3
 90
0
 90
4
 90
7
 94
0
 95
0
 90
0
  0
MESH
  5
F8
330
17
100
AcDbEntity
  8
WHEELS
100
AcDbSubDMesh
 71
2
 72
0
 91
0
 92
8
 10
-183.2840458972083
 20
-270.0
 30
4.136894489999065
 10
-163.2840458972083
 20
-270.0
 30
4.136894489999065
 10
-163.2840458972083
 20
-224.0
 30
4.136894489999065
 10
-183.2840458972083
 20
-224.0
 30
4.136894489999065
 10
-183.2840458972083
 20
-270.0
 30
14.136894489999065
 10
-163.2840458972083
 20
-270.0
 30
14.136894489999065
 10
-163.2840458972083
 20
-224.0
 30
14.136894489999065
 10
-183.2840458972083
 20
-224.0
 30
14.136894489999065
 93
30
 90
4
 90
0
 90
3
 90
2
 90
1
 90
4
 90
4
 90
5
 90
6
 90
7
 90
4
 90
0
 90
1
 90
5
 90
4
 90
4
 90
1
 90
2
 90
6
 90
5
 90
4
 90
2
 90
3
 90
7
 90
6
 90
4
 90
3
 90
0
 90
4
 90
7
 94
0
 95
0
 90
0
  0
MESH
  5
F9
330
17
100
AcDbEntity
  8
WHEELS
100
AcDbSubDMesh
 71
2
 72
0
 91
0
 92
8
 10
-117.124182693309
 20
-316.0
 30
35.997805392775064
 10
-97.124182693309
 20
-316.0
 30
35.997805392775064
 10
-97.124182693309
 20
-270.0
 30
35.997805392775064
 10
-117.124182693309
 20
-270.0
 30
35.997805392775064
 10
-117.124182693309
 20
-316.0
 30
45.997805392775064
 10
-97.124182693309
 20
-316.0
 30
45.997805392775064
 10
-97.124182693309
 20
-270.0
 30
45.997805392775064
 10
-117.124182693309
 20
-270.0
 30
45.997805392775064
 93
30
 90
4
 90
0
 90
3
 90
2
 90
1
 90
4
 90
4
 90
5
 90
6
 90
7
 90
4
 90
0
 90
1
 90
5
 90
4
 90
4
 90
1
 90
2
 90
6
 90
5
 90
4
 90
2
 90
3
 90
7
 90
6
 90
4
 90
3
 90
0
 90
4
 90
7
 94
0
 95
0
 90
0
  0
MESH
  5
FA
330
17
100
AcDbEntity
  8
WHEELS
100
AcDbSubDMesh
 71
2
 72
0
 91
0
 92
8
 10
-117.124182693309
 20
-270.0
 30
35.997805392775064
 10
-97.124182693309
 20
-270.0
 30
35.997805392775064
 10
-97.124182693309
 20
-224.0
 30
35.997805392775064
 10
-117.124182693309
 20
-224.0
 30
35.997805392775064
 10
-117.124182693309
 20
-270.0
 30
45.997805392775064
 10
-97.124182693309
 20
-270.0
 30
45.997805392775064
 10
-97.124182693309
 20
-224.0
 30
45.997805392775064
 10
-117.124182693309
 20
-224.0
 30
45.997805392775064
 93
30
 90
4
 90
0
 90
3
 90
2
 90
1
 90
4
 90
4
 90
5
 90
6
 90
7
 90
4
 90
0
 90
1
 90
5
 90
4
 90
4
 90
1
 90
2
 90
6
 90
5
 90
4
 90
2
 90
3
 90
7
 90
6
 90
4
 90
3
 90
0
 90
4
 90
7
 94
0
 95
0
 90
0
  0
MESH
  5
FB
330
17
100
AcDbEntity
  8
WHEELS
100
AcDbSubDMesh
 71
2
 72
0
 91
0
 92
8
 10
-71.34013679610081
 20
-316.0
 30
93.40918304560302
 10
-51.34013679610081
 20
-316.0
 30
93.40918304560302
 10
-51.34013679610081
 20
-270.0
 30
93.40918304560302
 10
-71.34013679610081
 20
-270.0
 30
93.40918304560302
 10
-71.34013679610081
 20
-316.0
 30
103.40918304560302
 10
-51.34013679610081
 20
-316.0
 30
103.40918304560302
 10
-51.34013679610081
 20
-270.0
 30
103.40918304560302
 10
-71.34013679610081
 20
-270.0
 30
103.40918304560302
 93
30
 90
4
 90
0
 90
3
 90
2
 90
1
 90
4
 90
4
 90
5
 90
6
 90
7
 90
4
 90
0
 90
1
 90
5
 90
4
 90
4
 90
1
 90
2
 90
6
 90
5
 90
4
 90
2
 90
3
 90
7
 90
6
 90
4
 90
3
 90
0
 90
4
 90
7
 94
0
 95
0
 90
0
  0
MESH
  5
FC
330
17
100
AcDbEntity
  8
WHEELS
100
AcDbSubDMesh
 71
2
 72
0
 91
0
 92
8
 10
-71.34013679610081
 20
-270.0
 30
93.40918304560302
 10
-51.34013679610081
 20
-270.0
 30
93.40918304560302
 10
-51.34013679610081
 20
-224.0
 30
93.40918304560302
 10
-71.34013679610081
 20
-224.0
 30
93.40918304560302
 10
-71.34013679610081
 20
-270.0
 30
103.40918304560302
 10
-51.34013679610081
 20
-270.0
 30
103.40918304560302
 10
-51.34013679610081
 20
-224.0
 30
103.40918304560302
 10
-71.34013679610081
 20
-224.0
 30
103.40918304560302
 93
30
 90
4
 90
0
 90
3
 90
2
 90
1
 90
4
 90
4
 90
5
 90
6
 90
7
 90
4
 90
0
 90
1
 90
5
 90
4
 90
4
 90
1
 90
2
 90
6
 90
5
 90
4
 90
2
 90
3
 90
7
 90
6
 90
4
 90
3
 90
0
 90
4
 90
7
 94
0
 95
0
 90
0
  0
MESH
  5
FD
330
17
100
AcDbEntity
  8
FASTENERS
100
AcDbSubDMesh
 71
2
 72
0
 91
0
 92
30
 10
-210.0
 20
-334.5
 30
170.0
 10
-210.0
 20
-310.5
 30
170.0
 10
-172.0
 20
-334.5
 30
170.0
 10
-175.76318301970807
 20
-334.5
 30
186.4875820864672
 10
-186.30738752936813
 20
-334.5
 30
199.70959633378513
 10
-201.54420450966006
 20
-334.5
 30
207.0472606629093
 10
-218.45579549033994
 20
-334.5
 30
207.0472606629093
 10
-233.69261247063187
 20
-334.5
 30
199.70959633378513
 10
-244.2368169802919
 20
-334.5
 30
186.48758208646723
 10
-248.0
 20
-334.5
 30
170.0
 10
-244.23681698029193
 20
-334.5
 30
153.5124179135328
 10
-233.69261247063187
 20
-334.5
 30
140.29040366621487
 10
-218.45579549033997
 20
-334.5
 30
132.9527393370907
 10
-201.5442045096601
 20
-334.5
 30
132.9527393370907
 10
-186.30738752936813
 20
-334.5
 30
140.29040366621487
 10
-175.76318301970807
 20
-334.5
 30
153.51241791353283
 10
-172.0
 20
-310.5
 30
170.0
 10
-175.76318301970807
 20
-310.5
 30
186.4875820864672
 10
-186.30738752936813
 20
-310.5
 30
199.70959633378513
 10
-201.54420450966006
 20
-310.5
 30
207.0472606629093
 10
-218.45579549033994
 20
-310.5
 30
207.0472606629093
 10
-233.69261247063187
 20
-310.5
 30
199.70959633378513
 10
-244.2368169802919
 20
-310.5
 30
186.48758208646723
 10
-248.0
 20
-310.5
 30
170.0
 10
-244.23681698029193
 20
-310.5
 30
153.5124179135328
 10
-233.69261247063187
 20
-310.5
 30
140.29040366621487
 10
-218.45579549033997
 20
-310.5
 30
132.9527393370907
 10
-201.5442045096601
 20
-310.5
 30
132.9527393370907
 10
-186.30738752936813
 20
-310.5
 30
140.29040366621487
 10
-175.76318301970807
 20
-310.5
 30
153.51241791353283
 93
182
 90
3
 90
0
 90
3
 90
2
 90
3
 90
1
 90
16
 90
17
 90
4
 90
2
 90
3
 90
17
 90
16
 90
3
 90
0
 90
4
 90
3
 90
3
 90
1
 90
17
 90
18
 90
4
 90
3
 90
4
 90
18
 90
17
 90
3
 90
0
 90
5
 90
4
 90
3
 90
1
 90
18
 90
19
 90
4
 90
4
 90
5
 90
19
 90
18
 90
3
 90
0
 90
6
 90
5
 90
3
 90
1
 90
19
 90
20
 90
4
 90
5
 90
6
 90
20
 90
19
 90
3
 90
0
 90
7
 90
6
 90
3
 90
1
 90
20
 90
21
 90
4
 90
6
 90
7
 90
21
 90
20
 90
3
 90
0
 90
8
 90
7
 90
3
 90
1
 90
21
 90
22
 90
4
 90
7
 90
8
 90
22
 90
21
 90
3
 90
0
 90
9
 90
8
 90
3
 90
1
 90
22
 90
23
 90
4
 90
8
 90
9
 90
23
 90
22
 90
3
 90
0
 90
10
 90
9
 90
3
 90
1
 90
23
 90
24
 90
4
 90
9
 90
10
 90
24
 90
23
 90
3
 90
0
 90
11
 90
10
 90
3
 90
1
 90
24
 90
25
 90
4
 90
10
 90
11
 90
25
 90
24
 90
3
 90
0
 90
12
 90
11
 90
3
 90
1
 90
25
 90
26
 90
4
 90
11
 90
12
 90
26
 90
25
 90
3
 90
0
 90
13
 90
12
 90
3
 90
1
 90
26
 90
27
 90
4
 90
12
 90
13
 90
27
 90
26
 90
3
 90
0
 90
14
 90
13
 90
3
 90
1
 90
27
 90
28
 90
4
 90
13
 90
14
 90
28
 90
27
 90
3
 90
0
 90
15
 90
14
 90
3
 90
1
 90
28
 90
29
 90
4
 90
14
 90
15
 90
29
 90
28
 90
3
 90
0
 90
2
 90
15
 90
3
 90
1
 90
29
 90
16
 90
4
 90
15
 90
2
 90
16
 90
29
 94
0
 95
0
 90
0
  0
MESH
  5
FE
330
17
100
AcDbEntity
  8
FASTENERS
100
AcDbSubDMesh
 71
2
 72
0
 91
0
 92
22
 10
-184.0
 20
-327.5
 30
170.0
 10
-184.0
 20
-312.5
 30
170.0
 10
-178.0
 20
-327.5
 30
170.0
 10
-179.1458980337503
 20
-327.5
 30
173.52671151375483
 10
-182.1458980337503
 20
-327.5
 30
175.70633909777092
 10
-185.8541019662497
 20
-327.5
 30
175.70633909777092
 10
-188.8541019662497
 20
-327.5
 30
173.52671151375483
 10
-190.0
 20
-327.5
 30
170.0
 10
-188.8541019662497
 20
-327.5
 30
166.47328848624517
 10
-185.8541019662497
 20
-327.5
 30
164.29366090222908
 10
-182.1458980337503
 20
-327.5
 30
164.29366090222908
 10
-179.1458980337503
 20
-327.5
 30
166.47328848624517
 10
-178.0
 20
-312.5
 30
170.0
 10
-179.1458980337503
 20
-312.5
 30
173.52671151375483
 10
-182.1458980337503
 20
-312.5
 30
175.70633909777092
 10
-185.8541019662497
 20
-312.5
 30
175.70633909777092
 10
-188.8541019662497
 20
-312.5
 30
173.52671151375483
 10
-190.0
 20
-312.5
 30
170.0
 10
-188.8541019662497
 20
-312.5
 30
166.47328848624517
 10
-185.8541019662497
 20
-312.5
 30
164.29366090222908
 10
-182.1458980337503
 20
-312.5
 30
164.29366090222908
 10
-179.1458980337503
 20
-312.5
 30
166.47328848624517
 93
130
 90
3
 90
0
 90
3
 90
2
 90
3
 90
1
 90
12
 90
13
 90
4
 90
2
 90
3
 90
13
 90
12
 90
3
 90
0
 90
4
 90
3
 90
3
 90
1
 90
13
 90
14
 90
4
 90
3
 90
4
 90
14
 90
13
 90
3
 90
0
 90
5
 90
4
 90
3
 90
1
 90
14
 90
15
 90
4
 90
4
 90
5
 90
15
 90
14
 90
3
 90
0
 90
6
 90
5
 90
3
 90
1
 90
15
 90
16
 90
4
 90
5
 90
6
 90
16
 90
15
 90
3
 90
0
 90
7
 90
6
 90
3
 90
1
 90
16
 90
17
 90
4
 90
6
 90
7
 90
17
 90
16
 90
3
 90
0
 90
8
 90
7
 90
3
 90
1
 90
17
 90
18
 90
4
 90
7
 90
8
 90
18
 90
17
 90
3
 90
0
 90
9
 90
8
 90
3
 90
1
 90
18
 90
19
 90
4
 90
8
 90
9
 90
19
 90
18
 90
3
 90
0
 90
10
 90
9
 90
3
 90
1
 90
19
 90
20
 90
4
 90
9
 90
10
 90
20
 90
19
 90
3
 90
0
 90
11
 90
10
 90
3
 90
1
 90
20
 90
21
 90
4
 90
10
 90
11
 90
21
 90
20
 90
3
 90
0
 90
2
 90
11
 90
3
 90
1
 90
21
 90
12
 90
4
 90
11
 90
2
 90
12
 90
21
 94
0
 95
0
 90
0
  0
MESH
  5
FF
330
17
100
AcDbEntity
  8
FASTENERS
100
AcDbSubDMesh
 71
2
 72
0
 91
0
 92
22
 10
-197.0
 20
-327.5
 30
192.5166604983954
 10
-197.0
 20
-312.5
 30
192.5166604983954
 10
-191.0
 20
-327.5
 30
192.5166604983954
 10
-192.1458980337503
 20
-327.5
 30
196.04337201215023
 10
-195.1458980337503
 20
-327.5
 30
198.22299959616632
 10
-198.8541019662497
 20
-327.5
 30
198.22299959616632
 10
-201.8541019662497
 20
-327.5
 30
196.04337201215023
 10
-203.0
 20
-327.5
 30
192.5166604983954
 10
-201.8541019662497
 20
-327.5
 30
188.98994898464056
 10
-198.8541019662497
 20
-327.5
 30
186.81032140062447
 10
-195.1458980337503
 20
-327.5
 30
186.81032140062447
 10
-192.1458980337503
 20
-327.5
 30
188.98994898464056
 10
-191.0
 20
-312.5
 30
192.5166604983954
 10
-192.1458980337503
 20
-312.5
 30
196.04337201215023
 10
-195.1458980337503
 20
-312.5
 30
198.22299959616632
 10
-198.8541019662497
 20
-312.5
 30
198.22299959616632
 10
-201.8541019662497
 20
-312.5
 30
196.04337201215023
 10
-203.0
 20
-312.5
 30
192.5166604983954
 10
-201.8541019662497
 20
-312.5
 30
188.98994898464056
 10
-198.8541019662497
 20
-312.5
 30
186.81032140062447
 10
-195.1458980337503
 20
-312.5
 30
186.81032140062447
 10
-192.1458980337503
 20
-312.5
 30
188.98994898464056
 93
130
 90
3
 90
0
 90
3
 90
2
 90
3
 90
1
 90
12
 90
13
 90
4
 90
2
 90
3
 90
13
 90
12
 90
3
 90
0
 90
4
 90
3
 90
3
 90
1
 90
13
 90
14
 90
4
 90
3
 90
4
 90
14
 90
13
 90
3
 90
0
 90
5
 90
4
 90
3
 90
1
 90
14
 90
15
 90
4
 90
4
 90
5
 90
15
 90
14
 90
3
 90
0
 90
6
 90
5
 90
3
 90
1
 90
15
 90
16
 90
4
 90
5
 90
6
 90
16
 90
15
 90
3
 90
0
 90
7
 90
6
 90
3
 90
1
 90
16
 90
17
 90
4
 90
6
 90
7
 90
17
 90
16
 90
3
 90
0
 90
8
 90
7
 90
3
 90
1
 90
17
 90
18
 90
4
 90
7
 90
8
 90
18
 90
17
 90
3
 90
0
 90
9
 90
8
 90
3
 90
1
 90
18
 90
19
 90
4
 90
8
 90
9
 90
19
 90
18
 90
3
 90
0
 90
10
 90
9
 90
3
 90
1
 90
19
 90
20
 90
4
 90
9
 90
10
 90
20
 90
19
 90
3
 90
0
 90
11
 90
10
 90
3
 90
1
 90
20
 90
21
 90
4
 90
10
 90
11
 90
21
 90
20
 90
3
 90
0
 90
2
 90
11
 90
3
 90
1
 90
21
 90
12
 90
4
 90
11
 90
2
 90
12
 90
21
 94
0
 95
0
 90
0
  0
MESH
  5
100
330
17
100
AcDbEntity
  8
FASTENERS
100
AcDbSubDMesh
 71
2
 72
0
 91
0
 92
22
 10
-223.0
 20
-327.5
 30
192.5166604983954
 10
-223.0
 20
-312.5
 30
192.5166604983954
 10
-217.0
 20
-327.5
 30
192.5166604983954
 10
-218.1458980337503
 20
-327.5
 30
196.04337201215023
 10
-221.1458980337503
 20
-327.5
 30
198.22299959616632
 10
-224.8541019662497
 20
-327.5
 30
198.22299959616632
 10
-227.8541019662497
 20
-327.5
 30
196.04337201215023
 10
-229.0
 20
-327.5
 30
192.5166604983954
 10
-227.8541019662497
 20
-327.5
 30
188.98994898464056
 10
-224.8541019662497
 20
-327.5
 30
186.81032140062447
 10
-221.1458980337503
 20
-327.5
 30
186.81032140062447
 10
-218.1458980337503
 20
-327.5
 30
188.98994898464056
 10
-217.0
 20
-312.5
 30
192.5166604983954
 10
-218.1458980337503
 20
-312.5
 30
196.04337201215023
 10
-221.1458980337503
 20
-312.5
 30
198.22299959616632
 10
-224.8541019662497
 20
-312.5
 30
198.22299959616632
 10
-227.8541019662497
 20
-312.5
 30
196.04337201215023
 10
-229.0
 20
-312.5
 30
192.5166604983954
 10
-227.8541019662497
 20
-312.5
 30
188.98994898464056
 10
-224.8541019662497
 20
-312.5
 30
186.81032140062447
 10
-221.1458980337503
 20
-312.5
 30
186.81032140062447
 10
-218.1458980337503
 20
-312.5
 30
188.98994898464056
 93
130
 90
3
 90
0
 90
3
 90
2
 90
3
 90
1
 90
12
 90
13
 90
4
 90
2
 90
3
 90
13
 90
12
 90
3
 90
0
 90
4
 90
3
 90
3
 90
1
 90
13
 90
14
 90
4
 90
3
 90
4
 90
14
 90
13
 90
3
 90
0
 90
5
 90
4
 90
3
 90
1
 90
14
 90
15
 90
4
 90
4
 90
5
 90
15
 90
14
 90
3
 90
0
 90
6
 90
5
 90
3
 90
1
 90
15
 90
16
 90
4
 90
5
 90
6
 90
16
 90
15
 90
3
 90
0
 90
7
 90
6
 90
3
 90
1
 90
16
 90
17
 90
4
 90
6
 90
7
 90
17
 90
16
 90
3
 90
0
 90
8
 90
7
 90
3
 90
1
 90
17
 90
18
 90
4
 90
7
 90
8
 90
18
 90
17
 90
3
 90
0
 90
9
 90
8
 90
3
 90
1
 90
18
 90
19
 90
4
 90
8
 90
9
 90
19
 90
18
 90
3
 90
0
 90
10
 90
9
 90
3
 90
1
 90
19
 90
20
 90
4
 90
9
 90
10
 90
20
 90
19
 90
3
 90
0
 90
11
 90
10
 90
3
 90
1
 90
20
 90
21
 90
4
 90
10
 90
11
 90
21
 90
20
 90
3
 90
0
 90
2
 90
11
 90
3
 90
1
 90
21
 90
12
 90
4
 90
11
 90
2
 90
12
 90
21
 94
0
 95
0
 90
0
  0
MESH
  5
101
330
17
100
AcDbEntity
  8
FASTENERS
100
AcDbSubDMesh
 71
2
 72
0
 91
0
 92
22
 10
-236.0
 20
-327.5
 30
170.0
 10
-236.0
 20
-312.5
 30
170.0
 10
-230.0
 20
-327.5
 30
170.0
 10
-231.1458980337503
 20
-327.5
 30
173.52671151375483
 10
-234.1458980337503
 20
-327.5
 30
175.70633909777092
 10
-237.8541019662497
 20
-327.5
 30
175.70633909777092
 10
-240.8541019662497
 20
-327.5
 30
173.52671151375483
 10
-242.0
 20
-327.5
 30
170.0
 10
-240.8541019662497
 20
-327.5
 30
166.47328848624517
 10
-237.8541019662497
 20
-327.5
 30
164.29366090222908
 10
-234.1458980337503
 20
-327.5
 30
164.29366090222908
 10
-231.1458980337503
 20
-327.5
 30
166.47328848624517
 10
-230.0
 20
-312.5
 30
170.0
 10
-231.1458980337503
 20
-312.5
 30
173.52671151375483
 10
-234.1458980337503
 20
-312.5
 30
175.70633909777092
 10
-237.8541019662497
 20
-312.5
 30
175.70633909777092
 10
-240.8541019662497
 20
-312.5
 30
173.52671151375483
 10
-242.0
 20
-312.5
 30
170.0
 10
-240.8541019662497
 20
-312.5
 30
166.47328848624517
 10
-237.8541019662497
 20
-312.5
 30
164.29366090222908
 10
-234.1458980337503
 20
-312.5
 30
164.29366090222908
 10
-231.1458980337503
 20
-312.5
 30
166.47328848624517
 93
130
 90
3
 90
0
 90
3
 90
2
 90
3
 90
1
 90
12
 90
13
 90
4
 90
2
 90
3
 90
13
 90
12
 90
3
 90
0
 90
4
 90
3
 90
3
 90
1
 90
13
 90
14
 90
4
 90
3
 90
4
 90
14
 90
13
 90
3
 90
0
 90
5
 90
4
 90
3
 90
1
 90
14
 90
15
 90
4
 90
4
 90
5
 90
15
 90
14
 90
3
 90
0
 90
6
 90
5
 90
3
 90
1
 90
15
 90
16
 90
4
 90
5
 90
6
 90
16
 90
15
 90
3
 90
0
 90
7
 90
6
 90
3
 90
1
 90
16
 90
17
 90
4
 90
6
 90
7
 90
17
 90
16
 90
3
 90
0
 90
8
 90
7
 90
3
 90
1
 90
17
 90
18
 90
4
 90
7
 90
8
 90
18
 90
17
 90
3
 90
0
 90
9
 90
8
 90
3
 90
1
 90
18
 90
19
 90
4
 90
8
 90
9
 90
19
 90
18
 90
3
 90
0
 90
10
 90
9
 90
3
 90
1
 90
19
 90
20
 90
4
 90
9
 90
10
 90
20
 90
19
 90
3
 90
0
 90
11
 90
10
 90
3
 90
1
 90
20
 90
21
 90
4
 90
10
 90
11
 90
21
 90
20
 90
3
 90
0
 90
2
 90
11
 90
3
 90
1
 90
21
 90
12
 90
4
 90
11
 90
2
 90
12
 90
21
 94
0
 95
0
 90
0
  0
MESH
  5
102
330
17
100
AcDbEntity
  8
FASTENERS
100
AcDbSubDMesh
 71
2
 72
0
 91
0
 92
22
 10
-223.0
 20
-327.5
 30
147.4833395016046
 10
-223.0
 20
-312.5
 30
147.4833395016046
 10
-217.0
 20
-327.5
 30
147.4833395016046
 10
-218.1458980337503
 20
-327.5
 30
151.01005101535944
 10
-221.1458980337503
 20
-327.5
 30
153.18967859937553
 10
-224.8541019662497
 20
-327.5
 30
153.18967859937553
 10
-227.8541019662497
 20
-327.5
 30
151.01005101535944
 10
-229.0
 20
-327.5
 30
147.4833395016046
 10
-227.8541019662497
 20
-327.5
 30
143.95662798784977
 10
-224.8541019662497
 20
-327.5
 30
141.77700040383368
 10
-221.1458980337503
 20
-327.5
 30
141.77700040383368
 10
-218.1458980337503
 20
-327.5
 30
143.95662798784977
 10
-217.0
 20
-312.5
 30
147.4833395016046
 10
-218.1458980337503
 20
-312.5
 30
151.01005101535944
 10
-221.1458980337503
 20
-312.5
 30
153.18967859937553
 10
-224.8541019662497
 20
-312.5
 30
153.18967859937553
 10
-227.8541019662497
 20
-312.5
 30
151.01005101535944
 10
-229.0
 20
-312.5
 30
147.4833395016046
 10
-227.8541019662497
 20
-312.5
 30
143.95662798784977
 10
-224.8541019662497
 20
-312.5
 30
141.77700040383368
 10
-221.1458980337503
 20
-312.5
 30
141.77700040383368
 10
-218.1458980337503
 20
-312.5
 30
143.95662798784977
 93
130
 90
3
 90
0
 90
3
 90
2
 90
3
 90
1
 90
12
 90
13
 90
4
 90
2
 90
3
 90
13
 90
12
 90
3
 90
0
 90
4
 90
3
 90
3
 90
1
 90
13
 90
14
 90
4
 90
3
 90
4
 90
14
 90
13
 90
3
 90
0
 90
5
 90
4
 90
3
 90
1
 90
14
 90
15
 90
4
 90
4
 90
5
 90
15
 90
14
 90
3
 90
0
 90
6
 90
5
 90
3
 90
1
 90
15
 90
16
 90
4
 90
5
 90
6
 90
16
 90
15
 90
3
 90
0
 90
7
 90
6
 90
3
 90
1
 90
16
 90
17
 90
4
 90
6
 90
7
 90
17
 90
16
 90
3
 90
0
 90
8
 90
7
 90
3
 90
1
 90
17
 90
18
 90
4
 90
7
 90
8
 90
18
 90
17
 90
3
 90
0
 90
9
 90
8
 90
3
 90
1
 90
18
 90
19
 90
4
 90
8
 90
9
 90
19
 90
18
 90
3
 90
0
 90
10
 90
9
 90
3
 90
1
 90
19
 90
20
 90
4
 90
9
 90
10
 90
20
 90
19
 90
3
 90
0
 90
11
 90
10
 90
3
 90
1
 90
20
 90
21
 90
4
 90
10
 90
11
 90
21
 90
20
 90
3
 90
0
 90
2
 90
11
 90
3
 90
1
 90
21
 90
12
 90
4
 90
11
 90
2
 90
12
 90
21
 94
0
 95
0
 90
0
  0
MESH
  5
103
330
17
100
AcDbEntity
  8
FASTENERS
100
AcDbSubDMesh
 71
2
 72
0
 91
0
 92
22
 10
-197.0
 20
-327.5
 30
147.4833395016046
 10
-197.0
 20
-312.5
 30
147.4833395016046
 10
-191.0
 20
-327.5
 30
147.4833395016046
 10
-192.1458980337503
 20
-327.5
 30
151.01005101535944
 10
-195.1458980337503
 20
-327.5
 30
153.18967859937553
 10
-198.8541019662497
 20
-327.5
 30
153.18967859937553
 10
-201.8541019662497
 20
-327.5
 30
151.01005101535944
 10
-203.0
 20
-327.5
 30
147.4833395016046
 10
-201.8541019662497
 20
-327.5
 30
143.95662798784977
 10
-198.8541019662497
 20
-327.5
 30
141.77700040383368
 10
-195.1458980337503
 20
-327.5
 30
141.77700040383368
 10
-192.1458980337503
 20
-327.5
 30
143.95662798784977
 10
-191.0
 20
-312.5
 30
147.4833395016046
 10
-192.1458980337503
 20
-312.5
 30
151.01005101535944
 10
-195.1458980337503
 20
-312.5
 30
153.18967859937553
 10
-198.8541019662497
 20
-312.5
 30
153.18967859937553
 10
-201.8541019662497
 20
-312.5
 30
151.01005101535944
 10
-203.0
 20
-312.5
 30
147.4833395016046
 10
-201.8541019662497
 20
-312.5
 30
143.95662798784977
 10
-198.8541019662497
 20
-312.5
 30
141.77700040383368
 10
-195.1458980337503
 20
-312.5
 30
141.77700040383368
 10
-192.1458980337503
 20
-312.5
 30
143.95662798784977
 93
130
 90
3
 90
0
 90
3
 90
2
 90
3
 90
1
 90
12
 90
13
 90
4
 90
2
 90
3
 90
13
 90
12
 90
3
 90
0
 90
4
 90
3
 90
3
 90
1
 90
13
 90
14
 90
4
 90
3
 90
4
 90
14
 90
13
 90
3
 90
0
 90
5
 90
4
 90
3
 90
1
 90
14
 90
15
 90
4
 90
4
 90
5
 90
15
 90
14
 90
3
 90
0
 90
6
 90
5
 90
3
 90
1
 90
15
 90
16
 90
4
 90
5
 90
6
 90
16
 90
15
 90
3
 90
0
 90
7
 90
6
 90
3
 90
1
 90
16
 90
17
 90
4
 90
6
 90
7
 90
17
 90
16
 90
3
 90
0
 90
8
 90
7
 90
3
 90
1
 90
17
 90
18
 90
4
 90
7
 90
8
 90
18
 90
17
 90
3
 90
0
 90
9
 90
8
 90
3
 90
1
 90
18
 90
19
 90
4
 90
8
 90
9
 90
19
 90
18
 90
3
 90
0
 90
10
 90
9
 90
3
 90
1
 90
19
 90
20
 90
4
 90
9
 90
10
 90
20
 90
19
 90
3
 90
0
 90
11
 90
10
 90
3
 90
1
 90
20
 90
21
 90
4
 90
10
 90
11
 90
21
 90
20
 90
3
 90
0
 90
2
 90
11
 90
3
 90
1
 90
21
 90
12
 90
4
 90
11
 90
2
 90
12
 90
21
 94
0
 95
0
 90
0
  0
MESH
  5
104
330
17
100
AcDbEntity
  8
MOTORS
100
AcDbSubDMesh
 71
2
 72
0
 91
0
 92
34
 10
-210.0
 20
-235.0
 30
170.0
 10
-210.0
 20
-160.0
 30
170.0
 10
-166.0
 20
-235.0
 30
170.0
 10
-169.34930056950338
 20
-235.0
 30
186.83807102406394
 10
-178.8873016277919
 20
-235.0
 30
201.1126983722081
 10
-193.16192897593604
 20
-235.0
 30
210.65069943049662
 10
-210.0
 20
-235.0
 30
214.0
 10
-226.83807102406394
 20
-235.0
 30
210.65069943049662
 10
-241.1126983722081
 20
-235.0
 30
201.1126983722081
 10
-250.65069943049662
 20
-235.0
 30
186.83807102406396
 10
-254.0
 20
-235.0
 30
170.0
 10
-250.65069943049662
 20
-235.0
 30
153.16192897593606
 10
-241.1126983722081
 20
-235.0
 30
138.8873016277919
 10
-226.83807102406396
 20
-235.0
 30
129.34930056950338
 10
-210.0
 20
-235.0
 30
126.0
 10
-193.16192897593604
 20
-235.0
 30
129.34930056950338
 10
-178.8873016277919
 20
-235.0
 30
138.8873016277919
 10
-169.34930056950338
 20
-235.0
 30
153.161928975936
 10
-166.0
 20
-160.0
 30
170.0
 10
-169.34930056950338
 20
-160.0
 30
186.83807102406394
 10
-178.8873016277919
 20
-160.0
 30
201.1126983722081
 10
-193.16192897593604
 20
-160.0
 30
210.65069943049662
 10
-210.0
 20
-160.0
 30
214.0
 10
-226.83807102406394
 20
-160.0
 30
210.65069943049662
 10
-241.1126983722081
 20
-160.0
 30
201.1126983722081
 10
-250.65069943049662
 20
-160.0
 30
186.83807102406396
 10
-254.0
 20
-160.0
 30
170.0
 10
-250.65069943049662
 20
-160.0
 30
153.16192897593606
 10
-241.1126983722081
 20
-160.0
 30
138.8873016277919
 10
-226.83807102406396
 20
-160.0
 30
129.34930056950338
 10
-210.0
 20
-160.0
 30
126.0
 10
-193.16192897593604
 20
-160.0
 30
129.34930056950338
 10
-178.8873016277919
 20
-160.0
 30
138.8873016277919
 10
-169.34930056950338
 20
-160.0
 30
153.161928975936
 93
208
 90
3
 90
0
 90
3
 90
2
 90
3
 90
1
 90
18
 90
19
 90
4
 90
2
 90
3
 90
19
 90
18
 90
3
 90
0
 90
4
 90
3
 90
3
 90
1
 90
19
 90
20
 90
4
 90
3
 90
4
 90
20
 90
19
 90
3
 90
0
 90
5
 90
4
 90
3
 90
1
 90
20
 90
21
 90
4
 90
4
 90
5
 90
21
 90
20
 90
3
 90
0
 90
6
 90
5
 90
3
 90
1
 90
21
 90
22
 90
4
 90
5
 90
6
 90
22
 90
21
 90
3
 90
0
 90
7
 90
6
 90
3
 90
1
 90
22
 90
23
 90
4
 90
6
 90
7
 90
23
 90
22
 90
3
 90
0
 90
8
 90
7
 90
3
 90
1
 90
23
 90
24
 90
4
 90
7
 90
8
 90
24
 90
23
 90
3
 90
0
 90
9
 90
8
 90
3
 90
1
 90
24
 90
25
 90
4
 90
8
 90
9
 90
25
 90
24
 90
3
 90
0
 90
10
 90
9
 90
3
 90
1
 90
25
 90
26
 90
4
 90
9
 90
10
 90
26
 90
25
 90
3
 90
0
 90
11
 90
10
 90
3
 90
1
 90
26
 90
27
 90
4
 90
10
 90
11
 90
27
 90
26
 90
3
 90
0
 90
12
 90
11
 90
3
 90
1
 90
27
 90
28
 90
4
 90
11
 90
12
 90
28
 90
27
 90
3
 90
0
 90
13
 90
12
 90
3
 90
1
 90
28
 90
29
 90
4
 90
12
 90
13
 90
29
 90
28
 90
3
 90
0
 90
14
 90
13
 90
3
 90
1
 90
29
 90
30
 90
4
 90
13
 90
14
 90
30
 90
29
 90
3
 90
0
 90
15
 90
14
 90
3
 90
1
 90
30
 90
31
 90
4
 90
14
 90
15
 90
31
 90
30
 90
3
 90
0
 90
16
 90
15
 90
3
 90
1
 90
31
 90
32
 90
4
 90
15
 90
16
 90
32
 90
31
 90
3
 90
0
 90
17
 90
16
 90
3
 90
1
 90
32
 90
33
 90
4
 90
16
 90
17
 90
33
 90
32
 90
3
 90
0
 90
2
 90
17
 90
3
 90
1
 90
33
 90
18
 90
4
 90
17
 90
2
 90
18
 90
33
 94
0
 95
0
 90
0
  0
MESH
  5
105
330
17
100
AcDbEntity
  8
CAMERA
100
AcDbSubDMesh
 71
2
 72
0
 91
0
 92
38
 10
230.0
 20
0.0
 30
670.0
 10
230.0
 20
0.0
 30
695.0
 10
272.0
 20
0.0
 30
670.0
 10
269.46709007300814
 20
14.364846019678087
 30
670.0
 10
262.1738666109971
 20
26.99707960683465
 30
670.0
 10
251.0
 20
36.373066958946424
 30
670.0
 10
237.29322346201107
 20
41.361925626512736
 30
670.0
 10
222.70677653798893
 20
41.361925626512736
 30
670.0
 10
209.0
 20
36.373066958946424
 30
670.0
 10
197.82613338900293
 20
26.997079606834657
 30
670.0
 10
190.53290992699186
 20
14.364846019678094
 30
670.0
 10
188.0
 20
5.143516556418883e-15
 30
670.0
 10
190.53290992699186
 20
-14.364846019678083
 30
670.0
 10
197.8261333890029
 20
-26.997079606834635
 30
670.0
 10
208.99999999999997
 20
-36.37306695894642
 30
670.0
 10
222.70677653798893
 20
-41.361925626512736
 30
670.0
 10
237.29322346201107
 20
-41.36192562651274
 30
670.0
 10
250.99999999999997
 20
-36.37306695894644
 30
670.0
 10
262.17386661099704
 20
-26.997079606834664
 30
670.0
 10
269.46709007300814
 20
-14.364846019678081
 30
670.0
 10
272.0
 20
0.0
 30
695.0
 10
269.46709007300814
 20
14.364846019678087
 30
695.0
 10
262.1738666109971
 20
26.99707960683465
 30
695.0
 10
251.0
 20
36.373066958946424
 30
695.0
 10
237.29322346201107
 20
41.361925626512736
 30
695.0
 10
222.70677653798893
 20
41.361925626512736
 30
695.0
 10
209.0
 20
36.373066958946424
 30
695.0
 10
197.82613338900293
 20
26.997079606834657
 30
695.0
 10
190.53290992699186
 20
14.364846019678094
 30
695.0
 10
188.0
 20
5.143516556418883e-15
 30
695.0
 10
190.53290992699186
 20
-14.364846019678083
 30
695.0
 10
197.8261333890029
 20
-26.997079606834635
 30
695.0
 10
208.99999999999997
 20
-36.37306695894642
 30
695.0
 10
222.70677653798893
 20
-41.361925626512736
 30
695.0
 10
237.29322346201107
 20
-41.36192562651274
 30
695.0
 10
250.99999999999997
 20
-36.37306695894644
 30
695.0
 10
262.17386661099704
 20
-26.997079606834664
 30
695.0
 10
269.46709007300814
 20
-14.364846019678081
 30
695.0
 93
234
 90
3
 90
0
 90
3
 90
2
 90
3
 90
1
 90
20
 90
21
 90
4
 90
2
 90
3
 90
21
 90
20
 90
3
 90
0
 90
4
 90
3
 90
3
 90
1
 90
21
 90
22
 90
4
 90
3
 90
4
 90
22
 90
21
 90
3
 90
0
 90
5
 90
4
 90
3
 90
1
 90
22
 90
23
 90
4
 90
4
 90
5
 90
23
 90
22
 90
3
 90
0
 90
6
 90
5
 90
3
 90
1
 90
23
 90
24
 90
4
 90
5
 90
6
 90
24
 90
23
 90
3
 90
0
 90
7
 90
6
 90
3
 90
1
 90
24
 90
25
 90
4
 90
6
 90
7
 90
25
 90
24
 90
3
 90
0
 90
8
 90
7
 90
3
 90
1
 90
25
 90
26
 90
4
 90
7
 90
8
 90
26
 90
25
 90
3
 90
0
 90
9
 90
8
 90
3
 90
1
 90
26
 90
27
 90
4
 90
8
 90
9
 90
27
 90
26
 90
3
 90
0
 90
10
 90
9
 90
3
 90
1
 90
27
 90
28
 90
4
 90
9
 90
10
 90
28
 90
27
 90
3
 90
0
 90
11
 90
10
 90
3
 90
1
 90
28
 90
29
 90
4
 90
10
 90
11
 90
29
 90
28
 90
3
 90
0
 90
12
 90
11
 90
3
 90
1
 90
29
 90
30
 90
4
 90
11
 90
12
 90
30
 90
29
 90
3
 90
0
 90
13
 90
12
 90
3
 90
1
 90
30
 90
31
 90
4
 90
12
 90
13
 90
31
 90
30
 90
3
 90
0
 90
14
 90
13
 90
3
 90
1
 90
31
 90
32
 90
4
 90
13
 90
14
 90
32
 90
31
 90
3
 90
0
 90
15
 90
14
 90
3
 90
1
 90
32
 90
33
 90
4
 90
14
 90
15
 90
33
 90
32
 90
3
 90
0
 90
16
 90
15
 90
3
 90
1
 90
33
 90
34
 90
4
 90
15
 90
16
 90
34
 90
33
 90
3
 90
0
 90
17
 90
16
 90
3
 90
1
 90
34
 90
35
 90
4
 90
16
 90
17
 90
35
 90
34
 90
3
 90
0
 90
18
 90
17
 90
3
 90
1
 90
35
 90
36
 90
4
 90
17
 90
18
 90
36
 90
35
 90
3
 90
0
 90
19
 90
18
 90
3
 90
1
 90
36
 90
37
 90
4
 90
18
 90
19
 90
37
 90
36
 90
3
 90
0
 90
2
 90
19
 90
3
 90
1
 90
37
 90
20
 90
4
 90
19
 90
2
 90
20
 90
37
 94
0
 95
0
 90
0
  0
MESH
  5
106
330
17
100
AcDbEntity
  8
CAMERA
100
AcDbSubDMesh
 71
2
 72
0
 91
0
 92
8
 10
205.0
 20
-42.0
 30
695.0
 10
260.0
 20
-42.0
 30
695.0
 10
260.0
 20
42.0
 30
695.0
 10
205.0
 20
42.0
 30
695.0
 10
205.0
 20
-42.0
 30
755.0
 10
260.0
 20
-42.0
 30
755.0
 10
260.0
 20
42.0
 30
755.0
 10
205.0
 20
42.0
 30
755.0
 93
30
 90
4
 90
0
 90
3
 90
2
 90
1
 90
4
 90
4
 90
5
 90
6
 90
7
 90
4
 90
0
 90
1
 90
5
 90
4
 90
4
 90
1
 90
2
 90
6
 90
5
 90
4
 90
2
 90
3
 90
7
 90
6
 90
4
 90
3
 90
0
 90
4
 90
7
 94
0
 95
0
 90
0
  0
MESH
  5
107
330
17
100
AcDbEntity
  8
CAMERA
100
AcDbSubDMesh
 71
2
 72
0
 91
0
 92
30
 10
262.0
 20
-16.0
 30
715.0
 10
262.0
 20
-16.0
 30
740.0
 10
275.0
 20
-16.0
 30
715.0
 10
273.71259528273146
 20
-10.359511391471745
 30
715.0
 10
270.10536742416355
 20
-5.836190727915612
 30
715.0
 10
264.8927721414321
 20
-3.3259371416362935
 30
715.0
 10
259.1072278585679
 20
-3.3259371416362935
 30
715.0
 10
253.89463257583645
 20
-5.836190727915611
 30
715.0
 10
250.28740471726854
 20
-10.359511391471743
 30
715.0
 10
249.0
 20
-15.999999999999998
 30
715.0
 10
250.28740471726854
 20
-21.640488608528255
 30
715.0
 10
253.89463257583645
 20
-26.163809272084386
 30
715.0
 10
259.1072278585679
 20
-28.674062858363705
 30
715.0
 10
264.8927721414321
 20
-28.674062858363712
 30
715.0
 10
270.10536742416355
 20
-26.16380927208439
 30
715.0
 10
273.71259528273146
 20
-21.640488608528248
 30
715.0
 10
275.0
 20
-16.0
 30
740.0
 10
273.71259528273146
 20
-10.359511391471745
 30
740.0
 10
270.10536742416355
 20
-5.836190727915612
 30
740.0
 10
264.8927721414321
 20
-3.3259371416362935
 30
740.0
 10
259.1072278585679
 20
-3.3259371416362935
 30
740.0
 10
253.89463257583645
 20
-5.836190727915611
 30
740.0
 10
250.28740471726854
 20
-10.359511391471743
 30
740.0
 10
249.0
 20
-15.999999999999998
 30
740.0
 10
250.28740471726854
 20
-21.640488608528255
 30
740.0
 10
253.89463257583645
 20
-26.163809272084386
 30
740.0
 10
259.1072278585679
 20
-28.674062858363705
 30
740.0
 10
264.8927721414321
 20
-28.674062858363712
 30
740.0
 10
270.10536742416355
 20
-26.16380927208439
 30
740.0
 10
273.71259528273146
 20
-21.640488608528248
 30
740.0
 93
182
 90
3
 90
0
 90
3
 90
2
 90
3
 90
1
 90
16
 90
17
 90
4
 90
2
 90
3
 90
17
 90
16
 90
3
 90
0
 90
4
 90
3
 90
3
 90
1
 90
17
 90
18
 90
4
 90
3
 90
4
 90
18
 90
17
 90
3
 90
0
 90
5
 90
4
 90
3
 90
1
 90
18
 90
19
 90
4
 90
4
 90
5
 90
19
 90
18
 90
3
 90
0
 90
6
 90
5
 90
3
 90
1
 90
19
 90
20
 90
4
 90
5
 90
6
 90
20
 90
19
 90
3
 90
0
 90
7
 90
6
 90
3
 90
1
 90
20
 90
21
 90
4
 90
6
 90
7
 90
21
 90
20
 90
3
 90
0
 90
8
 90
7
 90
3
 90
1
 90
21
 90
22
 90
4
 90
7
 90
8
 90
22
 90
21
 90
3
 90
0
 90
9
 90
8
 90
3
 90
1
 90
22
 90
23
 90
4
 90
8
 90
9
 90
23
 90
22
 90
3
 90
0
 90
10
 90
9
 90
3
 90
1
 90
23
 90
24
 90
4
 90
9
 90
10
 90
24
 90
23
 90
3
 90
0
 90
11
 90
10
 90
3
 90
1
 90
24
 90
25
 90
4
 90
10
 90
11
 90
25
 90
24
 90
3
 90
0
 90
12
 90
11
 90
3
 90
1
 90
25
 90
26
 90
4
 90
11
 90
12
 90
26
 90
25
 90
3
 90
0
 90
13
 90
12
 90
3
 90
1
 90
26
 90
27
 90
4
 90
12
 90
13
 90
27
 90
26
 90
3
 90
0
 90
14
 90
13
 90
3
 90
1
 90
27
 90
28
 90
4
 90
13
 90
14
 90
28
 90
27
 90
3
 90
0
 90
15
 90
14
 90
3
 90
1
 90
28
 90
29
 90
4
 90
14
 90
15
 90
29
 90
28
 90
3
 90
0
 90
2
 90
15
 90
3
 90
1
 90
29
 90
16
 90
4
 90
15
 90
2
 90
16
 90
29
 94
0
 95
0
 90
0
  0
MESH
  5
108
330
17
100
AcDbEntity
  8
SENSORS
100
AcDbSubDMesh
 71
2
 72
0
 91
0
 92
26
 10
268.0
 20
-16.0
 30
720.0
 10
268.0
 20
-16.0
 30
735.0
 10
279.0
 20
-16.0
 30
720.0
 10
277.52627944162884
 20
-10.5
 30
720.0
 10
273.5
 20
-6.473720558371175
 30
720.0
 10
268.0
 20
-5.0
 30
720.0
 10
262.5
 20
-6.473720558371173
 30
720.0
 10
258.47372055837116
 20
-10.5
 30
720.0
 10
257.0
 20
-15.999999999999998
 30
720.0
 10
258.47372055837116
 20
-21.499999999999996
 30
720.0
 10
262.5
 20
-25.526279441628823
 30
720.0
 10
268.0
 20
-27.0
 30
720.0
 10
273.5
 20
-25.526279441628823
 30
720.0
 10
277.52627944162884
 20
-21.500000000000007
 30
720.0
 10
279.0
 20
-16.0
 30
735.0
 10
277.52627944162884
 20
-10.5
 30
735.0
 10
273.5
 20
-6.473720558371175
 30
735.0
 10
268.0
 20
-5.0
 30
735.0
 10
262.5
 20
-6.473720558371173
 30
735.0
 10
258.47372055837116
 20
-10.5
 30
735.0
 10
257.0
 20
-15.999999999999998
 30
735.0
 10
258.47372055837116
 20
-21.499999999999996
 30
735.0
 10
262.5
 20
-25.526279441628823
 30
735.0
 10
268.0
 20
-27.0
 30
735.0
 10
273.5
 20
-25.526279441628823
 30
735.0
 10
277.52627944162884
 20
-21.500000000000007
 30
735.0
 93
156
 90
3
 90
0
 90
3
 90
2
 90
3
 90
1
 90
14
 90
15
 90
4
 90
2
 90
3
 90
15
 90
14
 90
3
 90
0
 90
4
 90
3
 90
3
 90
1
 90
15
 90
16
 90
4
 90
3
 90
4
 90
16
 90
15
 90
3
 90
0
 90
5
 90
4
 90
3
 90
1
 90
16
 90
17
 90
4
 90
4
 90
5
 90
17
 90
16
 90
3
 90
0
 90
6
 90
5
 90
3
 90
1
 90
17
 90
18
 90
4
 90
5
 90
6
 90
18
 90
17
 90
3
 90
0
 90
7
 90
6
 90
3
 90
1
 90
18
 90
19
 90
4
 90
6
 90
7
 90
19
 90
18
 90
3
 90
0
 90
8
 90
7
 90
3
 90
1
 90
19
 90
20
 90
4
 90
7
 90
8
 90
20
 90
19
 90
3
 90
0
 90
9
 90
8
 90
3
 90
1
 90
20
 90
21
 90
4
 90
8
 90
9
 90
21
 90
20
 90
3
 90
0
 90
10
 90
9
 90
3
 90
1
 90
21
 90
22
 90
4
 90
9
 90
10
 90
22
 90
21
 90
3
 90
0
 90
11
 90
10
 90
3
 90
1
 90
22
 90
23
 90
4
 90
10
 90
11
 90
23
 90
22
 90
3
 90
0
 90
12
 90
11
 90
3
 90
1
 90
23
 90
24
 90
4
 90
11
 90
12
 90
24
 90
23
 90
3
 90
0
 90
13
 90
12
 90
3
 90
1
 90
24
 90
25
 90
4
 90
12
 90
13
 90
25
 90
24
 90
3
 90
0
 90
2
 90
13
 90
3
 90
1
 90
25
 90
14
 90
4
 90
13
 90
2
 90
14
 90
25
 94
0
 95
0
 90
0
  0
MESH
  5
109
330
17
100
AcDbEntity
  8
CAMERA
100
AcDbSubDMesh
 71
2
 72
0
 91
0
 92
30
 10
262.0
 20
16.0
 30
715.0
 10
262.0
 20
16.0
 30
740.0
 10
275.0
 20
16.0
 30
715.0
 10
273.71259528273146
 20
21.640488608528255
 30
715.0
 10
270.10536742416355
 20
26.163809272084386
 30
715.0
 10
264.8927721414321
 20
28.674062858363705
 30
715.0
 10
259.1072278585679
 20
28.674062858363705
 30
715.0
 10
253.89463257583645
 20
26.16380927208439
 30
715.0
 10
250.28740471726854
 20
21.64048860852826
 30
715.0
 10
249.0
 20
16.0
 30
715.0
 10
250.28740471726854
 20
10.359511391471745
 30
715.0
 10
253.89463257583645
 20
5.836190727915614
 30
715.0
 10
259.1072278585679
 20
3.3259371416362935
 30
715.0
 10
264.8927721414321
 20
3.32593714163629
 30
715.0
 10
270.10536742416355
 20
5.836190727915611
 30
715.0
 10
273.71259528273146
 20
10.359511391471752
 30
715.0
 10
275.0
 20
16.0
 30
740.0
 10
273.71259528273146
 20
21.640488608528255
 30
740.0
 10
270.10536742416355
 20
26.163809272084386
 30
740.0
 10
264.8927721414321
 20
28.674062858363705
 30
740.0
 10
259.1072278585679
 20
28.674062858363705
 30
740.0
 10
253.89463257583645
 20
26.16380927208439
 30
740.0
 10
250.28740471726854
 20
21.64048860852826
 30
740.0
 10
249.0
 20
16.0
 30
740.0
 10
250.28740471726854
 20
10.359511391471745
 30
740.0
 10
253.89463257583645
 20
5.836190727915614
 30
740.0
 10
259.1072278585679
 20
3.3259371416362935
 30
740.0
 10
264.8927721414321
 20
3.32593714163629
 30
740.0
 10
270.10536742416355
 20
5.836190727915611
 30
740.0
 10
273.71259528273146
 20
10.359511391471752
 30
740.0
 93
182
 90
3
 90
0
 90
3
 90
2
 90
3
 90
1
 90
16
 90
17
 90
4
 90
2
 90
3
 90
17
 90
16
 90
3
 90
0
 90
4
 90
3
 90
3
 90
1
 90
17
 90
18
 90
4
 90
3
 90
4
 90
18
 90
17
 90
3
 90
0
 90
5
 90
4
 90
3
 90
1
 90
18
 90
19
 90
4
 90
4
 90
5
 90
19
 90
18
 90
3
 90
0
 90
6
 90
5
 90
3
 90
1
 90
19
 90
20
 90
4
 90
5
 90
6
 90
20
 90
19
 90
3
 90
0
 90
7
 90
6
 90
3
 90
1
 90
20
 90
21
 90
4
 90
6
 90
7
 90
21
 90
20
 90
3
 90
0
 90
8
 90
7
 90
3
 90
1
 90
21
 90
22
 90
4
 90
7
 90
8
 90
22
 90
21
 90
3
 90
0
 90
9
 90
8
 90
3
 90
1
 90
22
 90
23
 90
4
 90
8
 90
9
 90
23
 90
22
 90
3
 90
0
 90
10
 90
9
 90
3
 90
1
 90
23
 90
24
 90
4
 90
9
 90
10
 90
24
 90
23
 90
3
 90
0
 90
11
 90
10
 90
3
 90
1
 90
24
 90
25
 90
4
 90
10
 90
11
 90
25
 90
24
 90
3
 90
0
 90
12
 90
11
 90
3
 90
1
 90
25
 90
26
 90
4
 90
11
 90
12
 90
26
 90
25
 90
3
 90
0
 90
13
 90
12
 90
3
 90
1
 90
26
 90
27
 90
4
 90
12
 90
13
 90
27
 90
26
 90
3
 90
0
 90
14
 90
13
 90
3
 90
1
 90
27
 90
28
 90
4
 90
13
 90
14
 90
28
 90
27
 90
3
 90
0
 90
15
 90
14
 90
3
 90
1
 90
28
 90
29
 90
4
 90
14
 90
15
 90
29
 90
28
 90
3
 90
0
 90
2
 90
15
 90
3
 90
1
 90
29
 90
16
 90
4
 90
15
 90
2
 90
16
 90
29
 94
0
 95
0
 90
0
  0
MESH
  5
10A
330
17
100
AcDbEntity
  8
SENSORS
100
AcDbSubDMesh
 71
2
 72
0
 91
0
 92
26
 10
268.0
 20
16.0
 30
720.0
 10
268.0
 20
16.0
 30
735.0
 10
279.0
 20
16.0
 30
720.0
 10
277.52627944162884
 20
21.5
 30
720.0
 10
273.5
 20
25.526279441628823
 30
720.0
 10
268.0
 20
27.0
 30
720.0
 10
262.5
 20
25.526279441628827
 30
720.0
 10
258.47372055837116
 20
21.5
 30
720.0
 10
257.0
 20
16.0
 30
720.0
 10
258.47372055837116
 20
10.500000000000004
 30
720.0
 10
262.5
 20
6.473720558371177
 30
720.0
 10
268.0
 20
5.0
 30
720.0
 10
273.5
 20
6.473720558371175
 30
720.0
 10
277.52627944162884
 20
10.499999999999995
 30
720.0
 10
279.0
 20
16.0
 30
735.0
 10
277.52627944162884
 20
21.5
 30
735.0
 10
273.5
 20
25.526279441628823
 30
735.0
 10
268.0
 20
27.0
 30
735.0
 10
262.5
 20
25.526279441628827
 30
735.0
 10
258.47372055837116
 20
21.5
 30
735.0
 10
257.0
 20
16.0
 30
735.0
 10
258.47372055837116
 20
10.500000000000004
 30
735.0
 10
262.5
 20
6.473720558371177
 30
735.0
 10
268.0
 20
5.0
 30
735.0
 10
273.5
 20
6.473720558371175
 30
735.0
 10
277.52627944162884
 20
10.499999999999995
 30
735.0
 93
156
 90
3
 90
0
 90
3
 90
2
 90
3
 90
1
 90
14
 90
15
 90
4
 90
2
 90
3
 90
15
 90
14
 90
3
 90
0
 90
4
 90
3
 90
3
 90
1
 90
15
 90
16
 90
4
 90
3
 90
4
 90
16
 90
15
 90
3
 90
0
 90
5
 90
4
 90
3
 90
1
 90
16
 90
17
 90
4
 90
4
 90
5
 90
17
 90
16
 90
3
 90
0
 90
6
 90
5
 90
3
 90
1
 90
17
 90
18
 90
4
 90
5
 90
6
 90
18
 90
17
 90
3
 90
0
 90
7
 90
6
 90
3
 90
1
 90
18
 90
19
 90
4
 90
6
 90
7
 90
19
 90
18
 90
3
 90
0
 90
8
 90
7
 90
3
 90
1
 90
19
 90
20
 90
4
 90
7
 90
8
 90
20
 90
19
 90
3
 90
0
 90
9
 90
8
 90
3
 90
1
 90
20
 90
21
 90
4
 90
8
 90
9
 90
21
 90
20
 90
3
 90
0
 90
10
 90
9
 90
3
 90
1
 90
21
 90
22
 90
4
 90
9
 90
10
 90
22
 90
21
 90
3
 90
0
 90
11
 90
10
 90
3
 90
1
 90
22
 90
23
 90
4
 90
10
 90
11
 90
23
 90
22
 90
3
 90
0
 90
12
 90
11
 90
3
 90
1
 90
23
 90
24
 90
4
 90
11
 90
12
 90
24
 90
23
 90
3
 90
0
 90
13
 90
12
 90
3
 90
1
 90
24
 90
25
 90
4
 90
12
 90
13
 90
25
 90
24
 90
3
 90
0
 90
2
 90
13
 90
3
 90
1
 90
25
 90
14
 90
4
 90
13
 90
2
 90
14
 90
25
 94
0
 95
0
 90
0
  0
MESH
  5
10B
330
17
100
AcDbEntity
  8
NAVIGATION
100
AcDbSubDMesh
 71
2
 72
0
 91
0
 92
26
 10
-260.0
 20
-140.0
 30
640.0
 10
-260.0
 20
-140.0
 30
850.0
 10
-251.0
 20
-140.0
 30
640.0
 10
-252.20577136594005
 20
-135.5
 30
640.0
 10
-255.5
 20
-132.20577136594005
 30
640.0
 10
-260.0
 20
-131.0
 30
640.0
 10
-264.5
 20
-132.20577136594005
 30
640.0
 10
-267.79422863405995
 20
-135.5
 30
640.0
 10
-269.0
 20
-140.0
 30
640.0
 10
-267.79422863405995
 20
-144.5
 30
640.0
 10
-264.5
 20
-147.79422863405995
 30
640.0
 10
-260.0
 20
-149.0
 30
640.0
 10
-255.5
 20
-147.79422863405995
 30
640.0
 10
-252.20577136594005
 20
-144.5
 30
640.0
 10
-251.0
 20
-140.0
 30
850.0
 10
-252.20577136594005
 20
-135.5
 30
850.0
 10
-255.5
 20
-132.20577136594005
 30
850.0
 10
-260.0
 20
-131.0
 30
850.0
 10
-264.5
 20
-132.20577136594005
 30
850.0
 10
-267.79422863405995
 20
-135.5
 30
850.0
 10
-269.0
 20
-140.0
 30
850.0
 10
-267.79422863405995
 20
-144.5
 30
850.0
 10
-264.5
 20
-147.79422863405995
 30
850.0
 10
-260.0
 20
-149.0
 30
850.0
 10
-255.5
 20
-147.79422863405995
 30
850.0
 10
-252.20577136594005
 20
-144.5
 30
850.0
 93
156
 90
3
 90
0
 90
3
 90
2
 90
3
 90
1
 90
14
 90
15
 90
4
 90
2
 90
3
 90
15
 90
14
 90
3
 90
0
 90
4
 90
3
 90
3
 90
1
 90
15
 90
16
 90
4
 90
3
 90
4
 90
16
 90
15
 90
3
 90
0
 90
5
 90
4
 90
3
 90
1
 90
16
 90
17
 90
4
 90
4
 90
5
 90
17
 90
16
 90
3
 90
0
 90
6
 90
5
 90
3
 90
1
 90
17
 90
18
 90
4
 90
5
 90
6
 90
18
 90
17
 90
3
 90
0
 90
7
 90
6
 90
3
 90
1
 90
18
 90
19
 90
4
 90
6
 90
7
 90
19
 90
18
 90
3
 90
0
 90
8
 90
7
 90
3
 90
1
 90
19
 90
20
 90
4
 90
7
 90
8
 90
20
 90
19
 90
3
 90
0
 90
9
 90
8
 90
3
 90
1
 90
20
 90
21
 90
4
 90
8
 90
9
 90
21
 90
20
 90
3
 90
0
 90
10
 90
9
 90
3
 90
1
 90
21
 90
22
 90
4
 90
9
 90
10
 90
22
 90
21
 90
3
 90
0
 90
11
 90
10
 90
3
 90
1
 90
22
 90
23
 90
4
 90
10
 90
11
 90
23
 90
22
 90
3
 90
0
 90
12
 90
11
 90
3
 90
1
 90
23
 90
24
 90
4
 90
11
 90
12
 90
24
 90
23
 90
3
 90
0
 90
13
 90
12
 90
3
 90
1
 90
24
 90
25
 90
4
 90
12
 90
13
 90
25
 90
24
 90
3
 90
0
 90
2
 90
13
 90
3
 90
1
 90
25
 90
14
 90
4
 90
13
 90
2
 90
14
 90
25
 94
0
 95
0
 90
0
  0
MESH
  5
10C
330
17
100
AcDbEntity
  8
NAVIGATION
100
AcDbSubDMesh
 71
2
 72
0
 91
0
 92
42
 10
-260.0
 20
-140.0
 30
850.0
 10
-260.0
 20
-140.0
 30
880.0
 10
-218.0
 20
-140.0
 30
850.0
 10
-220.05562631560355
 20
-127.02128623625221
 30
850.0
 10
-226.0212862362522
 20
-115.31301940371613
 30
850.0
 10
-235.31301940371614
 20
-106.02128623625221
 30
850.0
 10
-247.0212862362522
 20
-100.05562631560355
 30
850.0
 10
-260.0
 20
-98.0
 30
850.0
 10
-272.9787137637478
 20
-100.05562631560355
 30
850.0
 10
-284.6869805962839
 20
-106.02128623625221
 30
850.0
 10
-293.9787137637478
 20
-115.31301940371613
 30
850.0
 10
-299.94437368439645
 20
-127.02128623625221
 30
850.0
 10
-302.0
 20
-140.0
 30
850.0
 10
-299.94437368439645
 20
-152.97871376374778
 30
850.0
 10
-293.9787137637478
 20
-164.68698059628386
 30
850.0
 10
-284.6869805962839
 20
-173.9787137637478
 30
850.0
 10
-272.9787137637478
 20
-179.94437368439645
 30
850.0
 10
-260.0
 20
-182.0
 30
850.0
 10
-247.02128623625222
 20
-179.94437368439645
 30
850.0
 10
-235.31301940371614
 20
-173.9787137637478
 30
850.0
 10
-226.0212862362522
 20
-164.6869805962839
 30
850.0
 10
-220.05562631560355
 20
-152.9787137637478
 30
850.0
 10
-218.0
 20
-140.0
 30
880.0
 10
-220.05562631560355
 20
-127.02128623625221
 30
880.0
 10
-226.0212862362522
 20
-115.31301940371613
 30
880.0
 10
-235.31301940371614
 20
-106.02128623625221
 30
880.0
 10
-247.0212862362522
 20
-100.05562631560355
 30
880.0
 10
-260.0
 20
-98.0
 30
880.0
 10
-272.9787137637478
 20
-100.05562631560355
 30
880.0
 10
-284.6869805962839
 20
-106.02128623625221
 30
880.0
 10
-293.9787137637478
 20
-115.31301940371613
 30
880.0
 10
-299.94437368439645
 20
-127.02128623625221
 30
880.0
 10
-302.0
 20
-140.0
 30
880.0
 10
-299.94437368439645
 20
-152.97871376374778
 30
880.0
 10
-293.9787137637478
 20
-164.68698059628386
 30
880.0
 10
-284.6869805962839
 20
-173.9787137637478
 30
880.0
 10
-272.9787137637478
 20
-179.94437368439645
 30
880.0
 10
-260.0
 20
-182.0
 30
880.0
 10
-247.02128623625222
 20
-179.94437368439645
 30
880.0
 10
-235.31301940371614
 20
-173.9787137637478
 30
880.0
 10
-226.0212862362522
 20
-164.6869805962839
 30
880.0
 10
-220.05562631560355
 20
-152.9787137637478
 30
880.0
 93
260
 90
3
 90
0
 90
3
 90
2
 90
3
 90
1
 90
22
 90
23
 90
4
 90
2
 90
3
 90
23
 90
22
 90
3
 90
0
 90
4
 90
3
 90
3
 90
1
 90
23
 90
24
 90
4
 90
3
 90
4
 90
24
 90
23
 90
3
 90
0
 90
5
 90
4
 90
3
 90
1
 90
24
 90
25
 90
4
 90
4
 90
5
 90
25
 90
24
 90
3
 90
0
 90
6
 90
5
 90
3
 90
1
 90
25
 90
26
 90
4
 90
5
 90
6
 90
26
 90
25
 90
3
 90
0
 90
7
 90
6
 90
3
 90
1
 90
26
 90
27
 90
4
 90
6
 90
7
 90
27
 90
26
 90
3
 90
0
 90
8
 90
7
 90
3
 90
1
 90
27
 90
28
 90
4
 90
7
 90
8
 90
28
 90
27
 90
3
 90
0
 90
9
 90
8
 90
3
 90
1
 90
28
 90
29
 90
4
 90
8
 90
9
 90
29
 90
28
 90
3
 90
0
 90
10
 90
9
 90
3
 90
1
 90
29
 90
30
 90
4
 90
9
 90
10
 90
30
 90
29
 90
3
 90
0
 90
11
 90
10
 90
3
 90
1
 90
30
 90
31
 90
4
 90
10
 90
11
 90
31
 90
30
 90
3
 90
0
 90
12
 90
11
 90
3
 90
1
 90
31
 90
32
 90
4
 90
11
 90
12
 90
32
 90
31
 90
3
 90
0
 90
13
 90
12
 90
3
 90
1
 90
32
 90
33
 90
4
 90
12
 90
13
 90
33
 90
32
 90
3
 90
0
 90
14
 90
13
 90
3
 90
1
 90
33
 90
34
 90
4
 90
13
 90
14
 90
34
 90
33
 90
3
 90
0
 90
15
 90
14
 90
3
 90
1
 90
34
 90
35
 90
4
 90
14
 90
15
 90
35
 90
34
 90
3
 90
0
 90
16
 90
15
 90
3
 90
1
 90
35
 90
36
 90
4
 90
15
 90
16
 90
36
 90
35
 90
3
 90
0
 90
17
 90
16
 90
3
 90
1
 90
36
 90
37
 90
4
 90
16
 90
17
 90
37
 90
36
 90
3
 90
0
 90
18
 90
17
 90
3
 90
1
 90
37
 90
38
 90
4
 90
17
 90
18
 90
38
 90
37
 90
3
 90
0
 90
19
 90
18
 90
3
 90
1
 90
38
 90
39
 90
4
 90
18
 90
19
 90
39
 90
38
 90
3
 90
0
 90
20
 90
19
 90
3
 90
1
 90
39
 90
40
 90
4
 90
19
 90
20
 90
40
 90
39
 90
3
 90
0
 90
21
 90
20
 90
3
 90
1
 90
40
 90
41
 90
4
 90
20
 90
21
 90
41
 90
40
 90
3
 90
0
 90
2
 90
21
 90
3
 90
1
 90
41
 90
22
 90
4
 90
21
 90
2
 90
22
 90
41
 94
0
 95
0
 90
0
  0
MESH
  5
10D
330
17
100
AcDbEntity
  8
DRONE_DOCK
100
AcDbSubDMesh
 71
2
 72
0
 91
0
 92
8
 10
-300.0
 20
-180.0
 30
665.0
 10
20.0
 20
-180.0
 30
665.0
 10
20.0
 20
180.0
 30
665.0
 10
-300.0
 20
180.0
 30
665.0
 10
-300.0
 20
-180.0
 30
675.0
 10
20.0
 20
-180.0
 30
675.0
 10
20.0
 20
180.0
 30
675.0
 10
-300.0
 20
180.0
 30
675.0
 93
30
 90
4
 90
0
 90
3
 90
2
 90
1
 90
4
 90
4
 90
5
 90
6
 90
7
 90
4
 90
0
 90
1
 90
5
 90
4
 90
4
 90
1
 90
2
 90
6
 90
5
 90
4
 90
2
 90
3
 90
7
 90
6
 90
4
 90
3
 90
0
 90
4
 90
7
 94
0
 95
0
 90
0
  0
MESH
  5
10E
330
17
100
AcDbEntity
  8
DRONE_DOCK
100
AcDbSubDMesh
 71
2
 72
0
 91
0
 92
50
 10
-140.0
 20
0.0
 30
675.0
 10
-140.0
 20
0.0
 30
678.0
 10
-25.0
 20
0.0
 30
675.0
 10
-28.918529976757142
 20
29.764190186789886
 30
675.0
 10
-40.40707856478954
 20
57.49999999999999
 30
675.0
 10
-58.68272016354703
 20
81.31727983645297
 30
675.0
 10
-82.49999999999999
 20
99.59292143521044
 30
675.0
 10
-110.23580981321011
 20
111.08147002324286
 30
675.0
 10
-140.0
 20
115.0
 30
675.0
 10
-169.76419018678988
 20
111.08147002324286
 30
675.0
 10
-197.49999999999997
 20
99.59292143521046
 30
675.0
 10
-221.31727983645294
 20
81.31727983645297
 30
675.0
 10
-239.59292143521046
 20
57.49999999999999
 30
675.0
 10
-251.08147002324284
 20
29.764190186789918
 30
675.0
 10
-255.0
 20
1.4083438190194563e-14
 30
675.0
 10
-251.08147002324284
 20
-29.764190186789893
 30
675.0
 10
-239.59292143521049
 20
-57.49999999999997
 30
675.0
 10
-221.317279836453
 20
-81.31727983645293
 30
675.0
 10
-197.50000000000006
 20
-99.59292143521043
 30
675.0
 10
-169.76419018678988
 20
-111.08147002324286
 30
675.0
 10
-140.00000000000003
 20
-115.0
 30
675.0
 10
-110.23580981321017
 20
-111.08147002324287
 30
675.0
 10
-82.49999999999999
 20
-99.59292143521044
 30
675.0
 10
-58.68272016354706
 20
-81.31727983645298
 30
675.0
 10
-40.407078564789586
 20
-57.50000000000005
 30
675.0
 10
-28.91852997675717
 20
-29.764190186789982
 30
675.0
 10
-25.0
 20
0.0
 30
678.0
 10
-28.918529976757142
 20
29.764190186789886
 30
678.0
 10
-40.40707856478954
 20
57.49999999999999
 30
678.0
 10
-58.68272016354703
 20
81.31727983645297
 30
678.0
 10
-82.49999999999999
 20
99.59292143521044
 30
678.0
 10
-110.23580981321011
 20
111.08147002324286
 30
678.0
 10
-140.0
 20
115.0
 30
678.0
 10
-169.76419018678988
 20
111.08147002324286
 30
678.0
 10
-197.49999999999997
 20
99.59292143521046
 30
678.0
 10
-221.31727983645294
 20
81.31727983645297
 30
678.0
 10
-239.59292143521046
 20
57.49999999999999
 30
678.0
 10
-251.08147002324284
 20
29.764190186789918
 30
678.0
 10
-255.0
 20
1.4083438190194563e-14
 30
678.0
 10
-251.08147002324284
 20
-29.764190186789893
 30
678.0
 10
-239.59292143521049
 20
-57.49999999999997
 30
678.0
 10
-221.317279836453
 20
-81.31727983645293
 30
678.0
 10
-197.50000000000006
 20
-99.59292143521043
 30
678.0
 10
-169.76419018678988
 20
-111.08147002324286
 30
678.0
 10
-140.00000000000003
 20
-115.0
 30
678.0
 10
-110.23580981321017
 20
-111.08147002324287
 30
678.0
 10
-82.49999999999999
 20
-99.59292143521044
 30
678.0
 10
-58.68272016354706
 20
-81.31727983645298
 30
678.0
 10
-40.407078564789586
 20
-57.50000000000005
 30
678.0
 10
-28.91852997675717
 20
-29.764190186789982
 30
678.0
 93
312
 90
3
 90
0
 90
3
 90
2
 90
3
 90
1
 90
26
 90
27
 90
4
 90
2
 90
3
 90
27
 90
26
 90
3
 90
0
 90
4
 90
3
 90
3
 90
1
 90
27
 90
28
 90
4
 90
3
 90
4
 90
28
 90
27
 90
3
 90
0
 90
5
 90
4
 90
3
 90
1
 90
28
 90
29
 90
4
 90
4
 90
5
 90
29
 90
28
 90
3
 90
0
 90
6
 90
5
 90
3
 90
1
 90
29
 90
30
 90
4
 90
5
 90
6
 90
30
 90
29
 90
3
 90
0
 90
7
 90
6
 90
3
 90
1
 90
30
 90
31
 90
4
 90
6
 90
7
 90
31
 90
30
 90
3
 90
0
 90
8
 90
7
 90
3
 90
1
 90
31
 90
32
 90
4
 90
7
 90
8
 90
32
 90
31
 90
3
 90
0
 90
9
 90
8
 90
3
 90
1
 90
32
 90
33
 90
4
 90
8
 90
9
 90
33
 90
32
 90
3
 90
0
 90
10
 90
9
 90
3
 90
1
 90
33
 90
34
 90
4
 90
9
 90
10
 90
34
 90
33
 90
3
 90
0
 90
11
 90
10
 90
3
 90
1
 90
34
 90
35
 90
4
 90
10
 90
11
 90
35
 90
34
 90
3
 90
0
 90
12
 90
11
 90
3
 90
1
 90
35
 90
36
 90
4
 90
11
 90
12
 90
36
 90
35
 90
3
 90
0
 90
13
 90
12
 90
3
 90
1
 90
36
 90
37
 90
4
 90
12
 90
13
 90
37
 90
36
 90
3
 90
0
 90
14
 90
13
 90
3
 90
1
 90
37
 90
38
 90
4
 90
13
 90
14
 90
38
 90
37
 90
3
 90
0
 90
15
 90
14
 90
3
 90
1
 90
38
 90
39
 90
4
 90
14
 90
15
 90
39
 90
38
 90
3
 90
0
 90
16
 90
15
 90
3
 90
1
 90
39
 90
40
 90
4
 90
15
 90
16
 90
40
 90
39
 90
3
 90
0
 90
17
 90
16
 90
3
 90
1
 90
40
 90
41
 90
4
 90
16
 90
17
 90
41
 90
40
 90
3
 90
0
 90
18
 90
17
 90
3
 90
1
 90
41
 90
42
 90
4
 90
17
 90
18
 90
42
 90
41
 90
3
 90
0
 90
19
 90
18
 90
3
 90
1
 90
42
 90
43
 90
4
 90
18
 90
19
 90
43
 90
42
 90
3
 90
0
 90
20
 90
19
 90
3
 90
1
 90
43
 90
44
 90
4
 90
19
 90
20
 90
44
 90
43
 90
3
 90
0
 90
21
 90
20
 90
3
 90
1
 90
44
 90
45
 90
4
 90
20
 90
21
 90
45
 90
44
 90
3
 90
0
 90
22
 90
21
 90
3
 90
1
 90
45
 90
46
 90
4
 90
21
 90
22
 90
46
 90
45
 90
3
 90
0
 90
23
 90
22
 90
3
 90
1
 90
46
 90
47
 90
4
 90
22
 90
23
 90
47
 90
46
 90
3
 90
0
 90
24
 90
23
 90
3
 90
1
 90
47
 90
48
 90
4
 90
23
 90
24
 90
48
 90
47
 90
3
 90
0
 90
25
 90
24
 90
3
 90
1
 90
48
 90
49
 90
4
 90
24
 90
25
 90
49
 90
48
 90
3
 90
0
 90
2
 90
25
 90
3
 90
1
 90
49
 90
26
 90
4
 90
25
 90
2
 90
26
 90
49
 94
0
 95
0
 90
0
  0
MESH
  5
10F
330
17
100
AcDbEntity
  8
NOTES
100
AcDbSubDMesh
 71
2
 72
0
 91
0
 92
8
 10
-180.0
 20
-45.0
 30
678.0
 10
-165.0
 20
-45.0
 30
678.0
 10
-165.0
 20
45.0
 30
678.0
 10
-180.0
 20
45.0
 30
678.0
 10
-180.0
 20
-45.0
 30
680.0
 10
-165.0
 20
-45.0
 30
680.0
 10
-165.0
 20
45.0
 30
680.0
 10
-180.0
 20
45.0
 30
680.0
 93
30
 90
4
 90
0
 90
3
 90
2
 90
1
 90
4
 90
4
 90
5
 90
6
 90
7
 90
4
 90
0
 90
1
 90
5
 90
4
 90
4
 90
1
 90
2
 90
6
 90
5
 90
4
 90
2
 90
3
 90
7
 90
6
 90
4
 90
3
 90
0
 90
4
 90
7
 94
0
 95
0
 90
0
  0
MESH
  5
110
330
17
100
AcDbEntity
  8
NOTES
100
AcDbSubDMesh
 71
2
 72
0
 91
0
 92
8
 10
-115.0
 20
-45.0
 30
678.0
 10
-100.0
 20
-45.0
 30
678.0
 10
-100.0
 20
45.0
 30
678.0
 10
-115.0
 20
45.0
 30
678.0
 10
-115.0
 20
-45.0
 30
680.0
 10
-100.0
 20
-45.0
 30
680.0
 10
-100.0
 20
45.0
 30
680.0
 10
-115.0
 20
45.0
 30
680.0
 93
30
 90
4
 90
0
 90
3
 90
2
 90
1
 90
4
 90
4
 90
5
 90
6
 90
7
 90
4
 90
0
 90
1
 90
5
 90
4
 90
4
 90
1
 90
2
 90
6
 90
5
 90
4
 90
2
 90
3
 90
7
 90
6
 90
4
 90
3
 90
0
 90
4
 90
7
 94
0
 95
0
 90
0
  0
MESH
  5
111
330
17
100
AcDbEntity
  8
NOTES
100
AcDbSubDMesh
 71
2
 72
0
 91
0
 92
8
 10
-165.0
 20
-8.0
 30
678.0
 10
-115.0
 20
-8.0
 30
678.0
 10
-115.0
 20
8.0
 30
678.0
 10
-165.0
 20
8.0
 30
678.0
 10
-165.0
 20
-8.0
 30
680.0
 10
-115.0
 20
-8.0
 30
680.0
 10
-115.0
 20
8.0
 30
680.0
 10
-165.0
 20
8.0
 30
680.0
 93
30
 90
4
 90
0
 90
3
 90
2
 90
1
 90
4
 90
4
 90
5
 90
6
 90
7
 90
4
 90
0
 90
1
 90
5
 90
4
 90
4
 90
1
 90
2
 90
6
 90
5
 90
4
 90
2
 90
3
 90
7
 90
6
 90
4
 90
3
 90
0
 90
4
 90
7
 94
0
 95
0
 90
0
  0
MESH
  5
112
330
17
100
AcDbEntity
  8
DRONE
100
AcDbSubDMesh
 71
2
 72
0
 91
0
 92
8
 10
-185.0
 20
-42.0
 30
712.0
 10
-95.0
 20
-42.0
 30
712.0
 10
-95.0
 20
42.0
 30
712.0
 10
-185.0
 20
42.0
 30
712.0
 10
-185.0
 20
-42.0
 30
742.0
 10
-95.0
 20
-42.0
 30
742.0
 10
-95.0
 20
42.0
 30
742.0
 10
-185.0
 20
42.0
 30
742.0
 93
30
 90
4
 90
0
 90
3
 90
2
 90
1
 90
4
 90
4
 90
5
 90
6
 90
7
 90
4
 90
0
 90
1
 90
5
 90
4
 90
4
 90
1
 90
2
 90
6
 90
5
 90
4
 90
2
 90
3
 90
7
 90
6
 90
4
 90
3
 90
0
 90
4
 90
7
 94
0
 95
0
 90
0
  0
MESH
  5
113
330
17
100
AcDbEntity
  8
DRONE
100
AcDbSubDMesh
 71
2
 72
0
 91
0
 92
8
 10
-190.0
 20
-60.0
 30
680.0
 10
-90.0
 20
-60.0
 30
680.0
 10
-90.0
 20
-50.0
 30
680.0
 10
-190.0
 20
-50.0
 30
680.0
 10
-190.0
 20
-60.0
 30
714.0
 10
-90.0
 20
-60.0
 30
714.0
 10
-90.0
 20
-50.0
 30
714.0
 10
-190.0
 20
-50.0
 30
714.0
 93
30
 90
4
 90
0
 90
3
 90
2
 90
1
 90
4
 90
4
 90
5
 90
6
 90
7
 90
4
 90
0
 90
1
 90
5
 90
4
 90
4
 90
1
 90
2
 90
6
 90
5
 90
4
 90
2
 90
3
 90
7
 90
6
 90
4
 90
3
 90
0
 90
4
 90
7
 94
0
 95
0
 90
0
  0
MESH
  5
114
330
17
100
AcDbEntity
  8
DRONE
100
AcDbSubDMesh
 71
2
 72
0
 91
0
 92
8
 10
-205.0
 20
-63.0
 30
680.0
 10
-75.0
 20
-63.0
 30
680.0
 10
-75.0
 20
-47.0
 30
680.0
 10
-205.0
 20
-47.0
 30
680.0
 10
-205.0
 20
-63.0
 30
686.0
 10
-75.0
 20
-63.0
 30
686.0
 10
-75.0
 20
-47.0
 30
686.0
 10
-205.0
 20
-47.0
 30
686.0
 93
30
 90
4
 90
0
 90
3
 90
2
 90
1
 90
4
 90
4
 90
5
 90
6
 90
7
 90
4
 90
0
 90
1
 90
5
 90
4
 90
4
 90
1
 90
2
 90
6
 90
5
 90
4
 90
2
 90
3
 90
7
 90
6
 90
4
 90
3
 90
0
 90
4
 90
7
 94
0
 95
0
 90
0
  0
MESH
  5
115
330
17
100
AcDbEntity
  8
DRONE
100
AcDbSubDMesh
 71
2
 72
0
 91
0
 92
8
 10
-190.0
 20
50.0
 30
680.0
 10
-90.0
 20
50.0
 30
680.0
 10
-90.0
 20
60.0
 30
680.0
 10
-190.0
 20
60.0
 30
680.0
 10
-190.0
 20
50.0
 30
714.0
 10
-90.0
 20
50.0
 30
714.0
 10
-90.0
 20
60.0
 30
714.0
 10
-190.0
 20
60.0
 30
714.0
 93
30
 90
4
 90
0
 90
3
 90
2
 90
1
 90
4
 90
4
 90
5
 90
6
 90
7
 90
4
 90
0
 90
1
 90
5
 90
4
 90
4
 90
1
 90
2
 90
6
 90
5
 90
4
 90
2
 90
3
 90
7
 90
6
 90
4
 90
3
 90
0
 90
4
 90
7
 94
0
 95
0
 90
0
  0
MESH
  5
116
330
17
100
AcDbEntity
  8
DRONE
100
AcDbSubDMesh
 71
2
 72
0
 91
0
 92
8
 10
-205.0
 20
47.0
 30
680.0
 10
-75.0
 20
47.0
 30
680.0
 10
-75.0
 20
63.0
 30
680.0
 10
-205.0
 20
63.0
 30
680.0
 10
-205.0
 20
47.0
 30
686.0
 10
-75.0
 20
47.0
 30
686.0
 10
-75.0
 20
63.0
 30
686.0
 10
-205.0
 20
63.0
 30
686.0
 93
30
 90
4
 90
0
 90
3
 90
2
 90
1
 90
4
 90
4
 90
5
 90
6
 90
7
 90
4
 90
0
 90
1
 90
5
 90
4
 90
4
 90
1
 90
2
 90
6
 90
5
 90
4
 90
2
 90
3
 90
7
 90
6
 90
4
 90
3
 90
0
 90
4
 90
7
 94
0
 95
0
 90
0
  0
MESH
  5
117
330
17
100
AcDbEntity
  8
DRONE
100
AcDbSubDMesh
 71
2
 72
0
 91
0
 92
8
 10
-140.0
 20
0.0
 30
722.0
 10
-70.0
 20
0.0
 30
722.0
 10
-70.0
 20
70.0
 30
722.0
 10
-140.0
 20
70.0
 30
722.0
 10
-140.0
 20
0.0
 30
729.0
 10
-70.0
 20
0.0
 30
729.0
 10
-70.0
 20
70.0
 30
729.0
 10
-140.0
 20
70.0
 30
729.0
 93
30
 90
4
 90
0
 90
3
 90
2
 90
1
 90
4
 90
4
 90
5
 90
6
 90
7
 90
4
 90
0
 90
1
 90
5
 90
4
 90
4
 90
1
 90
2
 90
6
 90
5
 90
4
 90
2
 90
3
 90
7
 90
6
 90
4
 90
3
 90
0
 90
4
 90
7
 94
0
 95
0
 90
0
  0
MESH
  5
118
330
17
100
AcDbEntity
  8
DRONE
100
AcDbSubDMesh
 71
2
 72
0
 91
0
 92
30
 10
-70.0
 20
70.0
 30
726.0
 10
-70.0
 20
70.0
 30
748.0
 10
-57.0
 20
70.0
 30
726.0
 10
-58.28740471726855
 20
75.64048860852826
 30
726.0
 10
-61.89463257583646
 20
80.16380927208439
 30
726.0
 10
-67.10722785856791
 20
82.67406285836371
 30
726.0
 10
-72.89277214143209
 20
82.67406285836371
 30
726.0
 10
-78.10536742416353
 20
80.16380927208439
 30
726.0
 10
-81.71259528273144
 20
75.64048860852826
 30
726.0
 10
-83.0
 20
70.0
 30
726.0
 10
-81.71259528273146
 20
64.35951139147174
 30
726.0
 10
-78.10536742416353
 20
59.836190727915614
 30
726.0
 10
-72.89277214143209
 20
57.325937141636295
 30
726.0
 10
-67.10722785856792
 20
57.32593714163629
 30
726.0
 10
-61.89463257583647
 20
59.83619072791561
 30
726.0
 10
-58.28740471726855
 20
64.35951139147176
 30
726.0
 10
-57.0
 20
70.0
 30
748.0
 10
-58.28740471726855
 20
75.64048860852826
 30
748.0
 10
-61.89463257583646
 20
80.16380927208439
 30
748.0
 10
-67.10722785856791
 20
82.67406285836371
 30
748.0
 10
-72.89277214143209
 20
82.67406285836371
 30
748.0
 10
-78.10536742416353
 20
80.16380927208439
 30
748.0
 10
-81.71259528273144
 20
75.64048860852826
 30
748.0
 10
-83.0
 20
70.0
 30
748.0
 10
-81.71259528273146
 20
64.35951139147174
 30
748.0
 10
-78.10536742416353
 20
59.836190727915614
 30
748.0
 10
-72.89277214143209
 20
57.325937141636295
 30
748.0
 10
-67.10722785856792
 20
57.32593714163629
 30
748.0
 10
-61.89463257583647
 20
59.83619072791561
 30
748.0
 10
-58.28740471726855
 20
64.35951139147176
 30
748.0
 93
182
 90
3
 90
0
 90
3
 90
2
 90
3
 90
1
 90
16
 90
17
 90
4
 90
2
 90
3
 90
17
 90
16
 90
3
 90
0
 90
4
 90
3
 90
3
 90
1
 90
17
 90
18
 90
4
 90
3
 90
4
 90
18
 90
17
 90
3
 90
0
 90
5
 90
4
 90
3
 90
1
 90
18
 90
19
 90
4
 90
4
 90
5
 90
19
 90
18
 90
3
 90
0
 90
6
 90
5
 90
3
 90
1
 90
19
 90
20
 90
4
 90
5
 90
6
 90
20
 90
19
 90
3
 90
0
 90
7
 90
6
 90
3
 90
1
 90
20
 90
21
 90
4
 90
6
 90
7
 90
21
 90
20
 90
3
 90
0
 90
8
 90
7
 90
3
 90
1
 90
21
 90
22
 90
4
 90
7
 90
8
 90
22
 90
21
 90
3
 90
0
 90
9
 90
8
 90
3
 90
1
 90
22
 90
23
 90
4
 90
8
 90
9
 90
23
 90
22
 90
3
 90
0
 90
10
 90
9
 90
3
 90
1
 90
23
 90
24
 90
4
 90
9
 90
10
 90
24
 90
23
 90
3
 90
0
 90
11
 90
10
 90
3
 90
1
 90
24
 90
25
 90
4
 90
10
 90
11
 90
25
 90
24
 90
3
 90
0
 90
12
 90
11
 90
3
 90
1
 90
25
 90
26
 90
4
 90
11
 90
12
 90
26
 90
25
 90
3
 90
0
 90
13
 90
12
 90
3
 90
1
 90
26
 90
27
 90
4
 90
12
 90
13
 90
27
 90
26
 90
3
 90
0
 90
14
 90
13
 90
3
 90
1
 90
27
 90
28
 90
4
 90
13
 90
14
 90
28
 90
27
 90
3
 90
0
 90
15
 90
14
 90
3
 90
1
 90
28
 90
29
 90
4
 90
14
 90
15
 90
29
 90
28
 90
3
 90
0
 90
2
 90
15
 90
3
 90
1
 90
29
 90
16
 90
4
 90
15
 90
2
 90
16
 90
29
 94
0
 95
0
 90
0
  0
MESH
  5
119
330
17
100
AcDbEntity
  8
DRONE
100
AcDbSubDMesh
 71
2
 72
0
 91
0
 92
38
 10
-70.0
 20
70.0
 30
748.0
 10
-70.0
 20
70.0
 30
751.0
 10
-5.0
 20
70.0
 30
748.0
 10
-8.919979648915955
 20
92.23130931616846
 30
748.0
 10
-20.20711119726643
 20
111.78119462962505
 30
748.0
 10
-37.49999999999999
 20
126.2916512459885
 30
748.0
 10
-58.71286845164953
 20
134.01250394579353
 30
748.0
 10
-81.28713154835047
 20
134.01250394579353
 30
748.0
 10
-102.49999999999999
 20
126.29165124598852
 30
748.0
 10
-119.79288880273356
 20
111.78119462962506
 30
748.0
 10
-131.08002035108404
 20
92.23130931616848
 30
748.0
 10
-135.0
 20
70.00000000000001
 30
748.0
 10
-131.08002035108404
 20
47.76869068383154
 30
748.0
 10
-119.79288880273359
 20
28.218805370374973
 30
748.0
 10
-102.50000000000003
 20
13.708348754011496
 30
748.0
 10
-81.28713154835047
 20
5.987496054206474
 30
748.0
 10
-58.712868451649555
 20
5.987496054206474
 30
748.0
 10
-37.50000000000004
 20
13.70834875401146
 30
748.0
 10
-20.207111197266443
 20
28.21880537037493
 30
748.0
 10
-8.919979648915955
 20
47.76869068383154
 30
748.0
 10
-5.0
 20
70.0
 30
751.0
 10
-8.919979648915955
 20
92.23130931616846
 30
751.0
 10
-20.20711119726643
 20
111.78119462962505
 30
751.0
 10
-37.49999999999999
 20
126.2916512459885
 30
751.0
 10
-58.71286845164953
 20
134.01250394579353
 30
751.0
 10
-81.28713154835047
 20
134.01250394579353
 30
751.0
 10
-102.49999999999999
 20
126.29165124598852
 30
751.0
 10
-119.79288880273356
 20
111.78119462962506
 30
751.0
 10
-131.08002035108404
 20
92.23130931616848
 30
751.0
 10
-135.0
 20
70.00000000000001
 30
751.0
 10
-131.08002035108404
 20
47.76869068383154
 30
751.0
 10
-119.79288880273359
 20
28.218805370374973
 30
751.0
 10
-102.50000000000003
 20
13.708348754011496
 30
751.0
 10
-81.28713154835047
 20
5.987496054206474
 30
751.0
 10
-58.712868451649555
 20
5.987496054206474
 30
751.0
 10
-37.50000000000004
 20
13.70834875401146
 30
751.0
 10
-20.207111197266443
 20
28.21880537037493
 30
751.0
 10
-8.919979648915955
 20
47.76869068383154
 30
751.0
 93
234
 90
3
 90
0
 90
3
 90
2
 90
3
 90
1
 90
20
 90
21
 90
4
 90
2
 90
3
 90
21
 90
20
 90
3
 90
0
 90
4
 90
3
 90
3
 90
1
 90
21
 90
22
 90
4
 90
3
 90
4
 90
22
 90
21
 90
3
 90
0
 90
5
 90
4
 90
3
 90
1
 90
22
 90
23
 90
4
 90
4
 90
5
 90
23
 90
22
 90
3
 90
0
 90
6
 90
5
 90
3
 90
1
 90
23
 90
24
 90
4
 90
5
 90
6
 90
24
 90
23
 90
3
 90
0
 90
7
 90
6
 90
3
 90
1
 90
24
 90
25
 90
4
 90
6
 90
7
 90
25
 90
24
 90
3
 90
0
 90
8
 90
7
 90
3
 90
1
 90
25
 90
26
 90
4
 90
7
 90
8
 90
26
 90
25
 90
3
 90
0
 90
9
 90
8
 90
3
 90
1
 90
26
 90
27
 90
4
 90
8
 90
9
 90
27
 90
26
 90
3
 90
0
 90
10
 90
9
 90
3
 90
1
 90
27
 90
28
 90
4
 90
9
 90
10
 90
28
 90
27
 90
3
 90
0
 90
11
 90
10
 90
3
 90
1
 90
28
 90
29
 90
4
 90
10
 90
11
 90
29
 90
28
 90
3
 90
0
 90
12
 90
11
 90
3
 90
1
 90
29
 90
30
 90
4
 90
11
 90
12
 90
30
 90
29
 90
3
 90
0
 90
13
 90
12
 90
3
 90
1
 90
30
 90
31
 90
4
 90
12
 90
13
 90
31
 90
30
 90
3
 90
0
 90
14
 90
13
 90
3
 90
1
 90
31
 90
32
 90
4
 90
13
 90
14
 90
32
 90
31
 90
3
 90
0
 90
15
 90
14
 90
3
 90
1
 90
32
 90
33
 90
4
 90
14
 90
15
 90
33
 90
32
 90
3
 90
0
 90
16
 90
15
 90
3
 90
1
 90
33
 90
34
 90
4
 90
15
 90
16
 90
34
 90
33
 90
3
 90
0
 90
17
 90
16
 90
3
 90
1
 90
34
 90
35
 90
4
 90
16
 90
17
 90
35
 90
34
 90
3
 90
0
 90
18
 90
17
 90
3
 90
1
 90
35
 90
36
 90
4
 90
17
 90
18
 90
36
 90
35
 90
3
 90
0
 90
19
 90
18
 90
3
 90
1
 90
36
 90
37
 90
4
 90
18
 90
19
 90
37
 90
36
 90
3
 90
0
 90
2
 90
19
 90
3
 90
1
 90
37
 90
20
 90
4
 90
19
 90
2
 90
20
 90
37
 94
0
 95
0
 90
0
  0
MESH
  5
11A
330
17
100
AcDbEntity
  8
DRONE
100
AcDbSubDMesh
 71
2
 72
0
 91
0
 92
8
 10
-140.0
 20
-70.0
 30
722.0
 10
-70.0
 20
-70.0
 30
722.0
 10
-70.0
 20
0.0
 30
722.0
 10
-140.0
 20
0.0
 30
722.0
 10
-140.0
 20
-70.0
 30
729.0
 10
-70.0
 20
-70.0
 30
729.0
 10
-70.0
 20
0.0
 30
729.0
 10
-140.0
 20
0.0
 30
729.0
 93
30
 90
4
 90
0
 90
3
 90
2
 90
1
 90
4
 90
4
 90
5
 90
6
 90
7
 90
4
 90
0
 90
1
 90
5
 90
4
 90
4
 90
1
 90
2
 90
6
 90
5
 90
4
 90
2
 90
3
 90
7
 90
6
 90
4
 90
3
 90
0
 90
4
 90
7
 94
0
 95
0
 90
0
  0
MESH
  5
11B
330
17
100
AcDbEntity
  8
DRONE
100
AcDbSubDMesh
 71
2
 72
0
 91
0
 92
30
 10
-70.0
 20
-70.0
 30
726.0
 10
-70.0
 20
-70.0
 30
748.0
 10
-57.0
 20
-70.0
 30
726.0
 10
-58.28740471726855
 20
-64.35951139147174
 30
726.0
 10
-61.89463257583646
 20
-59.836190727915614
 30
726.0
 10
-67.10722785856791
 20
-57.325937141636295
 30
726.0
 10
-72.89277214143209
 20
-57.325937141636295
 30
726.0
 10
-78.10536742416353
 20
-59.83619072791561
 30
726.0
 10
-81.71259528273144
 20
-64.35951139147174
 30
726.0
 10
-83.0
 20
-70.0
 30
726.0
 10
-81.71259528273146
 20
-75.64048860852826
 30
726.0
 10
-78.10536742416353
 20
-80.16380927208439
 30
726.0
 10
-72.89277214143209
 20
-82.67406285836371
 30
726.0
 10
-67.10722785856792
 20
-82.67406285836371
 30
726.0
 10
-61.89463257583647
 20
-80.16380927208439
 30
726.0
 10
-58.28740471726855
 20
-75.64048860852824
 30
726.0
 10
-57.0
 20
-70.0
 30
748.0
 10
-58.28740471726855
 20
-64.35951139147174
 30
748.0
 10
-61.89463257583646
 20
-59.836190727915614
 30
748.0
 10
-67.10722785856791
 20
-57.325937141636295
 30
748.0
 10
-72.89277214143209
 20
-57.325937141636295
 30
748.0
 10
-78.10536742416353
 20
-59.83619072791561
 30
748.0
 10
-81.71259528273144
 20
-64.35951139147174
 30
748.0
 10
-83.0
 20
-70.0
 30
748.0
 10
-81.71259528273146
 20
-75.64048860852826
 30
748.0
 10
-78.10536742416353
 20
-80.16380927208439
 30
748.0
 10
-72.89277214143209
 20
-82.67406285836371
 30
748.0
 10
-67.10722785856792
 20
-82.67406285836371
 30
748.0
 10
-61.89463257583647
 20
-80.16380927208439
 30
748.0
 10
-58.28740471726855
 20
-75.64048860852824
 30
748.0
 93
182
 90
3
 90
0
 90
3
 90
2
 90
3
 90
1
 90
16
 90
17
 90
4
 90
2
 90
3
 90
17
 90
16
 90
3
 90
0
 90
4
 90
3
 90
3
 90
1
 90
17
 90
18
 90
4
 90
3
 90
4
 90
18
 90
17
 90
3
 90
0
 90
5
 90
4
 90
3
 90
1
 90
18
 90
19
 90
4
 90
4
 90
5
 90
19
 90
18
 90
3
 90
0
 90
6
 90
5
 90
3
 90
1
 90
19
 90
20
 90
4
 90
5
 90
6
 90
20
 90
19
 90
3
 90
0
 90
7
 90
6
 90
3
 90
1
 90
20
 90
21
 90
4
 90
6
 90
7
 90
21
 90
20
 90
3
 90
0
 90
8
 90
7
 90
3
 90
1
 90
21
 90
22
 90
4
 90
7
 90
8
 90
22
 90
21
 90
3
 90
0
 90
9
 90
8
 90
3
 90
1
 90
22
 90
23
 90
4
 90
8
 90
9
 90
23
 90
22
 90
3
 90
0
 90
10
 90
9
 90
3
 90
1
 90
23
 90
24
 90
4
 90
9
 90
10
 90
24
 90
23
 90
3
 90
0
 90
11
 90
10
 90
3
 90
1
 90
24
 90
25
 90
4
 90
10
 90
11
 90
25
 90
24
 90
3
 90
0
 90
12
 90
11
 90
3
 90
1
 90
25
 90
26
 90
4
 90
11
 90
12
 90
26
 90
25
 90
3
 90
0
 90
13
 90
12
 90
3
 90
1
 90
26
 90
27
 90
4
 90
12
 90
13
 90
27
 90
26
 90
3
 90
0
 90
14
 90
13
 90
3
 90
1
 90
27
 90
28
 90
4
 90
13
 90
14
 90
28
 90
27
 90
3
 90
0
 90
15
 90
14
 90
3
 90
1
 90
28
 90
29
 90
4
 90
14
 90
15
 90
29
 90
28
 90
3
 90
0
 90
2
 90
15
 90
3
 90
1
 90
29
 90
16
 90
4
 90
15
 90
2
 90
16
 90
29
 94
0
 95
0
 90
0
  0
MESH
  5
11C
330
17
100
AcDbEntity
  8
DRONE
100
AcDbSubDMesh
 71
2
 72
0
 91
0
 92
38
 10
-70.0
 20
-70.0
 30
748.0
 10
-70.0
 20
-70.0
 30
751.0
 10
-5.0
 20
-70.0
 30
748.0
 10
-8.919979648915955
 20
-47.76869068383154
 30
748.0
 10
-20.20711119726643
 20
-28.21880537037495
 30
748.0
 10
-37.49999999999999
 20
-13.708348754011489
 30
748.0
 10
-58.71286845164953
 20
-5.987496054206474
 30
748.0
 10
-81.28713154835047
 20
-5.987496054206474
 30
748.0
 10
-102.49999999999999
 20
-13.708348754011482
 30
748.0
 10
-119.79288880273356
 20
-28.218805370374938
 30
748.0
 10
-131.08002035108404
 20
-47.76869068383152
 30
748.0
 10
-135.0
 20
-69.99999999999999
 30
748.0
 10
-131.08002035108404
 20
-92.23130931616846
 30
748.0
 10
-119.79288880273359
 20
-111.78119462962502
 30
748.0
 10
-102.50000000000003
 20
-126.2916512459885
 30
748.0
 10
-81.28713154835047
 20
-134.01250394579353
 30
748.0
 10
-58.712868451649555
 20
-134.01250394579353
 30
748.0
 10
-37.50000000000004
 20
-126.29165124598853
 30
748.0
 10
-20.207111197266443
 20
-111.78119462962508
 30
748.0
 10
-8.919979648915955
 20
-92.23130931616846
 30
748.0
 10
-5.0
 20
-70.0
 30
751.0
 10
-8.919979648915955
 20
-47.76869068383154
 30
751.0
 10
-20.20711119726643
 20
-28.21880537037495
 30
751.0
 10
-37.49999999999999
 20
-13.708348754011489
 30
751.0
 10
-58.71286845164953
 20
-5.987496054206474
 30
751.0
 10
-81.28713154835047
 20
-5.987496054206474
 30
751.0
 10
-102.49999999999999
 20
-13.708348754011482
 30
751.0
 10
-119.79288880273356
 20
-28.218805370374938
 30
751.0
 10
-131.08002035108404
 20
-47.76869068383152
 30
751.0
 10
-135.0
 20
-69.99999999999999
 30
751.0
 10
-131.08002035108404
 20
-92.23130931616846
 30
751.0
 10
-119.79288880273359
 20
-111.78119462962502
 30
751.0
 10
-102.50000000000003
 20
-126.2916512459885
 30
751.0
 10
-81.28713154835047
 20
-134.01250394579353
 30
751.0
 10
-58.712868451649555
 20
-134.01250394579353
 30
751.0
 10
-37.50000000000004
 20
-126.29165124598853
 30
751.0
 10
-20.207111197266443
 20
-111.78119462962508
 30
751.0
 10
-8.919979648915955
 20
-92.23130931616846
 30
751.0
 93
234
 90
3
 90
0
 90
3
 90
2
 90
3
 90
1
 90
20
 90
21
 90
4
 90
2
 90
3
 90
21
 90
20
 90
3
 90
0
 90
4
 90
3
 90
3
 90
1
 90
21
 90
22
 90
4
 90
3
 90
4
 90
22
 90
21
 90
3
 90
0
 90
5
 90
4
 90
3
 90
1
 90
22
 90
23
 90
4
 90
4
 90
5
 90
23
 90
22
 90
3
 90
0
 90
6
 90
5
 90
3
 90
1
 90
23
 90
24
 90
4
 90
5
 90
6
 90
24
 90
23
 90
3
 90
0
 90
7
 90
6
 90
3
 90
1
 90
24
 90
25
 90
4
 90
6
 90
7
 90
25
 90
24
 90
3
 90
0
 90
8
 90
7
 90
3
 90
1
 90
25
 90
26
 90
4
 90
7
 90
8
 90
26
 90
25
 90
3
 90
0
 90
9
 90
8
 90
3
 90
1
 90
26
 90
27
 90
4
 90
8
 90
9
 90
27
 90
26
 90
3
 90
0
 90
10
 90
9
 90
3
 90
1
 90
27
 90
28
 90
4
 90
9
 90
10
 90
28
 90
27
 90
3
 90
0
 90
11
 90
10
 90
3
 90
1
 90
28
 90
29
 90
4
 90
10
 90
11
 90
29
 90
28
 90
3
 90
0
 90
12
 90
11
 90
3
 90
1
 90
29
 90
30
 90
4
 90
11
 90
12
 90
30
 90
29
 90
3
 90
0
 90
13
 90
12
 90
3
 90
1
 90
30
 90
31
 90
4
 90
12
 90
13
 90
31
 90
30
 90
3
 90
0
 90
14
 90
13
 90
3
 90
1
 90
31
 90
32
 90
4
 90
13
 90
14
 90
32
 90
31
 90
3
 90
0
 90
15
 90
14
 90
3
 90
1
 90
32
 90
33
 90
4
 90
14
 90
15
 90
33
 90
32
 90
3
 90
0
 90
16
 90
15
 90
3
 90
1
 90
33
 90
34
 90
4
 90
15
 90
16
 90
34
 90
33
 90
3
 90
0
 90
17
 90
16
 90
3
 90
1
 90
34
 90
35
 90
4
 90
16
 90
17
 90
35
 90
34
 90
3
 90
0
 90
18
 90
17
 90
3
 90
1
 90
35
 90
36
 90
4
 90
17
 90
18
 90
36
 90
35
 90
3
 90
0
 90
19
 90
18
 90
3
 90
1
 90
36
 90
37
 90
4
 90
18
 90
19
 90
37
 90
36
 90
3
 90
0
 90
2
 90
19
 90
3
 90
1
 90
37
 90
20
 90
4
 90
19
 90
2
 90
20
 90
37
 94
0
 95
0
 90
0
  0
MESH
  5
11D
330
17
100
AcDbEntity
  8
DRONE
100
AcDbSubDMesh
 71
2
 72
0
 91
0
 92
8
 10
-210.0
 20
0.0
 30
722.0
 10
-140.0
 20
0.0
 30
722.0
 10
-140.0
 20
70.0
 30
722.0
 10
-210.0
 20
70.0
 30
722.0
 10
-210.0
 20
0.0
 30
729.0
 10
-140.0
 20
0.0
 30
729.0
 10
-140.0
 20
70.0
 30
729.0
 10
-210.0
 20
70.0
 30
729.0
 93
30
 90
4
 90
0
 90
3
 90
2
 90
1
 90
4
 90
4
 90
5
 90
6
 90
7
 90
4
 90
0
 90
1
 90
5
 90
4
 90
4
 90
1
 90
2
 90
6
 90
5
 90
4
 90
2
 90
3
 90
7
 90
6
 90
4
 90
3
 90
0
 90
4
 90
7
 94
0
 95
0
 90
0
  0
MESH
  5
11E
330
17
100
AcDbEntity
  8
DRONE
100
AcDbSubDMesh
 71
2
 72
0
 91
0
 92
30
 10
-210.0
 20
70.0
 30
726.0
 10
-210.0
 20
70.0
 30
748.0
 10
-197.0
 20
70.0
 30
726.0
 10
-198.28740471726854
 20
75.64048860852826
 30
726.0
 10
-201.89463257583645
 20
80.16380927208439
 30
726.0
 10
-207.1072278585679
 20
82.67406285836371
 30
726.0
 10
-212.8927721414321
 20
82.67406285836371
 30
726.0
 10
-218.10536742416355
 20
80.16380927208439
 30
726.0
 10
-221.71259528273146
 20
75.64048860852826
 30
726.0
 10
-223.0
 20
70.0
 30
726.0
 10
-221.71259528273146
 20
64.35951139147174
 30
726.0
 10
-218.10536742416355
 20
59.836190727915614
 30
726.0
 10
-212.8927721414321
 20
57.325937141636295
 30
726.0
 10
-207.10722785856794
 20
57.32593714163629
 30
726.0
 10
-201.89463257583645
 20
59.83619072791561
 30
726.0
 10
-198.28740471726854
 20
64.35951139147176
 30
726.0
 10
-197.0
 20
70.0
 30
748.0
 10
-198.28740471726854
 20
75.64048860852826
 30
748.0
 10
-201.89463257583645
 20
80.16380927208439
 30
748.0
 10
-207.1072278585679
 20
82.67406285836371
 30
748.0
 10
-212.8927721414321
 20
82.67406285836371
 30
748.0
 10
-218.10536742416355
 20
80.16380927208439
 30
748.0
 10
-221.71259528273146
 20
75.64048860852826
 30
748.0
 10
-223.0
 20
70.0
 30
748.0
 10
-221.71259528273146
 20
64.35951139147174
 30
748.0
 10
-218.10536742416355
 20
59.836190727915614
 30
748.0
 10
-212.8927721414321
 20
57.325937141636295
 30
748.0
 10
-207.10722785856794
 20
57.32593714163629
 30
748.0
 10
-201.89463257583645
 20
59.83619072791561
 30
748.0
 10
-198.28740471726854
 20
64.35951139147176
 30
748.0
 93
182
 90
3
 90
0
 90
3
 90
2
 90
3
 90
1
 90
16
 90
17
 90
4
 90
2
 90
3
 90
17
 90
16
 90
3
 90
0
 90
4
 90
3
 90
3
 90
1
 90
17
 90
18
 90
4
 90
3
 90
4
 90
18
 90
17
 90
3
 90
0
 90
5
 90
4
 90
3
 90
1
 90
18
 90
19
 90
4
 90
4
 90
5
 90
19
 90
18
 90
3
 90
0
 90
6
 90
5
 90
3
 90
1
 90
19
 90
20
 90
4
 90
5
 90
6
 90
20
 90
19
 90
3
 90
0
 90
7
 90
6
 90
3
 90
1
 90
20
 90
21
 90
4
 90
6
 90
7
 90
21
 90
20
 90
3
 90
0
 90
8
 90
7
 90
3
 90
1
 90
21
 90
22
 90
4
 90
7
 90
8
 90
22
 90
21
 90
3
 90
0
 90
9
 90
8
 90
3
 90
1
 90
22
 90
23
 90
4
 90
8
 90
9
 90
23
 90
22
 90
3
 90
0
 90
10
 90
9
 90
3
 90
1
 90
23
 90
24
 90
4
 90
9
 90
10
 90
24
 90
23
 90
3
 90
0
 90
11
 90
10
 90
3
 90
1
 90
24
 90
25
 90
4
 90
10
 90
11
 90
25
 90
24
 90
3
 90
0
 90
12
 90
11
 90
3
 90
1
 90
25
 90
26
 90
4
 90
11
 90
12
 90
26
 90
25
 90
3
 90
0
 90
13
 90
12
 90
3
 90
1
 90
26
 90
27
 90
4
 90
12
 90
13
 90
27
 90
26
 90
3
 90
0
 90
14
 90
13
 90
3
 90
1
 90
27
 90
28
 90
4
 90
13
 90
14
 90
28
 90
27
 90
3
 90
0
 90
15
 90
14
 90
3
 90
1
 90
28
 90
29
 90
4
 90
14
 90
15
 90
29
 90
28
 90
3
 90
0
 90
2
 90
15
 90
3
 90
1
 90
29
 90
16
 90
4
 90
15
 90
2
 90
16
 90
29
 94
0
 95
0
 90
0
  0
MESH
  5
11F
330
17
100
AcDbEntity
  8
DRONE
100
AcDbSubDMesh
 71
2
 72
0
 91
0
 92
38
 10
-210.0
 20
70.0
 30
748.0
 10
-210.0
 20
70.0
 30
751.0
 10
-145.0
 20
70.0
 30
748.0
 10
-148.91997964891596
 20
92.23130931616846
 30
748.0
 10
-160.20711119726644
 20
111.78119462962505
 30
748.0
 10
-177.5
 20
126.2916512459885
 30
748.0
 10
-198.7128684516495
 20
134.01250394579353
 30
748.0
 10
-221.28713154835046
 20
134.01250394579353
 30
748.0
 10
-242.5
 20
126.29165124598852
 30
748.0
 10
-259.79288880273356
 20
111.78119462962506
 30
748.0
 10
-271.08002035108404
 20
92.23130931616848
 30
748.0
 10
-275.0
 20
70.00000000000001
 30
748.0
 10
-271.08002035108404
 20
47.76869068383154
 30
748.0
 10
-259.7928888027336
 20
28.218805370374973
 30
748.0
 10
-242.50000000000003
 20
13.708348754011496
 30
748.0
 10
-221.28713154835046
 20
5.987496054206474
 30
748.0
 10
-198.71286845164954
 20
5.987496054206474
 30
748.0
 10
-177.50000000000006
 20
13.70834875401146
 30
748.0
 10
-160.20711119726644
 20
28.21880537037493
 30
748.0
 10
-148.91997964891596
 20
47.76869068383154
 30
748.0
 10
-145.0
 20
70.0
 30
751.0
 10
-148.91997964891596
 20
92.23130931616846
 30
751.0
 10
-160.20711119726644
 20
111.78119462962505
 30
751.0
 10
-177.5
 20
126.2916512459885
 30
751.0
 10
-198.7128684516495
 20
134.01250394579353
 30
751.0
 10
-221.28713154835046
 20
134.01250394579353
 30
751.0
 10
-242.5
 20
126.29165124598852
 30
751.0
 10
-259.79288880273356
 20
111.78119462962506
 30
751.0
 10
-271.08002035108404
 20
92.23130931616848
 30
751.0
 10
-275.0
 20
70.00000000000001
 30
751.0
 10
-271.08002035108404
 20
47.76869068383154
 30
751.0
 10
-259.7928888027336
 20
28.218805370374973
 30
751.0
 10
-242.50000000000003
 20
13.708348754011496
 30
751.0
 10
-221.28713154835046
 20
5.987496054206474
 30
751.0
 10
-198.71286845164954
 20
5.987496054206474
 30
751.0
 10
-177.50000000000006
 20
13.70834875401146
 30
751.0
 10
-160.20711119726644
 20
28.21880537037493
 30
751.0
 10
-148.91997964891596
 20
47.76869068383154
 30
751.0
 93
234
 90
3
 90
0
 90
3
 90
2
 90
3
 90
1
 90
20
 90
21
 90
4
 90
2
 90
3
 90
21
 90
20
 90
3
 90
0
 90
4
 90
3
 90
3
 90
1
 90
21
 90
22
 90
4
 90
3
 90
4
 90
22
 90
21
 90
3
 90
0
 90
5
 90
4
 90
3
 90
1
 90
22
 90
23
 90
4
 90
4
 90
5
 90
23
 90
22
 90
3
 90
0
 90
6
 90
5
 90
3
 90
1
 90
23
 90
24
 90
4
 90
5
 90
6
 90
24
 90
23
 90
3
 90
0
 90
7
 90
6
 90
3
 90
1
 90
24
 90
25
 90
4
 90
6
 90
7
 90
25
 90
24
 90
3
 90
0
 90
8
 90
7
 90
3
 90
1
 90
25
 90
26
 90
4
 90
7
 90
8
 90
26
 90
25
 90
3
 90
0
 90
9
 90
8
 90
3
 90
1
 90
26
 90
27
 90
4
 90
8
 90
9
 90
27
 90
26
 90
3
 90
0
 90
10
 90
9
 90
3
 90
1
 90
27
 90
28
 90
4
 90
9
 90
10
 90
28
 90
27
 90
3
 90
0
 90
11
 90
10
 90
3
 90
1
 90
28
 90
29
 90
4
 90
10
 90
11
 90
29
 90
28
 90
3
 90
0
 90
12
 90
11
 90
3
 90
1
 90
29
 90
30
 90
4
 90
11
 90
12
 90
30
 90
29
 90
3
 90
0
 90
13
 90
12
 90
3
 90
1
 90
30
 90
31
 90
4
 90
12
 90
13
 90
31
 90
30
 90
3
 90
0
 90
14
 90
13
 90
3
 90
1
 90
31
 90
32
 90
4
 90
13
 90
14
 90
32
 90
31
 90
3
 90
0
 90
15
 90
14
 90
3
 90
1
 90
32
 90
33
 90
4
 90
14
 90
15
 90
33
 90
32
 90
3
 90
0
 90
16
 90
15
 90
3
 90
1
 90
33
 90
34
 90
4
 90
15
 90
16
 90
34
 90
33
 90
3
 90
0
 90
17
 90
16
 90
3
 90
1
 90
34
 90
35
 90
4
 90
16
 90
17
 90
35
 90
34
 90
3
 90
0
 90
18
 90
17
 90
3
 90
1
 90
35
 90
36
 90
4
 90
17
 90
18
 90
36
 90
35
 90
3
 90
0
 90
19
 90
18
 90
3
 90
1
 90
36
 90
37
 90
4
 90
18
 90
19
 90
37
 90
36
 90
3
 90
0
 90
2
 90
19
 90
3
 90
1
 90
37
 90
20
 90
4
 90
19
 90
2
 90
20
 90
37
 94
0
 95
0
 90
0
  0
MESH
  5
120
330
17
100
AcDbEntity
  8
DRONE
100
AcDbSubDMesh
 71
2
 72
0
 91
0
 92
8
 10
-210.0
 20
-70.0
 30
722.0
 10
-140.0
 20
-70.0
 30
722.0
 10
-140.0
 20
0.0
 30
722.0
 10
-210.0
 20
0.0
 30
722.0
 10
-210.0
 20
-70.0
 30
729.0
 10
-140.0
 20
-70.0
 30
729.0
 10
-140.0
 20
0.0
 30
729.0
 10
-210.0
 20
0.0
 30
729.0
 93
30
 90
4
 90
0
 90
3
 90
2
 90
1
 90
4
 90
4
 90
5
 90
6
 90
7
 90
4
 90
0
 90
1
 90
5
 90
4
 90
4
 90
1
 90
2
 90
6
 90
5
 90
4
 90
2
 90
3
 90
7
 90
6
 90
4
 90
3
 90
0
 90
4
 90
7
 94
0
 95
0
 90
0
  0
MESH
  5
121
330
17
100
AcDbEntity
  8
DRONE
100
AcDbSubDMesh
 71
2
 72
0
 91
0
 92
30
 10
-210.0
 20
-70.0
 30
726.0
 10
-210.0
 20
-70.0
 30
748.0
 10
-197.0
 20
-70.0
 30
726.0
 10
-198.28740471726854
 20
-64.35951139147174
 30
726.0
 10
-201.89463257583645
 20
-59.836190727915614
 30
726.0
 10
-207.1072278585679
 20
-57.325937141636295
 30
726.0
 10
-212.8927721414321
 20
-57.325937141636295
 30
726.0
 10
-218.10536742416355
 20
-59.83619072791561
 30
726.0
 10
-221.71259528273146
 20
-64.35951139147174
 30
726.0
 10
-223.0
 20
-70.0
 30
726.0
 10
-221.71259528273146
 20
-75.64048860852826
 30
726.0
 10
-218.10536742416355
 20
-80.16380927208439
 30
726.0
 10
-212.8927721414321
 20
-82.67406285836371
 30
726.0
 10
-207.10722785856794
 20
-82.67406285836371
 30
726.0
 10
-201.89463257583645
 20
-80.16380927208439
 30
726.0
 10
-198.28740471726854
 20
-75.64048860852824
 30
726.0
 10
-197.0
 20
-70.0
 30
748.0
 10
-198.28740471726854
 20
-64.35951139147174
 30
748.0
 10
-201.89463257583645
 20
-59.836190727915614
 30
748.0
 10
-207.1072278585679
 20
-57.325937141636295
 30
748.0
 10
-212.8927721414321
 20
-57.325937141636295
 30
748.0
 10
-218.10536742416355
 20
-59.83619072791561
 30
748.0
 10
-221.71259528273146
 20
-64.35951139147174
 30
748.0
 10
-223.0
 20
-70.0
 30
748.0
 10
-221.71259528273146
 20
-75.64048860852826
 30
748.0
 10
-218.10536742416355
 20
-80.16380927208439
 30
748.0
 10
-212.8927721414321
 20
-82.67406285836371
 30
748.0
 10
-207.10722785856794
 20
-82.67406285836371
 30
748.0
 10
-201.89463257583645
 20
-80.16380927208439
 30
748.0
 10
-198.28740471726854
 20
-75.64048860852824
 30
748.0
 93
182
 90
3
 90
0
 90
3
 90
2
 90
3
 90
1
 90
16
 90
17
 90
4
 90
2
 90
3
 90
17
 90
16
 90
3
 90
0
 90
4
 90
3
 90
3
 90
1
 90
17
 90
18
 90
4
 90
3
 90
4
 90
18
 90
17
 90
3
 90
0
 90
5
 90
4
 90
3
 90
1
 90
18
 90
19
 90
4
 90
4
 90
5
 90
19
 90
18
 90
3
 90
0
 90
6
 90
5
 90
3
 90
1
 90
19
 90
20
 90
4
 90
5
 90
6
 90
20
 90
19
 90
3
 90
0
 90
7
 90
6
 90
3
 90
1
 90
20
 90
21
 90
4
 90
6
 90
7
 90
21
 90
20
 90
3
 90
0
 90
8
 90
7
 90
3
 90
1
 90
21
 90
22
 90
4
 90
7
 90
8
 90
22
 90
21
 90
3
 90
0
 90
9
 90
8
 90
3
 90
1
 90
22
 90
23
 90
4
 90
8
 90
9
 90
23
 90
22
 90
3
 90
0
 90
10
 90
9
 90
3
 90
1
 90
23
 90
24
 90
4
 90
9
 90
10
 90
24
 90
23
 90
3
 90
0
 90
11
 90
10
 90
3
 90
1
 90
24
 90
25
 90
4
 90
10
 90
11
 90
25
 90
24
 90
3
 90
0
 90
12
 90
11
 90
3
 90
1
 90
25
 90
26
 90
4
 90
11
 90
12
 90
26
 90
25
 90
3
 90
0
 90
13
 90
12
 90
3
 90
1
 90
26
 90
27
 90
4
 90
12
 90
13
 90
27
 90
26
 90
3
 90
0
 90
14
 90
13
 90
3
 90
1
 90
27
 90
28
 90
4
 90
13
 90
14
 90
28
 90
27
 90
3
 90
0
 90
15
 90
14
 90
3
 90
1
 90
28
 90
29
 90
4
 90
14
 90
15
 90
29
 90
28
 90
3
 90
0
 90
2
 90
15
 90
3
 90
1
 90
29
 90
16
 90
4
 90
15
 90
2
 90
16
 90
29
 94
0
 95
0
 90
0
  0
MESH
  5
122
330
17
100
AcDbEntity
  8
DRONE
100
AcDbSubDMesh
 71
2
 72
0
 91
0
 92
38
 10
-210.0
 20
-70.0
 30
748.0
 10
-210.0
 20
-70.0
 30
751.0
 10
-145.0
 20
-70.0
 30
748.0
 10
-148.91997964891596
 20
-47.76869068383154
 30
748.0
 10
-160.20711119726644
 20
-28.21880537037495
 30
748.0
 10
-177.5
 20
-13.708348754011489
 30
748.0
 10
-198.7128684516495
 20
-5.987496054206474
 30
748.0
 10
-221.28713154835046
 20
-5.987496054206474
 30
748.0
 10
-242.5
 20
-13.708348754011482
 30
748.0
 10
-259.79288880273356
 20
-28.218805370374938
 30
748.0
 10
-271.08002035108404
 20
-47.76869068383152
 30
748.0
 10
-275.0
 20
-69.99999999999999
 30
748.0
 10
-271.08002035108404
 20
-92.23130931616846
 30
748.0
 10
-259.7928888027336
 20
-111.78119462962502
 30
748.0
 10
-242.50000000000003
 20
-126.2916512459885
 30
748.0
 10
-221.28713154835046
 20
-134.01250394579353
 30
748.0
 10
-198.71286845164954
 20
-134.01250394579353
 30
748.0
 10
-177.50000000000006
 20
-126.29165124598853
 30
748.0
 10
-160.20711119726644
 20
-111.78119462962508
 30
748.0
 10
-148.91997964891596
 20
-92.23130931616846
 30
748.0
 10
-145.0
 20
-70.0
 30
751.0
 10
-148.91997964891596
 20
-47.76869068383154
 30
751.0
 10
-160.20711119726644
 20
-28.21880537037495
 30
751.0
 10
-177.5
 20
-13.708348754011489
 30
751.0
 10
-198.7128684516495
 20
-5.987496054206474
 30
751.0
 10
-221.28713154835046
 20
-5.987496054206474
 30
751.0
 10
-242.5
 20
-13.708348754011482
 30
751.0
 10
-259.79288880273356
 20
-28.218805370374938
 30
751.0
 10
-271.08002035108404
 20
-47.76869068383152
 30
751.0
 10
-275.0
 20
-69.99999999999999
 30
751.0
 10
-271.08002035108404
 20
-92.23130931616846
 30
751.0
 10
-259.7928888027336
 20
-111.78119462962502
 30
751.0
 10
-242.50000000000003
 20
-126.2916512459885
 30
751.0
 10
-221.28713154835046
 20
-134.01250394579353
 30
751.0
 10
-198.71286845164954
 20
-134.01250394579353
 30
751.0
 10
-177.50000000000006
 20
-126.29165124598853
 30
751.0
 10
-160.20711119726644
 20
-111.78119462962508
 30
751.0
 10
-148.91997964891596
 20
-92.23130931616846
 30
751.0
 93
234
 90
3
 90
0
 90
3
 90
2
 90
3
 90
1
 90
20
 90
21
 90
4
 90
2
 90
3
 90
21
 90
20
 90
3
 90
0
 90
4
 90
3
 90
3
 90
1
 90
21
 90
22
 90
4
 90
3
 90
4
 90
22
 90
21
 90
3
 90
0
 90
5
 90
4
 90
3
 90
1
 90
22
 90
23
 90
4
 90
4
 90
5
 90
23
 90
22
 90
3
 90
0
 90
6
 90
5
 90
3
 90
1
 90
23
 90
24
 90
4
 90
5
 90
6
 90
24
 90
23
 90
3
 90
0
 90
7
 90
6
 90
3
 90
1
 90
24
 90
25
 90
4
 90
6
 90
7
 90
25
 90
24
 90
3
 90
0
 90
8
 90
7
 90
3
 90
1
 90
25
 90
26
 90
4
 90
7
 90
8
 90
26
 90
25
 90
3
 90
0
 90
9
 90
8
 90
3
 90
1
 90
26
 90
27
 90
4
 90
8
 90
9
 90
27
 90
26
 90
3
 90
0
 90
10
 90
9
 90
3
 90
1
 90
27
 90
28
 90
4
 90
9
 90
10
 90
28
 90
27
 90
3
 90
0
 90
11
 90
10
 90
3
 90
1
 90
28
 90
29
 90
4
 90
10
 90
11
 90
29
 90
28
 90
3
 90
0
 90
12
 90
11
 90
3
 90
1
 90
29
 90
30
 90
4
 90
11
 90
12
 90
30
 90
29
 90
3
 90
0
 90
13
 90
12
 90
3
 90
1
 90
30
 90
31
 90
4
 90
12
 90
13
 90
31
 90
30
 90
3
 90
0
 90
14
 90
13
 90
3
 90
1
 90
31
 90
32
 90
4
 90
13
 90
14
 90
32
 90
31
 90
3
 90
0
 90
15
 90
14
 90
3
 90
1
 90
32
 90
33
 90
4
 90
14
 90
15
 90
33
 90
32
 90
3
 90
0
 90
16
 90
15
 90
3
 90
1
 90
33
 90
34
 90
4
 90
15
 90
16
 90
34
 90
33
 90
3
 90
0
 90
17
 90
16
 90
3
 90
1
 90
34
 90
35
 90
4
 90
16
 90
17
 90
35
 90
34
 90
3
 90
0
 90
18
 90
17
 90
3
 90
1
 90
35
 90
36
 90
4
 90
17
 90
18
 90
36
 90
35
 90
3
 90
0
 90
19
 90
18
 90
3
 90
1
 90
36
 90
37
 90
4
 90
18
 90
19
 90
37
 90
36
 90
3
 90
0
 90
2
 90
19
 90
3
 90
1
 90
37
 90
20
 90
4
 90
19
 90
2
 90
20
 90
37
 94
0
 95
0
 90
0
  0
MESH
  5
123
330
17
100
AcDbEntity
  8
CAMERA
100
AcDbSubDMesh
 71
2
 72
0
 91
0
 92
26
 10
-92.0
 20
0.0
 30
700.0
 10
-92.0
 20
0.0
 30
720.0
 10
-82.0
 20
0.0
 30
700.0
 10
-83.33974596215562
 20
4.999999999999999
 30
700.0
 10
-87.0
 20
8.660254037844386
 30
700.0
 10
-92.0
 20
10.0
 30
700.0
 10
-97.0
 20
8.660254037844387
 30
700.0
 10
-100.66025403784438
 20
4.999999999999999
 30
700.0
 10
-102.0
 20
1.2246467991473533e-15
 30
700.0
 10
-100.6602540378444
 20
-4.999999999999997
 30
700.0
 10
-97.0
 20
-8.660254037844386
 30
700.0
 10
-92.0
 20
-10.0
 30
700.0
 10
-87.0
 20
-8.660254037844386
 30
700.0
 10
-83.33974596215562
 20
-5.000000000000004
 30
700.0
 10
-82.0
 20
0.0
 30
720.0
 10
-83.33974596215562
 20
4.999999999999999
 30
720.0
 10
-87.0
 20
8.660254037844386
 30
720.0
 10
-92.0
 20
10.0
 30
720.0
 10
-97.0
 20
8.660254037844387
 30
720.0
 10
-100.66025403784438
 20
4.999999999999999
 30
720.0
 10
-102.0
 20
1.2246467991473533e-15
 30
720.0
 10
-100.6602540378444
 20
-4.999999999999997
 30
720.0
 10
-97.0
 20
-8.660254037844386
 30
720.0
 10
-92.0
 20
-10.0
 30
720.0
 10
-87.0
 20
-8.660254037844386
 30
720.0
 10
-83.33974596215562
 20
-5.000000000000004
 30
720.0
 93
156
 90
3
 90
0
 90
3
 90
2
 90
3
 90
1
 90
14
 90
15
 90
4
 90
2
 90
3
 90
15
 90
14
 90
3
 90
0
 90
4
 90
3
 90
3
 90
1
 90
15
 90
16
 90
4
 90
3
 90
4
 90
16
 90
15
 90
3
 90
0
 90
5
 90
4
 90
3
 90
1
 90
16
 90
17
 90
4
 90
4
 90
5
 90
17
 90
16
 90
3
 90
0
 90
6
 90
5
 90
3
 90
1
 90
17
 90
18
 90
4
 90
5
 90
6
 90
18
 90
17
 90
3
 90
0
 90
7
 90
6
 90
3
 90
1
 90
18
 90
19
 90
4
 90
6
 90
7
 90
19
 90
18
 90
3
 90
0
 90
8
 90
7
 90
3
 90
1
 90
19
 90
20
 90
4
 90
7
 90
8
 90
20
 90
19
 90
3
 90
0
 90
9
 90
8
 90
3
 90
1
 90
20
 90
21
 90
4
 90
8
 90
9
 90
21
 90
20
 90
3
 90
0
 90
10
 90
9
 90
3
 90
1
 90
21
 90
22
 90
4
 90
9
 90
10
 90
22
 90
21
 90
3
 90
0
 90
11
 90
10
 90
3
 90
1
 90
22
 90
23
 90
4
 90
10
 90
11
 90
23
 90
22
 90
3
 90
0
 90
12
 90
11
 90
3
 90
1
 90
23
 90
24
 90
4
 90
11
 90
12
 90
24
 90
23
 90
3
 90
0
 90
13
 90
12
 90
3
 90
1
 90
24
 90
25
 90
4
 90
12
 90
13
 90
25
 90
24
 90
3
 90
0
 90
2
 90
13
 90
3
 90
1
 90
25
 90
14
 90
4
 90
13
 90
2
 90
14
 90
25
 94
0
 95
0
 90
0
  0
MESH
  5
124
330
17
100
AcDbEntity
  8
SOIL_PROBE
100
AcDbSubDMesh
 71
2
 72
0
 91
0
 92
8
 10
65.0
 20
45.0
 30
240.0
 10
95.0
 20
45.0
 30
240.0
 10
95.0
 20
75.0
 30
240.0
 10
65.0
 20
75.0
 30
240.0
 10
65.0
 20
45.0
 30
450.0
 10
95.0
 20
45.0
 30
450.0
 10
95.0
 20
75.0
 30
450.0
 10
65.0
 20
75.0
 30
450.0
 93
30
 90
4
 90
0
 90
3
 90
2
 90
1
 90
4
 90
4
 90
5
 90
6
 90
7
 90
4
 90
0
 90
1
 90
5
 90
4
 90
4
 90
1
 90
2
 90
6
 90
5
 90
4
 90
2
 90
3
 90
7
 90
6
 90
4
 90
3
 90
0
 90
4
 90
7
 94
0
 95
0
 90
0
  0
MESH
  5
125
330
17
100
AcDbEntity
  8
MOTORS
100
AcDbSubDMesh
 71
2
 72
0
 91
0
 92
8
 10
60.0
 20
40.0
 30
450.0
 10
100.0
 20
40.0
 30
450.0
 10
100.0
 20
80.0
 30
450.0
 10
60.0
 20
80.0
 30
450.0
 10
60.0
 20
40.0
 30
505.0
 10
100.0
 20
40.0
 30
505.0
 10
100.0
 20
80.0
 30
505.0
 10
60.0
 20
80.0
 30
505.0
 93
30
 90
4
 90
0
 90
3
 90
2
 90
1
 90
4
 90
4
 90
5
 90
6
 90
7
 90
4
 90
0
 90
1
 90
5
 90
4
 90
4
 90
1
 90
2
 90
6
 90
5
 90
4
 90
2
 90
3
 90
7
 90
6
 90
4
 90
3
 90
0
 90
4
 90
7
 94
0
 95
0
 90
0
  0
MESH
  5
126
330
17
100
AcDbEntity
  8
SOIL_PROBE
100
AcDbSubDMesh
 71
2
 72
0
 91
0
 92
22
 10
80.0
 20
60.0
 30
220.0
 10
80.0
 20
60.0
 30
450.0
 10
85.0
 20
60.0
 30
220.0
 10
84.04508497187474
 20
62.93892626146236
 30
220.0
 10
81.54508497187474
 20
64.75528258147577
 30
220.0
 10
78.45491502812526
 20
64.75528258147577
 30
220.0
 10
75.95491502812527
 20
62.93892626146236
 30
220.0
 10
75.0
 20
60.0
 30
220.0
 10
75.95491502812526
 20
57.06107373853764
 30
220.0
 10
78.45491502812526
 20
55.24471741852423
 30
220.0
 10
81.54508497187473
 20
55.24471741852423
 30
220.0
 10
84.04508497187473
 20
57.06107373853763
 30
220.0
 10
85.0
 20
60.0
 30
450.0
 10
84.04508497187474
 20
62.93892626146236
 30
450.0
 10
81.54508497187474
 20
64.75528258147577
 30
450.0
 10
78.45491502812526
 20
64.75528258147577
 30
450.0
 10
75.95491502812527
 20
62.93892626146236
 30
450.0
 10
75.0
 20
60.0
 30
450.0
 10
75.95491502812526
 20
57.06107373853764
 30
450.0
 10
78.45491502812526
 20
55.24471741852423
 30
450.0
 10
81.54508497187473
 20
55.24471741852423
 30
450.0
 10
84.04508497187473
 20
57.06107373853763
 30
450.0
 93
130
 90
3
 90
0
 90
3
 90
2
 90
3
 90
1
 90
12
 90
13
 90
4
 90
2
 90
3
 90
13
 90
12
 90
3
 90
0
 90
4
 90
3
 90
3
 90
1
 90
13
 90
14
 90
4
 90
3
 90
4
 90
14
 90
13
 90
3
 90
0
 90
5
 90
4
 90
3
 90
1
 90
14
 90
15
 90
4
 90
4
 90
5
 90
15
 90
14
 90
3
 90
0
 90
6
 90
5
 90
3
 90
1
 90
15
 90
16
 90
4
 90
5
 90
6
 90
16
 90
15
 90
3
 90
0
 90
7
 90
6
 90
3
 90
1
 90
16
 90
17
 90
4
 90
6
 90
7
 90
17
 90
16
 90
3
 90
0
 90
8
 90
7
 90
3
 90
1
 90
17
 90
18
 90
4
 90
7
 90
8
 90
18
 90
17
 90
3
 90
0
 90
9
 90
8
 90
3
 90
1
 90
18
 90
19
 90
4
 90
8
 90
9
 90
19
 90
18
 90
3
 90
0
 90
10
 90
9
 90
3
 90
1
 90
19
 90
20
 90
4
 90
9
 90
10
 90
20
 90
19
 90
3
 90
0
 90
11
 90
10
 90
3
 90
1
 90
20
 90
21
 90
4
 90
10
 90
11
 90
21
 90
20
 90
3
 90
0
 90
2
 90
11
 90
3
 90
1
 90
21
 90
12
 90
4
 90
11
 90
2
 90
12
 90
21
 94
0
 95
0
 90
0
  0
MESH
  5
127
330
17
100
AcDbEntity
  8
SOIL_PROBE
100
AcDbSubDMesh
 71
2
 72
0
 91
0
 92
8
 10
60.0
 20
50.0
 30
260.0
 10
100.0
 20
50.0
 30
260.0
 10
100.0
 20
90.0
 30
260.0
 10
60.0
 20
90.0
 30
260.0
 10
60.0
 20
50.0
 30
310.0
 10
100.0
 20
50.0
 30
310.0
 10
100.0
 20
90.0
 30
310.0
 10
60.0
 20
90.0
 30
310.0
 93
30
 90
4
 90
0
 90
3
 90
2
 90
1
 90
4
 90
4
 90
5
 90
6
 90
7
 90
4
 90
0
 90
1
 90
5
 90
4
 90
4
 90
1
 90
2
 90
6
 90
5
 90
4
 90
2
 90
3
 90
7
 90
6
 90
4
 90
3
 90
0
 90
4
 90
7
 94
0
 95
0
 90
0
  0
MESH
  5
128
330
17
100
AcDbEntity
  8
SOIL_PROBE
100
AcDbSubDMesh
 71
2
 72
0
 91
0
 92
26
 10
80.0
 20
70.0
 30
100.0
 10
80.0
 20
70.0
 30
260.0
 10
87.0
 20
70.0
 30
100.0
 10
86.06217782649107
 20
73.5
 30
100.0
 10
83.5
 20
76.06217782649107
 30
100.0
 10
80.0
 20
77.0
 30
100.0
 10
76.5
 20
76.06217782649107
 30
100.0
 10
73.93782217350893
 20
73.5
 30
100.0
 10
73.0
 20
70.0
 30
100.0
 10
73.93782217350893
 20
66.5
 30
100.0
 10
76.5
 20
63.937822173508934
 30
100.0
 10
80.0
 20
63.0
 30
100.0
 10
83.5
 20
63.93782217350893
 30
100.0
 10
86.06217782649107
 20
66.5
 30
100.0
 10
87.0
 20
70.0
 30
260.0
 10
86.06217782649107
 20
73.5
 30
260.0
 10
83.5
 20
76.06217782649107
 30
260.0
 10
80.0
 20
77.0
 30
260.0
 10
76.5
 20
76.06217782649107
 30
260.0
 10
73.93782217350893
 20
73.5
 30
260.0
 10
73.0
 20
70.0
 30
260.0
 10
73.93782217350893
 20
66.5
 30
260.0
 10
76.5
 20
63.937822173508934
 30
260.0
 10
80.0
 20
63.0
 30
260.0
 10
83.5
 20
63.93782217350893
 30
260.0
 10
86.06217782649107
 20
66.5
 30
260.0
 93
156
 90
3
 90
0
 90
3
 90
2
 90
3
 90
1
 90
14
 90
15
 90
4
 90
2
 90
3
 90
15
 90
14
 90
3
 90
0
 90
4
 90
3
 90
3
 90
1
 90
15
 90
16
 90
4
 90
3
 90
4
 90
16
 90
15
 90
3
 90
0
 90
5
 90
4
 90
3
 90
1
 90
16
 90
17
 90
4
 90
4
 90
5
 90
17
 90
16
 90
3
 90
0
 90
6
 90
5
 90
3
 90
1
 90
17
 90
18
 90
4
 90
5
 90
6
 90
18
 90
17
 90
3
 90
0
 90
7
 90
6
 90
3
 90
1
 90
18
 90
19
 90
4
 90
6
 90
7
 90
19
 90
18
 90
3
 90
0
 90
8
 90
7
 90
3
 90
1
 90
19
 90
20
 90
4
 90
7
 90
8
 90
20
 90
19
 90
3
 90
0
 90
9
 90
8
 90
3
 90
1
 90
20
 90
21
 90
4
 90
8
 90
9
 90
21
 90
20
 90
3
 90
0
 90
10
 90
9
 90
3
 90
1
 90
21
 90
22
 90
4
 90
9
 90
10
 90
22
 90
21
 90
3
 90
0
 90
11
 90
10
 90
3
 90
1
 90
22
 90
23
 90
4
 90
10
 90
11
 90
23
 90
22
 90
3
 90
0
 90
12
 90
11
 90
3
 90
1
 90
23
 90
24
 90
4
 90
11
 90
12
 90
24
 90
23
 90
3
 90
0
 90
13
 90
12
 90
3
 90
1
 90
24
 90
25
 90
4
 90
12
 90
13
 90
25
 90
24
 90
3
 90
0
 90
2
 90
13
 90
3
 90
1
 90
25
 90
14
 90
4
 90
13
 90
2
 90
14
 90
25
 94
0
 95
0
 90
0
  0
MESH
  5
129
330
17
100
AcDbEntity
  8
SENSORS
100
AcDbSubDMesh
 71
2
 72
0
 91
0
 92
30
 10
80.0
 20
70.0
 30
60.0
 10
80.0
 20
70.0
 30
100.0
 10
88.0
 20
70.0
 30
60.0
 10
87.20775094321935
 20
73.47106991294046
 30
60.0
 10
84.98791841486987
 20
76.25465185974424
 30
60.0
 10
81.78016747165051
 20
77.7994232974546
 30
60.0
 10
78.21983252834949
 20
77.7994232974546
 30
60.0
 10
75.01208158513013
 20
76.25465185974424
 30
60.0
 10
72.79224905678065
 20
73.47106991294046
 30
60.0
 10
72.0
 20
70.0
 30
60.0
 10
72.79224905678065
 20
66.52893008705954
 30
60.0
 10
75.01208158513013
 20
63.745348140255764
 30
60.0
 10
78.21983252834949
 20
62.20057670254541
 30
60.0
 10
81.7801674716505
 20
62.20057670254541
 30
60.0
 10
84.98791841486987
 20
63.74534814025576
 30
60.0
 10
87.20775094321935
 20
66.52893008705954
 30
60.0
 10
88.0
 20
70.0
 30
100.0
 10
87.20775094321935
 20
73.47106991294046
 30
100.0
 10
84.98791841486987
 20
76.25465185974424
 30
100.0
 10
81.78016747165051
 20
77.7994232974546
 30
100.0
 10
78.21983252834949
 20
77.7994232974546
 30
100.0
 10
75.01208158513013
 20
76.25465185974424
 30
100.0
 10
72.79224905678065
 20
73.47106991294046
 30
100.0
 10
72.0
 20
70.0
 30
100.0
 10
72.79224905678065
 20
66.52893008705954
 30
100.0
 10
75.01208158513013
 20
63.745348140255764
 30
100.0
 10
78.21983252834949
 20
62.20057670254541
 30
100.0
 10
81.7801674716505
 20
62.20057670254541
 30
100.0
 10
84.98791841486987
 20
63.74534814025576
 30
100.0
 10
87.20775094321935
 20
66.52893008705954
 30
100.0
 93
182
 90
3
 90
0
 90
3
 90
2
 90
3
 90
1
 90
16
 90
17
 90
4
 90
2
 90
3
 90
17
 90
16
 90
3
 90
0
 90
4
 90
3
 90
3
 90
1
 90
17
 90
18
 90
4
 90
3
 90
4
 90
18
 90
17
 90
3
 90
0
 90
5
 90
4
 90
3
 90
1
 90
18
 90
19
 90
4
 90
4
 90
5
 90
19
 90
18
 90
3
 90
0
 90
6
 90
5
 90
3
 90
1
 90
19
 90
20
 90
4
 90
5
 90
6
 90
20
 90
19
 90
3
 90
0
 90
7
 90
6
 90
3
 90
1
 90
20
 90
21
 90
4
 90
6
 90
7
 90
21
 90
20
 90
3
 90
0
 90
8
 90
7
 90
3
 90
1
 90
21
 90
22
 90
4
 90
7
 90
8
 90
22
 90
21
 90
3
 90
0
 90
9
 90
8
 90
3
 90
1
 90
22
 90
23
 90
4
 90
8
 90
9
 90
23
 90
22
 90
3
 90
0
 90
10
 90
9
 90
3
 90
1
 90
23
 90
24
 90
4
 90
9
 90
10
 90
24
 90
23
 90
3
 90
0
 90
11
 90
10
 90
3
 90
1
 90
24
 90
25
 90
4
 90
10
 90
11
 90
25
 90
24
 90
3
 90
0
 90
12
 90
11
 90
3
 90
1
 90
25
 90
26
 90
4
 90
11
 90
12
 90
26
 90
25
 90
3
 90
0
 90
13
 90
12
 90
3
 90
1
 90
26
 90
27
 90
4
 90
12
 90
13
 90
27
 90
26
 90
3
 90
0
 90
14
 90
13
 90
3
 90
1
 90
27
 90
28
 90
4
 90
13
 90
14
 90
28
 90
27
 90
3
 90
0
 90
15
 90
14
 90
3
 90
1
 90
28
 90
29
 90
4
 90
14
 90
15
 90
29
 90
28
 90
3
 90
0
 90
2
 90
15
 90
3
 90
1
 90
29
 90
16
 90
4
 90
15
 90
2
 90
16
 90
29
 94
0
 95
0
 90
0
  0
MESH
  5
12A
330
17
100
AcDbEntity
  8
BATTERY
100
AcDbSubDMesh
 71
2
 72
0
 91
0
 92
8
 10
-180.0
 20
-135.0
 30
425.0
 10
100.0
 20
-135.0
 30
425.0
 10
100.0
 20
135.0
 30
425.0
 10
-180.0
 20
135.0
 30
425.0
 10
-180.0
 20
-135.0
 30
485.0
 10
100.0
 20
-135.0
 30
485.0
 10
100.0
 20
135.0
 30
485.0
 10
-180.0
 20
135.0
 30
485.0
 93
30
 90
4
 90
0
 90
3
 90
2
 90
1
 90
4
 90
4
 90
5
 90
6
 90
7
 90
4
 90
0
 90
1
 90
5
 90
4
 90
4
 90
1
 90
2
 90
6
 90
5
 90
4
 90
2
 90
3
 90
7
 90
6
 90
4
 90
3
 90
0
 90
4
 90
7
 94
0
 95
0
 90
0
  0
MESH
  5
12B
330
17
100
AcDbEntity
  8
ELECTRONICS
100
AcDbSubDMesh
 71
2
 72
0
 91
0
 92
8
 10
-140.0
 20
-145.0
 30
495.0
 10
140.0
 20
-145.0
 30
495.0
 10
140.0
 20
145.0
 30
495.0
 10
-140.0
 20
145.0
 30
495.0
 10
-140.0
 20
-145.0
 30
565.0
 10
140.0
 20
-145.0
 30
565.0
 10
140.0
 20
145.0
 30
565.0
 10
-140.0
 20
145.0
 30
565.0
 93
30
 90
4
 90
0
 90
3
 90
2
 90
1
 90
4
 90
4
 90
5
 90
6
 90
7
 90
4
 90
0
 90
1
 90
5
 90
4
 90
4
 90
1
 90
2
 90
6
 90
5
 90
4
 90
2
 90
3
 90
7
 90
6
 90
4
 90
3
 90
0
 90
4
 90
7
 94
0
 95
0
 90
0
  0
MESH
  5
12C
330
17
100
AcDbEntity
  8
SAFETY
100
AcDbSubDMesh
 71
2
 72
0
 91
0
 92
30
 10
-335.0
 20
65.0
 30
530.0
 10
-335.0
 20
85.0
 30
530.0
 10
-317.0
 20
65.0
 30
530.0
 10
-318.78256037775645
 20
65.0
 30
537.809907304116
 10
-323.7771835665428
 20
65.0
 30
544.0729666844245
 10
-330.99462318878636
 20
65.0
 30
547.5487024192728
 10
-339.00537681121364
 20
65.0
 30
547.5487024192728
 10
-346.2228164334572
 20
65.0
 30
544.0729666844245
 10
-351.21743962224355
 20
65.0
 30
537.809907304116
 10
-353.0
 20
65.0
 30
530.0
 10
-351.21743962224355
 20
65.0
 30
522.190092695884
 10
-346.2228164334572
 20
65.0
 30
515.9270333155755
 10
-339.00537681121364
 20
65.0
 30
512.4512975807272
 10
-330.99462318878636
 20
65.0
 30
512.4512975807272
 10
-323.7771835665428
 20
65.0
 30
515.9270333155755
 10
-318.78256037775645
 20
65.0
 30
522.190092695884
 10
-317.0
 20
85.0
 30
530.0
 10
-318.78256037775645
 20
85.0
 30
537.809907304116
 10
-323.7771835665428
 20
85.0
 30
544.0729666844245
 10
-330.99462318878636
 20
85.0
 30
547.5487024192728
 10
-339.00537681121364
 20
85.0
 30
547.5487024192728
 10
-346.2228164334572
 20
85.0
 30
544.0729666844245
 10
-351.21743962224355
 20
85.0
 30
537.809907304116
 10
-353.0
 20
85.0
 30
530.0
 10
-351.21743962224355
 20
85.0
 30
522.190092695884
 10
-346.2228164334572
 20
85.0
 30
515.9270333155755
 10
-339.00537681121364
 20
85.0
 30
512.4512975807272
 10
-330.99462318878636
 20
85.0
 30
512.4512975807272
 10
-323.7771835665428
 20
85.0
 30
515.9270333155755
 10
-318.78256037775645
 20
85.0
 30
522.190092695884
 93
182
 90
3
 90
0
 90
3
 90
2
 90
3
 90
1
 90
16
 90
17
 90
4
 90
2
 90
3
 90
17
 90
16
 90
3
 90
0
 90
4
 90
3
 90
3
 90
1
 90
17
 90
18
 90
4
 90
3
 90
4
 90
18
 90
17
 90
3
 90
0
 90
5
 90
4
 90
3
 90
1
 90
18
 90
19
 90
4
 90
4
 90
5
 90
19
 90
18
 90
3
 90
0
 90
6
 90
5
 90
3
 90
1
 90
19
 90
20
 90
4
 90
5
 90
6
 90
20
 90
19
 90
3
 90
0
 90
7
 90
6
 90
3
 90
1
 90
20
 90
21
 90
4
 90
6
 90
7
 90
21
 90
20
 90
3
 90
0
 90
8
 90
7
 90
3
 90
1
 90
21
 90
22
 90
4
 90
7
 90
8
 90
22
 90
21
 90
3
 90
0
 90
9
 90
8
 90
3
 90
1
 90
22
 90
23
 90
4
 90
8
 90
9
 90
23
 90
22
 90
3
 90
0
 90
10
 90
9
 90
3
 90
1
 90
23
 90
24
 90
4
 90
9
 90
10
 90
24
 90
23
 90
3
 90
0
 90
11
 90
10
 90
3
 90
1
 90
24
 90
25
 90
4
 90
10
 90
11
 90
25
 90
24
 90
3
 90
0
 90
12
 90
11
 90
3
 90
1
 90
25
 90
26
 90
4
 90
11
 90
12
 90
26
 90
25
 90
3
 90
0
 90
13
 90
12
 90
3
 90
1
 90
26
 90
27
 90
4
 90
12
 90
13
 90
27
 90
26
 90
3
 90
0
 90
14
 90
13
 90
3
 90
1
 90
27
 90
28
 90
4
 90
13
 90
14
 90
28
 90
27
 90
3
 90
0
 90
15
 90
14
 90
3
 90
1
 90
28
 90
29
 90
4
 90
14
 90
15
 90
29
 90
28
 90
3
 90
0
 90
2
 90
15
 90
3
 90
1
 90
29
 90
16
 90
4
 90
15
 90
2
 90
16
 90
29
 94
0
 95
0
 90
0
  0
MESH
  5
12D
330
17
100
AcDbEntity
  8
SAFETY
100
AcDbSubDMesh
 71
2
 72
0
 91
0
 92
30
 10
-335.0
 20
-85.0
 30
530.0
 10
-335.0
 20
-65.0
 30
530.0
 10
-317.0
 20
-85.0
 30
530.0
 10
-318.78256037775645
 20
-85.0
 30
537.809907304116
 10
-323.7771835665428
 20
-85.0
 30
544.0729666844245
 10
-330.99462318878636
 20
-85.0
 30
547.5487024192728
 10
-339.00537681121364
 20
-85.0
 30
547.5487024192728
 10
-346.2228164334572
 20
-85.0
 30
544.0729666844245
 10
-351.21743962224355
 20
-85.0
 30
537.809907304116
 10
-353.0
 20
-85.0
 30
530.0
 10
-351.21743962224355
 20
-85.0
 30
522.190092695884
 10
-346.2228164334572
 20
-85.0
 30
515.9270333155755
 10
-339.00537681121364
 20
-85.0
 30
512.4512975807272
 10
-330.99462318878636
 20
-85.0
 30
512.4512975807272
 10
-323.7771835665428
 20
-85.0
 30
515.9270333155755
 10
-318.78256037775645
 20
-85.0
 30
522.190092695884
 10
-317.0
 20
-65.0
 30
530.0
 10
-318.78256037775645
 20
-65.0
 30
537.809907304116
 10
-323.7771835665428
 20
-65.0
 30
544.0729666844245
 10
-330.99462318878636
 20
-65.0
 30
547.5487024192728
 10
-339.00537681121364
 20
-65.0
 30
547.5487024192728
 10
-346.2228164334572
 20
-65.0
 30
544.0729666844245
 10
-351.21743962224355
 20
-65.0
 30
537.809907304116
 10
-353.0
 20
-65.0
 30
530.0
 10
-351.21743962224355
 20
-65.0
 30
522.190092695884
 10
-346.2228164334572
 20
-65.0
 30
515.9270333155755
 10
-339.00537681121364
 20
-65.0
 30
512.4512975807272
 10
-330.99462318878636
 20
-65.0
 30
512.4512975807272
 10
-323.7771835665428
 20
-65.0
 30
515.9270333155755
 10
-318.78256037775645
 20
-65.0
 30
522.190092695884
 93
182
 90
3
 90
0
 90
3
 90
2
 90
3
 90
1
 90
16
 90
17
 90
4
 90
2
 90
3
 90
17
 90
16
 90
3
 90
0
 90
4
 90
3
 90
3
 90
1
 90
17
 90
18
 90
4
 90
3
 90
4
 90
18
 90
17
 90
3
 90
0
 90
5
 90
4
 90
3
 90
1
 90
18
 90
19
 90
4
 90
4
 90
5
 90
19
 90
18
 90
3
 90
0
 90
6
 90
5
 90
3
 90
1
 90
19
 90
20
 90
4
 90
5
 90
6
 90
20
 90
19
 90
3
 90
0
 90
7
 90
6
 90
3
 90
1
 90
20
 90
21
 90
4
 90
6
 90
7
 90
21
 90
20
 90
3
 90
0
 90
8
 90
7
 90
3
 90
1
 90
21
 90
22
 90
4
 90
7
 90
8
 90
22
 90
21
 90
3
 90
0
 90
9
 90
8
 90
3
 90
1
 90
22
 90
23
 90
4
 90
8
 90
9
 90
23
 90
22
 90
3
 90
0
 90
10
 90
9
 90
3
 90
1
 90
23
 90
24
 90
4
 90
9
 90
10
 90
24
 90
23
 90
3
 90
0
 90
11
 90
10
 90
3
 90
1
 90
24
 90
25
 90
4
 90
10
 90
11
 90
25
 90
24
 90
3
 90
0
 90
12
 90
11
 90
3
 90
1
 90
25
 90
26
 90
4
 90
11
 90
12
 90
26
 90
25
 90
3
 90
0
 90
13
 90
12
 90
3
 90
1
 90
26
 90
27
 90
4
 90
12
 90
13
 90
27
 90
26
 90
3
 90
0
 90
14
 90
13
 90
3
 90
1
 90
27
 90
28
 90
4
 90
13
 90
14
 90
28
 90
27
 90
3
 90
0
 90
15
 90
14
 90
3
 90
1
 90
28
 90
29
 90
4
 90
14
 90
15
 90
29
 90
28
 90
3
 90
0
 90
2
 90
15
 90
3
 90
1
 90
29
 90
16
 90
4
 90
15
 90
2
 90
16
 90
29
 94
0
 95
0
 90
0
  0
ENDSEC
  0
SECTION
  2
OBJECTS
  0
DICTIONARY
  5
A
330
0
100
AcDbDictionary
281
1
  3
ACAD_COLOR
350
B
  3
ACAD_GROUP
350
C
  3
ACAD_LAYOUT
350
D
  3
ACAD_MATERIAL
350
E
  3
ACAD_MLEADERSTYLE
350
F
  3
ACAD_MLINESTYLE
350
10
  3
ACAD_PLOTSETTINGS
350
11
  3
ACAD_PLOTSTYLENAME
350
12
  3
ACAD_SCALELIST
350
14
  3
ACAD_TABLESTYLE
350
15
  3
ACAD_VISUALSTYLE
350
16
  3
EZDXF_META
350
2D
  0
DICTIONARY
  5
B
330
A
100
AcDbDictionary
281
1
  0
DICTIONARY
  5
C
330
A
100
AcDbDictionary
281
1
  0
DICTIONARY
  5
D
330
A
100
AcDbDictionary
281
1
  3
Model
350
1A
  3
Layout1
350
1E
  0
DICTIONARY
  5
E
330
A
100
AcDbDictionary
281
1
  3
ByBlock
350
1F
  3
ByLayer
350
20
  3
Global
350
21
  0
DICTIONARY
  5
F
330
A
100
AcDbDictionary
281
1
  3
Standard
350
2C
  0
DICTIONARY
  5
10
330
A
100
AcDbDictionary
281
1
  3
Standard
350
22
  0
DICTIONARY
  5
11
330
A
100
AcDbDictionary
281
1
  0
ACDBDICTIONARYWDFLT
  5
12
330
A
100
AcDbDictionary
281
1
  3
Normal
350
13
100
AcDbDictionaryWithDefault
340
13
  0
ACDBPLACEHOLDER
  5
13
330
12
  0
DICTIONARY
  5
14
330
A
100
AcDbDictionary
281
1
  0
DICTIONARY
  5
15
330
A
100
AcDbDictionary
281
1
  0
DICTIONARY
  5
16
330
A
100
AcDbDictionary
281
1
  0
LAYOUT
  5
1A
330
D
100
AcDbPlotSettings
  1

  4
A3
  6

 40
7.5
 41
20.0
 42
7.5
 43
20.0
 44
420.0
 45
297.0
 46
0.0
 47
0.0
 48
0.0
 49
0.0
140
0.0
141
0.0
142
1.0
143
1.0
 70
1024
 72
1
 73
0
 74
5
  7

 75
16
 76
0
 77
2
 78
300
147
1.0
148
0.0
149
0.0
100
AcDbLayout
  1
Model
 70
1
 71
0
 10
0.0
 20
0.0
 11
420.0
 21
297.0
 12
0.0
 22
0.0
 32
0.0
 14
1e+20
 24
1e+20
 34
1e+20
 15
-1e+20
 25
-1e+20
 35
-1e+20
146
0.0
 13
0.0
 23
0.0
 33
0.0
 16
1.0
 26
0.0
 36
0.0
 17
0.0
 27
1.0
 37
0.0
 76
1
330
17
  0
LAYOUT
  5
1E
330
D
100
AcDbPlotSettings
  1

  4
A3
  6

 40
7.5
 41
20.0
 42
7.5
 43
20.0
 44
420.0
 45
297.0
 46
0.0
 47
0.0
 48
0.0
 49
0.0
140
0.0
141
0.0
142
1.0
143
1.0
 70
0
 72
1
 73
0
 74
5
  7

 75
16
 76
0
 77
2
 78
300
147
1.0
148
0.0
149
0.0
100
AcDbLayout
  1
Layout1
 70
1
 71
1
 10
0.0
 20
0.0
 11
420.0
 21
297.0
 12
0.0
 22
0.0
 32
0.0
 14
1e+20
 24
1e+20
 34
1e+20
 15
-1e+20
 25
-1e+20
 35
-1e+20
146
0.0
 13
0.0
 23
0.0
 33
0.0
 16
1.0
 26
0.0
 36
0.0
 17
0.0
 27
1.0
 37
0.0
 76
1
330
1B
  0
MATERIAL
  5
1F
102
{ACAD_REACTORS
330
E
102
}
330
E
100
AcDbMaterial
  1
ByBlock
  2

 70
0
 40
1.0
 71
1
 41
1.0
 91
-1023410177
 42
1.0
 72
1
  3

 73
1
 74
1
 75
1
 44
0.5
 73
0
 45
1.0
 46
1.0
 77
1
  4

 78
1
 79
1
170
1
 48
1.0
171
1
  6

172
1
173
1
174
1
140
1.0
141
1.0
175
1
  7

176
1
177
1
178
1
143
1.0
179
1
  8

270
1
271
1
272
1
145
1.0
146
1.0
273
1
  9

274
1
275
1
276
1
 42
1.0
 72
1
  3

 73
1
 74
1
 75
1
 94
63
  0
MATERIAL
  5
20
102
{ACAD_REACTORS
330
E
102
}
330
E
100
AcDbMaterial
  1
ByLayer
  2

 70
0
 40
1.0
 71
1
 41
1.0
 91
-1023410177
 42
1.0
 72
1
  3

 73
1
 74
1
 75
1
 44
0.5
 73
0
 45
1.0
 46
1.0
 77
1
  4

 78
1
 79
1
170
1
 48
1.0
171
1
  6

172
1
173
1
174
1
140
1.0
141
1.0
175
1
  7

176
1
177
1
178
1
143
1.0
179
1
  8

270
1
271
1
272
1
145
1.0
146
1.0
273
1
  9

274
1
275
1
276
1
 42
1.0
 72
1
  3

 73
1
 74
1
 75
1
 94
63
  0
MATERIAL
  5
21
102
{ACAD_REACTORS
330
E
102
}
330
E
100
AcDbMaterial
  1
Global
  2

 70
0
 40
1.0
 71
1
 41
1.0
 91
-1023410177
 42
1.0
 72
1
  3

 73
1
 74
1
 75
1
 44
0.5
 73
0
 45
1.0
 46
1.0
 77
1
  4

 78
1
 79
1
170
1
 48
1.0
171
1
  6

172
1
173
1
174
1
140
1.0
141
1.0
175
1
  7

176
1
177
1
178
1
143
1.0
179
1
  8

270
1
271
1
272
1
145
1.0
146
1.0
273
1
  9

274
1
275
1
276
1
 42
1.0
 72
1
  3

 73
1
 74
1
 75
1
 94
63
  0
MLINESTYLE
  5
22
102
{ACAD_REACTORS
330
10
102
}
330
10
100
AcDbMlineStyle
  2
Standard
 70
0
  3

 62
256
 51
90.0
 52
90.0
 71
2
 49
0.5
 62
256
  6
BYLAYER
 49
-0.5
 62
256
  6
BYLAYER
  0
MLEADERSTYLE
  5
2C
102
{ACAD_REACTORS
330
F
102
}
330
F
100
AcDbMLeaderStyle
179
2
170
2
171
1
172
0
 90
2
 40
0.0
 41
0.0
173
1
 91
-1056964608
 92
-2
290
1
 42
2.0
291
1
 43
8.0
  3
Standard
 44
4.0
300

342
29
174
1
175
1
176
0
178
1
 93
-1056964608
 45
4.0
292
0
297
0
 46
4.0
 94
-1056964608
 47
1.0
 49
1.0
140
1.0
294
1
141
0.0
177
0
142
1.0
295
0
296
0
143
3.75
271
0
272
9
273
9
  0
DICTIONARY
  5
2D
330
A
100
AcDbDictionary
280
1
281
1
  3
CREATED_BY_EZDXF
350
2E
  3
WRITTEN_BY_EZDXF
350
130
  0
DICTIONARYVAR
  5
2E
330
2D
100
DictionaryVariables
280
0
  1
1.4.4 @ 2026-09-18T02:34:38.443000+00:00
  0
DICTIONARYVAR
  5
130
330
2D
100
DictionaryVariables
280
0
  1
1.4.4 @ 2026-09-18T02:34:38.464969+00:00
  0
ENDSEC
  0
EOF
